CustomerId,Surname,Gender,Age,Geography,IsActiveMember,HasPremiumMembership
1,Hargrave,Female,42,USA,1,1
2,Hill,Female,41,Canada,1,0
3,Onio,Female,42,USA,0,1
4,Boni,Female,39,USA,0,0
5,Mitchell,Female,43,Canada,1,1
6,Chu,Male,44,Canada,0,1
7,Bartlett,Male,50,USA,1,1
8,Obinna,Female,29,UK,0,1
9,He,Male,44,USA,1,0
10,Heisenberg,Male,27,USA,1,1
11,Bearce,Male,31,USA,0,0
12,Andrews,Male,24,Canada,0,1
13,Kay,Female,34,USA,0,1
14,Chin,Female,25,USA,0,0
15,Scott,Female,35,Canada,1,1
16,Goforth,Male,45,UK,1,0
17,Romeo,Male,58,UK,0,1
18,Henderson,Female,24,Canada,1,1
19,Muldrow,Male,45,Canada,0,0
20,Hao,Female,24,USA,1,1
21,McDonald,Male,41,USA,1,1
22,Dellucci,Female,32,Canada,0,1
23,Gerasimov,Female,38,Canada,0,1
24,Mosman,Male,46,USA,1,0
25,Yen,Female,38,USA,1,1
26,Maclean,Male,25,USA,1,0
27,Young,Male,36,UK,1,1
28,Nebechi,Male,44,USA,0,0
29,McWilliams,Female,43,UK,1,1
30,Lucciano,Male,29,USA,1,1
31,Azikiwe,Female,39,Canada,0,1
32,Odinakachukwu,Male,36,USA,1,0
33,Sanderson,Male,41,UK,0,0
34,Maggard,Female,42,Canada,1,1
35,Clements,Female,29,Canada,1,1
36,Lombardo,Female,45,USA,0,1
37,Watson,Male,31,Canada,1,0
38,Lorenzo,Male,33,Canada,1,0
39,Armstrong,Male,36,USA,1,1
40,Cameron,Male,41,UK,1,0
41,Hsiao,Male,40,Canada,0,1
42,Clarke,Female,51,USA,0,0
43,Osborne,Female,61,USA,1,1
44,Lavine,Female,49,USA,0,0
45,Bianchi,Female,61,Canada,1,1
46,Tyler,Female,32,UK,1,1
47,Martin,Female,27,UK,1,1
48,Okagbue,Female,39,UK,1,1
49,Yin,Male,38,UK,1,0
50,Buccho,Female,37,UK,0,1
51,Chidiebele,Male,44,UK,0,1
52,Trevisani,Male,36,UK,0,0
53,O'Brien,Female,33,USA,0,0
54,Parkhill,Male,41,UK,0,0
55,Yoo,Male,42,UK,0,1
56,Phillipps,Male,43,USA,1,1
57,Tsao,Male,45,USA,0,1
58,Endrizzi,Male,19,UK,0,0
59,T'ien,Female,66,Canada,0,1
60,Velazquez,Male,51,USA,1,1
61,Hunter,Male,35,UK,0,0
62,Clark,Female,27,UK,0,0
63,Jeffrey,Male,33,Canada,0,0
64,Pirozzi,Male,56,Canada,1,1
65,Jackson,Male,26,UK,1,1
66,Hammond,Female,36,UK,1,1
67,Brownless,Female,34,UK,0,1
68,Chibugo,Male,43,UK,1,1
69,Glauert,Female,35,UK,1,0
70,Pisano,Female,21,USA,0,1
71,Konovalova,Male,58,UK,0,1
72,McKee,Male,29,USA,0,1
73,Palermo,Female,37,Canada,1,0
74,Ballard,Female,25,UK,1,1
75,Wallace,Male,36,USA,1,0
76,Cavenagh,Female,21,USA,0,1
77,Hu,Male,55,USA,1,1
78,Read,Female,32,USA,1,1
79,Bushell,Male,33,Canada,1,0
80,Postle,Female,41,UK,0,1
81,Buley,Female,34,USA,0,0
82,Leonard,Female,32,USA,0,1
83,Mills,Female,36,USA,0,0
84,Onyeorulu,Female,34,USA,1,1
85,Beit,Female,46,USA,0,1
86,Ndukaku,Female,75,Canada,1,1
87,Gant,Male,22,Canada,0,1
88,Rowley,Male,30,USA,0,1
89,Sharpe,Female,46,USA,0,1
90,Osborne,Female,28,UK,1,1
91,Heap,Female,44,Canada,1,1
92,Ritchie,Male,45,USA,0,1
93,Cole,Female,36,USA,0,1
94,Capon,Male,29,USA,1,1
95,Capon,Male,42,Canada,1,0
96,Fiorentini,Male,35,Canada,1,0
97,Graham,Male,41,Canada,1,0
98,Yuille,Male,29,UK,1,1
99,Allard,Male,22,Canada,0,0
100,Fanucci,Male,34,USA,0,0
101,Fu,Female,40,USA,1,1
102,Hung,Female,44,USA,0,0
103,Hung,Male,31,USA,0,1
104,Bradley,Male,36,Canada,0,1
105,Dunbabin,Female,65,Canada,1,1
106,Mauldon,Female,46,Canada,1,1
107,Stiger,Male,32,UK,1,1
108,Parsons,Female,36,UK,1,0
109,Walkom,Male,33,Canada,0,0
110,T'ang,Male,35,UK,0,1
111,Eremenko,Male,30,UK,1,0
112,Rowntree,Male,39,UK,0,1
113,Thorpe,Male,42,USA,0,0
114,Chiemela,Male,36,Canada,1,0
115,Fanucci,Male,28,UK,1,0
116,Ko,Female,30,UK,1,1
117,Welch,Female,37,UK,0,1
118,Duncan,Female,41,USA,0,1
119,Chidozie,Female,31,UK,0,1
120,Wu,Male,34,UK,0,1
121,Culbreth,Male,34,USA,0,0
122,Kennedy,Male,39,Canada,0,0
123,Cameron,Female,39,USA,0,1
124,Calabresi,Female,48,UK,1,1
125,Zetticci,Female,28,USA,0,0
126,Fuller,Male,42,USA,0,1
127,MacDonald,Female,52,USA,1,0
128,Piccio,Male,56,UK,0,1
129,Kennedy,Female,41,USA,0,1
130,Fernie,Male,24,USA,0,1
131,He,Female,34,USA,1,1
132,Kaodilinakachukwu,Female,33,UK,1,1
133,Cocci,Male,38,USA,1,1
134,Alekseeva,Male,25,USA,1,0
135,Chinweike,Male,39,UK,1,1
136,Arthur,Female,50,UK,1,1
137,Li,Female,34,UK,1,0
138,Ma,Male,40,USA,1,0
139,Chia,Female,48,Canada,0,1
140,Vasin,Female,35,Canada,1,0
141,Groves,Male,44,UK,0,1
142,Tien,Male,34,USA,1,1
143,Forwood,Female,43,USA,1,1
144,Greeves,Male,52,Canada,0,1
145,Taylor,Female,31,USA,0,1
146,Madukwe,Female,21,Canada,1,1
147,Bennelong,Female,29,Canada,0,1
148,Olisanugo,Male,37,USA,0,0
149,Chukwufumnanya,Male,44,USA,0,1
150,Harris,Male,32,USA,1,0
151,Morgan,Female,32,Canada,0,1
152,Alexeeva,Female,48,USA,0,1
153,Metcalfe,Male,42,Canada,0,1
154,Humphries,Male,37,USA,0,1
155,Milne,Female,43,USA,1,1
156,Chou,Male,57,Canada,0,1
157,Li,Female,33,USA,0,0
158,Clayton,Female,28,Canada,1,1
159,Maclean,Female,73,USA,1,0
160,Chigolum,Female,33,UK,0,0
161,Wilkinson,Female,22,Canada,1,0
162,Wei,Male,30,USA,0,1
163,Treacy,Female,49,USA,0,0
164,Hu,Female,36,Canada,1,1
165,Taverner,Male,29,Canada,0,1
166,Sherman,Male,31,UK,1,1
167,Taubman,Female,24,UK,0,1
168,Robinson,Female,41,Canada,0,1
169,Pinto,Female,39,Canada,0,1
170,Wood,Male,24,UK,0,0
171,Hawkins,Female,29,USA,0,1
172,Sun,Male,27,UK,0,1
173,Yost,Male,44,UK,0,1
174,Ting,Male,30,USA,0,1
175,Rowe,Male,40,USA,1,1
176,Fu,Female,35,Canada,1,1
177,Ho,Female,30,USA,1,1
178,Okechukwu,Male,36,UK,0,0
179,Campbell,Female,40,Canada,1,0
180,Ashbolt,Female,55,UK,0,1
181,Rozier,Female,45,Canada,1,1
182,Hsia,Male,65,USA,1,1
183,Ogbonnaya,Female,45,UK,0,1
184,T'ang,Male,42,USA,1,1
185,Cocci,Female,50,USA,1,1
186,Chang,Male,32,USA,0,1
187,T'ao,Female,39,USA,0,1
188,Ford,Female,37,Canada,1,0
189,Marshall,Male,30,Canada,1,0
190,Tsai,Female,34,UK,0,1
191,Onwumelu,Female,41,USA,0,0
192,Graham,Female,36,USA,0,1
193,Golovanov,Male,40,USA,0,0
194,Potts,Male,32,USA,0,1
195,Crawford,Male,29,Canada,0,1
196,Aleshire,Male,35,USA,1,1
197,Moran,Female,32,Canada,1,1
198,Samsonova,Male,37,UK,1,1
199,Jenkins,Male,57,USA,1,1
200,Volkov,Male,35,USA,0,1
201,Chiemezie,Male,30,Canada,1,1
202,Jude,Male,42,USA,1,0
203,He,Male,50,Canada,1,0
204,Onuora,Female,38,USA,1,1
205,Ginikanwa,Male,33,Canada,0,1
206,Ku,Male,37,USA,1,1
207,McDonald,Female,41,Canada,0,0
208,Collins,Male,34,USA,1,1
209,Hackett,Male,45,USA,0,1
210,Dike,Male,45,USA,1,0
211,Trevisano,Male,33,UK,0,1
212,Tan,Male,31,USA,1,1
213,Glassman,Female,41,USA,0,0
214,Miller,Female,34,USA,1,1
215,Kornilova,Male,26,UK,0,0
216,Watson,Male,47,UK,1,0
217,Marchesi,Male,46,USA,0,1
218,Millar,Female,33,Canada,0,0
219,Shih,Male,43,USA,0,1
220,Fuller,Male,54,USA,1,1
221,Hay,Female,31,USA,1,1
222,Yang,Male,30,Canada,1,0
223,McIntyre,Male,42,USA,1,1
224,Stevenson,Male,33,USA,0,1
225,Poole,Male,45,UK,1,1
226,Bagley,Male,37,USA,0,1
227,Ch'ien,Female,30,USA,1,1
228,Cattaneo,Female,39,UK,1,1
229,O'Sullivan,Male,50,UK,0,1
230,Lucas,Female,29,UK,0,1
231,Ringrose,Male,72,USA,1,0
232,Freeman,Male,40,USA,0,1
233,Sergeyev,Female,37,USA,1,0
234,Fiore,Male,20,UK,1,0
235,Smith,Female,67,USA,1,0
236,Dumetochukwu,Male,42,UK,0,1
237,Pacheco,Female,29,USA,1,1
238,Synnot,Female,43,UK,0,1
239,Johnston,Female,46,USA,0,1
240,Stevens,Male,28,USA,1,0
241,Grant,Male,38,Canada,0,1
242,Tsao,Female,39,UK,0,1
243,Barnes,Male,37,USA,1,0
244,McIntosh,Male,67,UK,1,1
245,Madison,Male,34,Canada,0,1
246,Ifesinachi,Female,40,USA,0,1
247,Glazkov,Male,26,UK,0,1
248,Dimauro,Female,26,USA,1,1
249,Wieck,Male,24,UK,1,1
250,Liao,Male,54,UK,0,1
251,Hughes,Female,36,UK,0,0
252,Morrison,Female,34,Canada,1,1
253,Matveyeva,Female,79,USA,1,0
254,Ku,Male,37,UK,1,1
255,Cheatham,Male,28,Canada,0,0
256,Yao,Male,41,Canada,1,0
257,Kirkland,Male,34,USA,1,1
258,Rose,Female,34,UK,0,0
259,Jess,Female,30,USA,1,1
260,Welch,Male,38,UK,1,1
261,Ifeajuna,Male,42,UK,1,1
262,Morton,Female,48,Canada,0,1
263,Rossi,Female,32,USA,0,1
264,Reppert,Female,26,USA,1,0
265,Kang,Male,31,Canada,1,1
266,Ch'iu,Female,36,Canada,0,1
267,Wallis,Male,34,USA,1,1
268,Clark,Male,36,USA,0,1
269,Fielding,Female,39,Canada,0,0
270,Zetticci,Female,35,UK,0,1
271,Dulhunty,Male,41,Canada,1,0
272,Bevington,Male,34,UK,0,1
273,Boyle,Female,34,UK,1,1
274,Newton,Male,30,USA,0,1
275,Bowman,Male,28,UK,1,0
276,Dubinina,Female,37,Canada,1,1
277,Toscani,Male,62,USA,1,1
278,Chiazagomekpere,Female,53,USA,0,1
279,Allen,Male,35,USA,1,0
280,K'ung,Male,46,USA,0,1
281,Wilsmore,Male,39,USA,1,1
282,Hargreaves,Male,29,Canada,1,1
283,Huang,Male,35,UK,1,1
284,Ch'ien,Male,42,USA,1,1
285,Wallwork,Female,22,USA,1,0
286,Chu,Male,40,USA,0,1
287,Kang,Male,29,Canada,0,1
288,Davidson,Female,32,USA,0,1
289,O'Donnell,Female,26,Canada,1,1
290,Nnachetam,Male,34,Canada,0,1
291,Chidiebele,Male,42,UK,1,0
292,Ahmed,Female,41,Canada,0,1
293,Booth,Male,27,USA,0,1
294,Chuang,Female,34,Canada,0,0
295,Shao,Male,38,USA,1,1
296,Tsao,Male,25,USA,0,1
297,Tien,Female,31,USA,1,1
298,Chang,Female,44,Canada,0,1
299,Johnson,Male,58,USA,1,1
300,French,Male,33,USA,1,1
301,Efremov,Female,31,USA,0,1
302,Hartley,Female,36,Canada,0,0
303,Calabrese,Male,35,USA,0,1
304,Chiu,Female,33,USA,1,1
305,Brennan,Male,33,USA,0,0
306,Onwuatuegwu,Male,31,USA,1,1
307,Hewitt,Male,43,USA,1,1
308,Shih,Male,35,UK,0,1
309,Balashov,Male,50,USA,0,1
310,Doyle,Male,31,UK,0,1
311,Pokrovskii,Female,80,USA,1,1
312,Collins,Male,30,UK,0,1
313,Russo,Male,38,USA,0,0
314,Skinner,Female,59,UK,0,1
315,Robertson,Male,36,Canada,1,1
316,Atkinson,Male,37,Canada,0,0
317,Doyle,Male,49,USA,0,1
318,Ritchie,Male,42,Canada,1,1
319,McEncroe,Female,22,Canada,0,1
320,Pearson,Male,24,USA,0,1
321,Gordon,Female,57,Canada,1,1
322,Ts'ai,Female,30,USA,1,1
323,Lung,Male,40,USA,0,1
324,Yuan,Female,31,USA,0,0
325,Pardey,Male,30,USA,0,1
326,Tai,Male,35,USA,0,1
327,Scott,Male,35,USA,0,1
328,Hunter,Female,46,USA,0,1
329,Mazzanti,Male,35,UK,1,1
330,L?,Male,26,UK,1,1
331,Beach,Male,50,USA,1,0
332,Hsieh,Female,40,Canada,0,1
333,Faulkner,Male,44,UK,1,0
334,Knowles,Female,30,UK,0,1
335,Day,Female,37,Canada,0,1
336,Hsueh,Male,29,USA,0,1
337,Tsao,Female,32,UK,1,0
338,Kennedy,Male,33,USA,0,1
339,Nwabugwu,Female,39,Canada,0,1
340,Young,Female,39,UK,0,1
341,Kerr,Female,40,UK,1,0
342,Tien,Male,31,USA,0,0
343,Marrero,Female,47,Canada,1,1
344,White,Male,22,USA,0,0
345,Pisano,Female,25,USA,0,1
346,Brown,Female,43,USA,0,1
347,Freeman,Female,34,UK,0,1
348,Russell,Male,59,UK,1,1
349,Seleznyov,Female,32,UK,1,1
350,Yusupova,Male,39,USA,1,1
351,Foley,Male,32,Canada,1,1
352,Shih,Male,39,Canada,1,1
353,Ikedinachukwu,Female,32,Canada,0,1
354,Power,Male,25,Canada,1,1
355,Amos,Female,45,USA,1,1
356,Reed,Male,30,USA,0,1
357,Simmons,Female,57,Canada,1,1
358,Ricci,Male,34,Canada,0,1
359,Yen,Male,41,USA,1,1
360,Campbell,Male,58,USA,1,0
361,West,Male,28,Canada,1,0
362,Robinson,Female,45,UK,1,0
363,Bianchi,Female,50,USA,1,1
364,Chen,Female,29,UK,0,1
365,Madukaego,Male,68,USA,1,1
366,Ibrahimova,Female,33,Canada,1,1
367,Nolan,Female,42,UK,0,1
368,Scott,Female,35,UK,1,1
369,Blair,Male,34,UK,1,0
370,Monaldo,Female,29,USA,0,1
371,Sutherland,Male,42,Canada,1,1
372,Cole,Female,75,UK,1,0
373,Briggs,Male,31,UK,1,1
374,Gregory,Male,31,UK,1,1
375,Bianchi,Male,35,UK,1,1
376,Angelo,Female,39,USA,1,0
377,Gardiner,Male,45,UK,1,1
378,Kerr,Male,35,Canada,0,1
379,Ko,Female,30,Canada,0,1
380,Distefano,Female,39,Canada,0,0
381,Farrell,Female,50,USA,1,1
382,Milano,Male,36,USA,0,1
383,Ting,Female,30,UK,1,0
384,Boyd,Male,28,UK,0,1
385,Onyemaechi,Male,44,UK,0,1
386,Black,Female,66,USA,1,1
387,Oliver,Male,46,Canada,0,1
388,Greco,Male,62,Canada,1,1
389,Whitehead,Female,45,Canada,1,0
390,Ikemefuna,Female,21,USA,0,1
391,Morrison,Female,29,UK,1,1
392,Onyeoruru,Male,38,UK,1,1
393,Cunningham,Male,46,Canada,0,1
394,Demidov,Male,38,Canada,0,0
395,Celis,Female,24,Canada,1,1
396,Cheng,Female,37,UK,1,0
397,Knight,Male,33,USA,1,1
398,Morin,Male,32,UK,0,1
399,Mills,Female,39,USA,1,0
400,Outhwaite,Female,66,USA,0,1
401,Tung,Male,52,USA,0,1
402,Pai,Female,38,UK,1,1
403,Carpenter,Male,52,Canada,1,0
404,Fennell,Male,36,Canada,1,0
405,Fontaine,Male,23,USA,1,1
406,Pratt,Male,36,USA,0,1
407,Mitchell,Female,49,Canada,0,0
408,Franklin,Female,37,Canada,0,1
409,K'ung,Male,37,UK,1,1
410,Ko,Female,41,UK,0,1
411,McKenzie,Male,23,Canada,0,0
412,Pino,Male,38,USA,1,1
413,Fisk,Female,31,Canada,1,1
414,Chiang,Female,41,UK,1,1
415,Moseley,Male,35,Canada,0,1
416,Hsiung,Male,26,Canada,0,0
417,Heath,Female,61,UK,0,0
418,Dellucci,Female,39,USA,1,1
419,Li,Female,46,USA,0,0
420,De Salis,Female,28,USA,0,0
421,T'ang,Female,60,UK,0,1
422,Richardson,Female,38,USA,0,1
423,Fitch,Male,40,UK,0,1
424,Stevenson,Female,35,USA,0,1
425,Estes,Male,39,USA,0,1
426,Lattimore,Male,26,USA,0,1
427,Chung,Male,39,UK,0,1
428,Utz,Male,45,USA,1,1
429,Wei,Female,40,UK,0,1
430,Boyle,Male,40,UK,0,0
431,Nwachinemelu,Male,57,UK,1,1
432,Kuznetsova,Male,41,UK,1,0
433,Pisani,Female,33,UK,0,1
434,Manna,Female,37,UK,0,1
435,Collier,Male,33,USA,0,0
436,Ricci,Female,51,USA,1,0
437,Carr,Female,30,UK,0,1
438,Hs?,Male,35,USA,0,0
439,Findlay,Female,38,USA,0,1
440,Hughes,Female,42,UK,1,1
441,Chukwuemeka,Female,35,USA,0,0
442,Genovese,Female,31,USA,0,1
443,Swift,Female,34,USA,1,1
444,Ugoji,Male,46,USA,1,1
445,Parkinson,Male,47,Canada,0,0
446,Ross,Female,26,USA,1,0
447,Oleary,Male,37,USA,0,0
448,Turnbull,Male,40,USA,1,1
449,Uspensky,Female,38,USA,0,0
450,Cook,Female,47,Canada,0,1
451,Newbold,Female,38,UK,0,1
452,Uchechukwu,Male,40,USA,1,0
453,Ch'en,Male,31,Canada,0,0
454,He,Female,44,Canada,0,1
455,Hilton,Female,39,USA,1,0
456,Sal,Male,36,USA,0,1
457,Eluemuno,Male,33,USA,1,1
458,Titus,Male,38,USA,0,1
459,Yin,Male,43,UK,1,0
460,Lettiere,Male,37,Canada,1,1
461,Templeman,Male,29,UK,1,1
462,Chibuzo,Male,39,USA,0,1
463,Sun,Female,25,Canada,0,1
464,Evans,Female,32,USA,1,1
465,Ogbonnaya,Male,26,Canada,1,1
466,Enyinnaya,Male,33,USA,0,1
467,Olisanugo,Female,32,Canada,1,1
468,Brookes,Female,38,UK,0,1
469,Padovano,Male,35,USA,0,1
470,Fisk,Male,35,USA,1,1
471,Shih,Male,27,Canada,1,1
472,Hare,Male,37,USA,0,1
473,Muir,Male,26,USA,0,1
474,Fanucci,Male,28,USA,0,1
475,Elewechi,Female,33,USA,0,1
476,Johnston,Male,46,UK,0,0
477,Pisano,Female,31,UK,1,1
478,Ankudinov,Female,40,USA,0,1
479,Nwokike,Male,38,USA,1,1
480,Smith,Male,29,USA,1,1
481,Atkins,Male,34,Canada,1,0
482,Burns,Female,23,USA,0,1
483,Obiuto,Male,37,USA,0,0
484,Pirozzi,Male,37,UK,0,1
485,George,Male,61,Canada,0,1
486,Lewis,Female,35,USA,1,1
487,Moran,Male,37,USA,0,1
488,Dalrymple,Male,39,USA,1,1
489,Carslaw,Male,30,USA,1,0
490,Kirby,Female,55,UK,1,1
491,Houghton,Male,29,Canada,1,1
492,Martin,Female,41,USA,1,1
493,Tan,Female,38,USA,1,0
494,Hsia,Female,47,USA,0,0
495,Westerberg,Female,38,USA,0,0
496,Hale,Male,36,UK,1,1
497,Kryukova,Female,32,USA,0,1
498,Sopuluchukwu,Male,40,USA,1,1
499,Barry,Male,26,UK,1,1
500,Selezneva,Female,58,USA,1,0
501,Chizuoke,Male,32,Canada,1,1
502,Lueck,Male,54,USA,1,1
503,Udinese,Male,60,USA,0,1
504,Udobata,Male,44,Canada,1,1
505,Freeman,Female,41,Canada,0,0
506,Outlaw,Male,31,USA,0,1
507,Obiuto,Male,30,UK,0,1
508,Lo,Female,40,UK,0,1
509,Okechukwu,Male,22,USA,1,1
510,King,Female,37,Canada,1,1
511,Forbes,Female,31,UK,1,1
512,Macleod,Female,38,UK,0,1
513,Gibbs,Male,34,Canada,0,0
514,Isayev,Male,34,USA,1,1
515,Pisano,Female,51,USA,1,1
516,Belstead,Male,38,Canada,0,1
517,Vassiliev,Female,56,USA,1,0
518,Schneider,Male,37,UK,0,1
519,Mazzanti,Male,48,USA,1,0
520,Knipe,Male,58,USA,1,0
521,Macartney,Female,35,USA,0,1
522,Madukwe,Male,56,USA,1,1
523,Watts,Male,37,Canada,1,1
524,Humphreys,Male,32,UK,1,1
525,Wu,Male,48,USA,0,0
526,Chin,Female,31,USA,1,1
527,Chesnokova,Male,43,USA,1,1
528,Kung,Male,26,USA,0,1
529,Lu,Female,48,UK,0,1
530,Nkemakolam,Male,30,USA,1,1
531,Walton,Female,57,Canada,1,1
532,Brookes,Female,26,Canada,1,0
533,Baldwin,Male,32,USA,1,1
534,Mai,Male,35,Canada,0,1
535,Shih,Female,40,USA,0,1
536,He,Male,59,USA,0,1
537,Fiorentini,Male,35,UK,0,1
538,Lucciano,Male,34,Canada,0,1
539,Ferreira,Female,62,UK,1,0
540,Ukaegbunam,Female,28,UK,0,1
541,De Luca,Male,37,USA,1,1
542,Milne,Male,26,USA,1,1
543,Davide,Female,42,USA,1,1
544,Kodilinyechukwu,Male,51,Canada,0,1
545,Little,Female,49,USA,1,0
546,Burns,Female,44,Canada,0,1
547,Paterson,Male,38,USA,0,1
548,Han,Female,30,UK,0,1
549,Kryukova,Male,49,USA,1,1
550,Ijendu,Male,24,USA,1,1
551,Reichard,Female,36,UK,0,1
552,Day,Male,47,UK,1,1
553,Price,Female,25,Canada,0,1
554,Bruce,Male,34,USA,0,1
555,Sumrall,Male,33,UK,0,1
556,Lu,Female,51,Canada,1,0
557,Lazarev,Male,40,UK,0,1
558,Miller,Male,41,UK,0,1
559,Wentworth-Shields,Male,53,Canada,1,1
560,Ritchie,Female,70,Canada,1,1
561,Mackenzie,Female,29,UK,1,0
562,Power,Male,61,Canada,1,0
563,Tan,Male,36,Canada,1,1
564,Pendergrass,Female,46,USA,0,1
565,Evans,Female,38,Canada,1,1
566,Hsia,Male,36,USA,1,1
567,Billson,Female,54,Canada,0,0
568,Teng,Female,63,Canada,1,1
569,Moretti,Male,31,UK,1,1
570,Jordan,Male,31,USA,1,1
571,Ts'ao,Male,44,USA,1,1
572,Osborne,Male,45,USA,0,1
573,Carslaw,Male,35,USA,0,1
574,Ch'ang,Female,49,Canada,1,1
575,Hung,Male,40,Canada,1,1
576,Gordon,Female,27,USA,1,1
577,Obialo,Female,32,Canada,0,1
578,Gray,Male,30,USA,1,0
579,Lin,Female,41,USA,0,1
580,Hopkins,Male,39,USA,1,1
581,Dobson,Male,36,Canada,0,1
582,McKay,Female,33,Canada,1,0
583,Revell,Female,57,Canada,1,0
584,Rickards,Female,30,UK,0,1
585,Begum,Female,51,UK,0,0
586,Onyinyechukwuka,Female,51,USA,0,0
587,Zuyev,Male,53,Canada,0,1
588,Nwankwo,Male,44,USA,1,1
589,Hao,Male,36,USA,0,1
590,Ma,Female,47,Canada,0,0
591,Okwuadigbo,Female,38,UK,1,1
592,Mitchell,Male,38,USA,0,1
593,Chan,Female,34,USA,1,1
594,Buchi,Male,32,Canada,0,0
595,Greco,Female,26,Canada,1,0
596,Lombardi,Female,41,UK,0,1
597,Uchenna,Male,43,Canada,0,1
598,Coffman,Male,39,UK,1,1
599,Alexandrova,Female,57,UK,0,0
600,Fallaci,Female,34,UK,1,0
601,Hudson,Female,43,USA,1,0
602,Mai,Female,26,Canada,1,1
603,Stout,Female,72,USA,1,0
604,Burke,Male,30,USA,0,1
605,Chadwick,Male,37,USA,1,1
606,Lawrence,Male,29,USA,1,1
607,Bellucci,Male,53,USA,1,0
608,Harper,Male,28,USA,0,1
609,Boyle,Male,35,USA,1,1
610,Duncan,Female,51,UK,0,1
611,Moss,Male,30,USA,0,0
612,Avdeyeva,Female,27,USA,0,1
613,Crawford,Female,64,USA,1,1
614,Lynton,Male,38,Canada,1,1
615,Duncan,Male,26,UK,1,1
616,Gether,Female,31,Canada,0,1
617,Davidson,Male,39,Canada,0,1
618,Larionova,Female,62,UK,0,1
619,Loggia,Male,42,Canada,1,1
620,Steinhoff,Female,37,Canada,1,1
621,Guerra,Male,35,USA,0,1
622,Pai,Female,40,Canada,1,0
623,Craig,Female,53,UK,1,1
624,Lazareva,Male,36,UK,1,0
625,Ch'iu,Female,48,Canada,1,0
626,Alderete,Male,35,Canada,0,0
627,Kung,Male,29,USA,1,1
628,Palermo,Male,49,USA,0,1
629,Ts'ai,Male,47,USA,1,1
630,Rahman,Female,28,Canada,0,1
631,McMillan,Female,61,USA,0,1
632,Pickering,Female,54,UK,0,1
633,Mirams,Female,33,Canada,0,1
634,Tsao,Male,44,UK,1,1
635,Douglas,Male,31,USA,0,0
636,Jideofor,Female,51,Canada,0,1
637,Bell,Female,33,Canada,0,0
638,Mairinger,Male,48,USA,1,0
639,McIntyre,Female,43,USA,1,0
640,Pagnotto,Female,36,USA,0,0
641,K'ung,Male,48,Canada,0,1
642,Feng,Female,29,USA,0,1
643,Donaldson,Female,27,USA,1,1
644,Chambers,Female,39,UK,0,1
645,Marcelo,Female,39,USA,0,1
646,Ejimofor,Female,34,USA,0,1
647,Dale,Female,30,USA,1,1
648,Pokrovsky,Male,38,USA,0,1
649,Stonebraker,Female,36,USA,0,1
650,Liang,Male,38,USA,1,1
651,Anderson,Female,49,USA,1,1
652,Christian,Male,52,USA,1,1
653,Mao,Male,42,USA,0,1
654,Campbell,Male,48,UK,1,1
655,Ginikanwa,Male,31,Canada,1,1
656,Toscani,Male,25,UK,1,1
657,Nnachetam,Male,25,Canada,1,0
658,Sagese,Female,54,UK,1,1
659,Fleming,Male,64,USA,1,1
660,Grubb,Female,30,USA,0,1
661,Napolitani,Female,41,UK,1,1
662,Anenechi,Male,57,Canada,1,1
663,Chandler,Male,31,USA,1,1
664,Howells,Male,46,USA,1,1
665,Akeroyd,Female,41,USA,1,0
666,Onwumelu,Male,33,USA,1,1
667,Wallace,Female,31,USA,1,0
668,Uwaezuoke,Male,29,USA,1,1
669,Loyau,Male,46,Canada,1,1
670,Small,Female,42,USA,1,1
671,Bledsoe,Female,48,UK,0,0
672,Kao,Male,42,USA,1,0
673,Wickens,Male,26,USA,0,0
674,Wertheim,Female,32,Canada,1,1
675,He,Male,35,Canada,1,1
676,Jarvis,Female,39,USA,1,1
677,P'an,Female,38,Canada,0,1
678,Repina,Male,45,UK,1,0
679,Pugliesi,Female,70,Canada,1,1
680,Blakey,Female,38,Canada,0,1
681,Nucci,Male,55,USA,1,0
682,Higinbotham,Male,58,Canada,1,0
683,Achebe,Female,41,UK,1,0
684,Russo,Female,40,UK,0,0
685,Trevisani,Male,24,USA,0,0
686,Dobie,Male,42,Canada,0,0
687,Maccallum,Female,31,USA,1,1
688,Watkins,Female,45,UK,0,1
689,Mitchel,Female,51,USA,0,1
690,Ferdinand,Female,36,USA,0,1
691,Otitodilinna,Male,27,UK,0,1
692,Mamelu,Male,43,USA,0,1
693,Beneventi,Male,36,UK,0,0
694,Perrodin,Male,34,USA,1,1
695,Chinagorom,Female,45,USA,1,1
696,Napolitano,Male,57,USA,1,1
697,Edgar,Male,62,Canada,1,1
698,Walker,Female,57,UK,1,1
699,Steele,Male,36,Canada,1,1
700,Elkins,Male,33,UK,1,1
701,Hao,Female,32,USA,0,1
702,Toscano,Male,30,USA,0,0
703,Savage,Female,49,Canada,1,0
704,Okwuadigbo,Male,36,Canada,1,0
705,Mordvinova,Male,36,UK,1,1
706,Welch,Male,40,UK,0,1
707,Kent,Male,35,UK,1,1
708,Campbell,Male,42,USA,0,1
709,Cooper,Female,35,USA,1,0
710,Mazzi,Female,34,USA,0,1
711,Fisher,Male,48,USA,0,0
712,Summers,Male,35,UK,0,1
713,Brady,Male,38,Canada,0,1
714,Nicholls,Female,41,USA,0,1
715,Yuan,Female,25,Canada,0,1
716,Robinson,Male,34,USA,0,1
717,Golubov,Female,37,UK,0,0
718,Chen,Female,42,Canada,0,0
719,Oldham,Male,45,USA,0,0
720,Kambinachi,Female,43,USA,1,1
721,Fleming,Female,56,Canada,1,1
722,Cunningham,Female,42,Canada,1,1
723,Obinna,Male,23,USA,0,0
724,Chinwemma,Female,38,USA,0,1
725,Carpenter,Male,36,USA,1,1
726,Yin,Female,42,USA,1,1
727,Olsen,Male,37,USA,1,0
728,Ts'ai,Female,25,USA,1,1
729,Jen,Female,40,USA,0,1
730,Preston,Female,57,USA,0,0
731,Ozioma,Male,24,USA,1,1
732,Cody,Female,25,USA,0,0
733,Ponomarev,Male,31,Canada,0,0
734,Martin,Male,43,UK,0,1
735,Milani,Female,60,UK,1,0
736,Tang,Male,47,USA,1,1
737,Romani,Male,67,Canada,1,1
738,McIntyre,Male,36,USA,1,0
739,Davis,Male,46,USA,0,1
740,Onyemauchechukwu,Female,28,USA,0,1
741,Gell,Female,24,USA,1,0
742,Rossi,Male,24,USA,1,1
743,Chiwetelu,Male,29,USA,1,1
744,Kirillova,Female,49,USA,0,0
745,Shaw,Male,60,USA,1,1
746,Smith,Male,40,USA,1,1
747,Hsieh,Male,18,USA,0,0
748,Onyemauchechukwu,Female,46,Canada,0,1
749,Martin,Male,38,Canada,1,1
750,Okwudilichukwu,Male,46,UK,1,1
751,Onuoha,Male,41,USA,1,0
752,Muecke,Female,47,UK,0,1
753,Hsieh,Female,35,USA,1,1
754,Anderson,Male,37,UK,0,1
755,Azubuike,Female,39,Canada,0,1
756,Nnonso,Male,31,USA,0,1
757,Fuller,Female,36,UK,0,1
758,Ashley,Female,28,Canada,1,1
759,Ts'ui,Female,37,USA,0,1
760,Buccho,Male,58,USA,1,1
761,Chidozie,Female,43,USA,0,1
762,Maclean,Female,35,USA,0,1
763,Burns,Female,36,UK,0,0
764,Chu,Female,21,UK,0,1
765,Kenenna,Male,43,UK,1,1
766,Beluchi,Female,27,Canada,0,1
767,Williamson,Female,82,USA,1,0
768,Bobrov,Male,60,UK,0,0
769,Kerr,Male,41,Canada,0,0
770,McKenzie,Female,63,USA,1,0
771,Pitts,Female,36,UK,0,0
772,Standish,Male,31,USA,0,0
773,Cartwright,Male,32,USA,1,0
774,Johnstone,Male,36,USA,0,0
775,Nikitina,Male,49,UK,0,1
776,McElroy,Male,33,USA,1,1
777,Shen,Female,58,UK,0,1
778,Archer,Male,28,Canada,0,0
779,Otutodilinna,Male,28,USA,1,1
780,Shih,Female,35,Canada,0,0
781,Denisov,Male,27,USA,0,1
782,Owens,Female,28,USA,1,0
783,P'eng,Male,41,USA,1,0
784,Verco,Female,35,USA,0,0
785,Bergamaschi,Male,58,UK,1,1
786,Lorenzo,Male,36,Canada,1,0
787,Outtrim,Male,26,USA,1,1
788,Hou,Male,42,UK,1,0
789,Galkin,Female,35,Canada,0,1
790,Pagnotto,Male,48,Canada,1,1
791,Echezonachukwu,Male,36,USA,1,1
792,Young,Male,49,USA,1,1
793,Summers,Female,48,UK,0,1
794,Munro,Female,34,UK,1,1
795,Brennan,Male,29,USA,0,1
796,Ball,Male,36,UK,0,0
797,Virgo,Female,46,USA,1,0
798,Trevisani,Male,32,UK,0,1
799,Padovano,Female,35,USA,1,1
800,Tao,Female,42,UK,1,0
801,Perez,Male,52,USA,1,1
802,Fraser,Female,44,UK,1,0
803,Alley,Female,31,UK,1,1
804,Howells,Female,29,Canada,1,0
805,Cameron,Male,39,USA,1,0
806,Hooper,Female,46,Canada,0,0
807,Rice,Female,33,USA,0,0
808,Cox,Male,69,USA,1,1
809,Martin,Male,53,UK,1,1
810,Ikenna,Female,37,USA,0,1
811,Davide,Female,35,USA,0,1
812,Alexander,Male,65,Canada,1,0
813,Piazza,Female,33,Canada,1,1
814,Ni,Male,28,UK,1,1
815,Black,Female,26,USA,0,0
816,Harker,Male,25,USA,0,1
817,Hughes,Male,29,USA,0,1
818,Chiabuotu,Female,42,UK,0,0
819,Kuo,Male,27,Canada,1,1
820,Gallagher,Female,43,USA,0,1
821,Calabresi,Male,36,UK,0,1
822,Shaw,Female,36,USA,0,0
823,Zhirov,Male,34,Canada,0,1
824,Lloyd,Female,69,Canada,1,0
825,Palmer,Male,36,Canada,0,1
826,Ch'eng,Male,33,UK,1,1
827,Avent,Female,47,USA,1,1
828,Huang,Male,56,Canada,1,1
829,Shaw,Female,31,UK,1,1
830,Yuan,Female,39,USA,0,1
831,Hawkins,Female,34,USA,1,1
832,Trentini,Female,41,Canada,1,0
833,Cameron,Female,29,UK,1,1
834,Koehler,Male,37,UK,1,1
835,Wu,Female,30,USA,0,0
836,Manna,Male,34,USA,0,1
837,Okoli,Female,37,Canada,1,1
838,Ch'eng,Female,56,UK,1,1
839,Nwokezuike,Female,48,Canada,1,0
840,Artemiev,Male,36,USA,0,0
841,Esposito,Male,50,UK,0,0
842,Abbie,Female,31,USA,0,0
843,Fanucci,Male,35,UK,1,0
844,Jen,Female,41,Canada,0,1
845,Moss,Male,44,USA,0,1
846,Lo,Male,49,USA,0,0
847,Averyanov,Male,21,UK,0,0
848,Unaipon,Female,42,USA,0,1
849,Clamp,Male,51,Canada,1,1
850,Lim,Male,25,USA,1,0
851,Wu,Male,46,UK,0,1
852,Wan,Female,48,UK,0,0
853,Chambers,Female,41,UK,1,1
854,Pettit,Female,43,USA,1,1
855,Baresi,Female,57,USA,1,0
856,Newbery,Male,32,Canada,0,1
857,Iheanacho,Female,49,UK,0,1
858,Duncan,Male,39,Canada,1,0
859,Barry,Male,32,Canada,1,1
860,Landry,Male,64,USA,0,1
861,McGregor,Male,43,USA,0,1
862,Nucci,Female,32,USA,0,1
863,Pirogov,Male,41,USA,1,1
864,Oguejiofor,Male,53,USA,1,0
865,Ugochukwu,Male,38,USA,0,0
866,Rohu,Female,25,UK,1,0
867,Cary,Male,38,USA,1,1
868,O'Loghlen,Female,48,USA,0,1
869,Quinn,Male,44,UK,0,1
870,Page,Male,36,USA,1,1
871,Evans,Female,40,USA,1,1
872,McGregor,Female,45,UK,0,1
873,Andrews,Female,35,USA,1,1
874,Stanley,Male,28,USA,0,1
875,Chiazagomekpere,Female,38,USA,1,0
876,Chidiebele,Female,39,USA,0,0
877,Gregory,Female,32,UK,1,0
878,Bednall,Female,42,Canada,1,1
879,Jen,Female,33,USA,0,1
880,She,Female,45,USA,1,1
881,Simmons,Female,60,USA,0,1
882,Fraser,Female,43,USA,0,1
883,May,Male,36,USA,0,1
884,Seabrook,Female,45,USA,0,1
885,Herrera,Male,65,USA,1,1
886,Kincaid,Male,25,USA,1,1
887,Sleeman,Male,38,Canada,0,1
888,Hung,Male,42,USA,1,1
889,Artemieva,Male,74,UK,1,1
890,Barwell,Female,43,USA,1,0
891,Wright,Male,37,Canada,0,0
892,Bellucci,Male,32,UK,1,1
893,Moore,Male,42,USA,0,1
894,Ball,Female,51,USA,1,1
895,Sung,Female,35,UK,0,1
896,Mello,Male,32,UK,1,1
897,Mistry,Male,35,USA,0,1
898,T'ien,Female,40,USA,0,1
899,Fallaci,Female,40,USA,0,1
900,Hill,Male,25,UK,0,1
901,Burns,Male,40,UK,0,1
902,Hunter,Male,36,USA,1,0
903,Li,Female,48,USA,1,1
904,Ku,Male,28,USA,0,1
905,Ch'en,Male,58,USA,0,0
906,Chukwukadibia,Female,45,USA,1,1
907,Zikoranachidimma,Male,33,USA,1,1
908,Oluchukwu,Female,46,USA,0,1
909,Rivera,Male,31,Canada,1,1
910,Niu,Male,25,Canada,0,1
911,Bennett,Male,36,USA,1,1
912,Wollstonecraft,Female,53,Canada,1,1
913,Thomsen,Female,32,Canada,0,1
914,Palermo,Male,27,UK,0,1
915,Chinwendu,Male,35,USA,1,1
916,McKenzie,Male,47,USA,0,1
917,James,Male,39,USA,1,1
918,Lamb,Female,45,USA,1,1
919,Olejuru,Male,35,Canada,0,0
920,Hay,Male,45,Canada,0,1
921,Lu,Male,44,USA,1,0
922,Chiawuotu,Male,61,Canada,0,1
923,Yeates,Male,51,USA,0,1
924,Gallagher,Female,19,UK,1,1
925,Heath,Female,34,USA,1,1
926,Ts'ai,Female,36,UK,1,1
927,Thurgood,Male,35,Canada,1,1
928,Pai,Male,38,UK,1,1
929,Lorenzo,Male,61,UK,1,1
930,Knupp,Female,24,USA,0,0
931,Baryshnikov,Male,39,Canada,0,0
932,Azubuike,Male,41,UK,1,1
933,Shephard,Female,42,UK,0,1
934,Scott,Male,36,Canada,1,0
935,Williamson,Male,37,Canada,1,1
936,Avdeeva,Female,38,USA,1,0
937,Tang,Male,52,USA,1,1
938,Hsu,Female,44,UK,1,0
939,Buchanan,Female,37,USA,1,1
940,Yeh,Female,37,USA,0,1
941,Palazzi,Male,35,Canada,1,1
942,Y?an,Female,31,USA,0,0
943,Lin,Female,46,USA,0,1
944,Schofield,Female,29,UK,0,1
945,Lombardi,Male,36,USA,0,1
946,Wall,Female,25,Canada,1,1
947,Milani,Female,39,Canada,0,1
948,Ejimofor,Female,38,USA,1,1
949,Blackburn,Male,67,USA,1,1
950,Wickham,Female,48,USA,0,0
951,Bird,Female,48,USA,1,1
952,Ch'en,Male,33,UK,0,1
953,Wood,Female,66,UK,1,0
954,Brizendine,Male,39,Canada,1,1
955,Ch'in,Female,42,Canada,1,0
956,Yusupov,Female,44,USA,0,0
957,Jibunoh,Female,43,Canada,1,0
958,Ts'ui,Female,67,Canada,1,1
959,Ndukaku,Male,27,Canada,0,0
960,Wilder,Female,37,USA,1,1
961,Maclean,Female,31,UK,1,1
962,Ch'iu,Male,35,Canada,0,1
963,Cox,Male,32,Canada,1,1
964,Nepean,Male,63,Canada,0,1
965,McNess,Female,43,UK,1,1
966,Coles,Female,42,USA,1,1
967,Benson,Female,34,USA,1,1
968,Gilbert,Female,34,Canada,0,0
969,Wilhelm,Male,37,USA,0,0
970,Sinclair,Male,70,UK,1,0
971,L?,Female,48,USA,1,1
972,Buckner,Male,25,USA,1,1
973,Padovesi,Male,43,UK,0,0
974,Gray,Female,38,Canada,1,0
975,Lu,Male,34,USA,0,1
976,Wright,Female,36,Canada,1,0
977,Palerma,Female,43,USA,0,1
978,Y?an,Female,38,USA,0,1
979,Wei,Female,48,USA,0,1
980,Padovesi,Female,46,USA,0,1
981,Tsao,Male,27,USA,0,0
982,Franklin,Female,44,UK,0,0
983,Clark,Male,32,USA,1,1
984,McGregor,Female,35,UK,0,0
985,Pan,Male,25,USA,1,0
986,Kenniff,Male,31,UK,1,1
987,Spencer,Male,36,USA,0,1
988,Lees,Male,34,Canada,0,1
989,David,Male,31,Canada,1,1
990,Hsing,Female,49,USA,0,1
991,Burke,Male,37,USA,0,1
992,Watson,Female,35,USA,1,1
993,Hawkins,Female,42,UK,1,0
994,Ginn,Female,28,Canada,0,0
995,Sozonov,Male,43,Canada,0,1
996,Sun,Male,29,Canada,1,0
997,Hunter,Male,44,Canada,1,0
998,Manfrin,Male,62,Canada,1,0
999,Artamonova,Female,28,UK,1,1
1000,Hansen,Female,38,USA,0,0
1001,Pai,Female,42,UK,0,1
1002,Larsen,Female,43,USA,1,1
1003,Owen,Male,39,UK,1,1
1004,Murphy,Female,42,USA,0,0
1005,Ekechukwu,Female,26,UK,0,1
1006,Ayers,Male,52,UK,0,0
1007,Johnson,Female,33,Canada,0,1
1008,Millar,Male,42,USA,1,1
1009,Farrell,Male,45,USA,0,1
1010,Sanders,Male,71,Canada,1,1
1011,Herrera,Male,40,USA,0,1
1012,Eberechukwu,Male,35,Canada,1,1
1013,Bardin,Female,29,USA,1,0
1014,Nwankwo,Male,24,Canada,1,1
1015,Talbot,Female,43,Canada,1,0
1016,McGregor,Female,37,USA,1,1
1017,Onyeorulu,Male,40,UK,0,1
1018,Goold,Male,41,UK,0,1
1019,Zikoranaudodimma,Female,45,UK,0,1
1020,Garner,Male,31,USA,0,1
1021,Onyinyechukwuka,Male,49,USA,0,1
1022,Genovese,Male,32,Canada,1,1
1023,Mai,Female,48,USA,1,0
1024,Marshall,Male,32,USA,1,1
1025,Naylor,Female,25,USA,0,1
1026,Pinto,Female,32,USA,0,1
1027,Fulton,Male,33,USA,0,0
1028,Palerma,Male,35,UK,1,0
1029,McCaffrey,Male,34,Canada,1,1
1030,Collins,Male,53,Canada,1,1
1031,Zuev,Male,39,USA,0,0
1032,Crawford,Female,22,USA,0,0
1033,Genovese,Male,40,Canada,1,0
1034,Maclean,Male,29,USA,1,0
1035,Fabro,Male,46,USA,1,0
1036,Price,Male,30,Canada,0,1
1037,Chatfield,Male,30,USA,0,1
1038,Volkova,Female,24,USA,1,1
1039,Archer,Male,30,USA,1,1
1040,Ch'iu,Female,72,USA,1,1
1041,McKay,Male,67,Canada,1,1
1042,Craig,Male,30,USA,0,1
1043,Abramovich,Female,39,Canada,0,1
1044,Chien,Male,35,USA,0,1
1045,Timms,Female,38,USA,1,1
1046,Williford,Male,34,Canada,0,1
1047,Hamilton,Female,42,Canada,0,1
1048,Cheng,Female,48,USA,0,1
1049,Su,Male,25,UK,0,1
1050,McKenzie,Male,40,UK,0,1
1051,Akobundu,Male,30,USA,1,0
1052,Ko,Female,49,Canada,1,1
1053,Marcelo,Male,38,UK,0,1
1054,Chukwuebuka,Female,50,Canada,1,1
1055,MacDonald,Female,22,Canada,0,1
1056,Lampungmeiua,Female,74,Canada,1,1
1057,Tai,Male,33,Canada,0,1
1058,Enyinnaya,Female,47,USA,0,0
1059,McKenzie,Male,33,UK,0,0
1060,Kline,Male,38,USA,0,0
1061,Ma,Female,48,Canada,0,1
1062,Wood,Female,38,Canada,1,1
1063,Riggs,Male,38,UK,0,1
1064,Capon,Male,34,USA,1,1
1065,Smith,Female,20,USA,1,1
1066,Davison,Male,36,USA,0,0
1067,Ingram,Female,52,USA,1,1
1068,Dilke,Male,26,UK,0,1
1069,Gibson,Male,57,USA,0,1
1070,Iadanza,Male,40,USA,0,1
1071,Hebert,Female,47,UK,0,1
1072,Pinto,Male,52,UK,1,1
1073,Dumetochukwu,Female,23,Canada,1,0
1074,Ross,Male,37,Canada,0,0
1075,Jamieson,Female,31,USA,1,1
1076,Chiganu,Female,32,UK,1,1
1077,Burgess,Male,39,Canada,0,1
1078,Cheng,Male,29,USA,0,1
1079,Woods,Female,41,UK,1,1
1080,Liang,Male,32,USA,1,1
1081,Bluett,Female,38,UK,1,0
1082,Chapman,Female,35,Canada,0,1
1083,Andrejew,Male,36,Canada,0,1
1084,Udobata,Female,32,USA,0,1
1085,Ejimofor,Male,24,USA,0,1
1086,Spyer,Male,42,USA,0,1
1087,Walker,Male,36,USA,0,0
1088,Palermo,Female,31,USA,0,1
1089,Philip,Male,22,Canada,1,1
1090,Fallaci,Female,51,USA,1,1
1091,Perry,Female,34,UK,1,1
1092,Henderson,Male,36,USA,1,1
1093,Bergamaschi,Male,41,USA,1,0
1094,Fokine,Male,40,USA,1,1
1095,Mackay,Male,34,USA,0,1
1096,Wu,Male,29,USA,0,1
1097,Maslova,Female,39,UK,1,1
1098,Wei,Male,36,USA,0,1
1099,McLean,Female,26,USA,0,0
1100,Sung,Male,38,Canada,1,1
1101,Paterson,Female,39,USA,1,1
1102,Fanucci,Male,29,Canada,0,1
1103,Thompson,Male,38,Canada,0,1
1104,Tisdall,Female,32,UK,0,1
1105,Onochie,Male,28,USA,0,1
1106,Mironova,Female,46,USA,0,1
1107,Ndubueze,Female,38,USA,0,0
1108,Stephenson,Female,34,UK,0,0
1109,Golubev,Male,38,UK,0,1
1110,Liao,Male,31,USA,0,1
1111,Mullan,Female,52,USA,1,1
1112,Glover,Male,59,UK,1,1
1113,Northey,Female,42,USA,0,0
1114,Paterson,Female,21,UK,0,1
1115,Maclean,Female,62,USA,0,0
1116,Howarde,Male,48,Canada,1,0
1117,Teng,Male,42,USA,1,1
1118,Colman,Female,47,USA,0,0
1119,Johnson,Male,61,Canada,1,1
1120,Butcher,Male,29,Canada,0,1
1121,Stanley,Male,31,UK,0,1
1122,Jackson,Female,24,USA,0,1
1123,Hu,Male,56,UK,0,0
1124,Hill,Male,33,UK,1,1
1125,Pan,Male,35,Canada,0,1
1126,Han,Female,58,UK,1,1
1127,Wilkie,Female,33,Canada,0,1
1128,Bray,Female,45,UK,1,1
1129,Ann,Female,32,USA,0,1
1130,Souter,Female,35,USA,1,1
1131,Greco,Female,34,UK,1,0
1132,Mao,Male,37,Canada,0,1
1133,Anderson,Male,37,USA,1,1
1134,Ma,Male,34,USA,1,1
1135,Black,Female,27,USA,1,1
1136,Medvedeva,Male,31,UK,0,0
1137,Benson,Male,22,USA,1,0
1138,Duncan,Female,42,USA,0,1
1139,Onwudiwe,Male,42,UK,0,1
1140,Mitchell,Female,57,Canada,1,0
1141,Ferrari,Female,37,USA,0,1
1142,Russo,Male,40,USA,1,1
1143,Hazon,Male,41,Canada,0,1
1144,Henderson,Male,43,USA,1,1
1145,Hardy,Male,43,UK,1,0
1146,Piccio,Male,28,USA,0,1
1147,Dickson,Female,30,UK,0,1
1148,Holden,Female,29,UK,0,1
1149,Hsieh,Male,34,Canada,1,1
1150,Doherty,Male,38,USA,0,0
1151,Page,Female,27,USA,0,0
1152,Samuel,Female,29,Canada,1,0
1153,Malloy,Male,45,UK,1,0
1154,Fitts,Female,45,UK,0,0
1155,Iadanza,Male,39,Canada,1,1
1156,Wu,Male,34,USA,0,1
1157,Yefimova,Male,49,USA,1,1
1158,Pan,Male,54,Canada,1,0
1159,Ts'ui,Female,58,UK,0,1
1160,Liang,Male,37,Canada,0,1
1161,Tsao,Male,35,USA,0,1
1162,Abramov,Male,41,USA,0,1
1163,Millar,Female,30,USA,0,1
1164,Demuth,Female,32,UK,1,0
1165,Genovese,Female,36,USA,1,1
1166,Lawless,Female,49,UK,0,0
1167,Brooks,Female,28,UK,0,1
1168,Ignatyeva,Female,35,USA,1,1
1169,Balmain,Female,27,USA,0,1
1170,Millar,Female,38,USA,1,1
1171,Ecuyer,Male,26,Canada,0,0
1172,Parkhill,Male,40,UK,0,0
1173,Li Fonti,Female,43,UK,1,1
1174,Beneventi,Female,36,Canada,0,1
1175,Despeissis,Female,40,Canada,0,1
1176,Atkins,Male,39,Canada,0,1
1177,Williams,Male,34,USA,0,0
1178,Wright,Male,21,USA,0,1
1179,Hancock,Male,49,USA,1,1
1180,Hsieh,Female,31,UK,0,0
1181,Wilkins,Male,34,USA,1,1
1182,Longo,Female,24,UK,1,1
1183,Mancini,Female,43,USA,1,1
1184,Madukaego,Male,36,USA,1,1
1185,Winter-Irving,Male,47,UK,0,1
1186,Stewart,Male,37,USA,1,1
1187,Grant,Female,35,USA,1,1
1188,Brennan,Female,50,USA,1,1
1189,She,Male,30,USA,0,1
1190,Murray,Male,40,USA,1,1
1191,Rischbieth,Female,29,USA,1,1
1192,Lung,Male,27,UK,1,0
1193,Otutodilichukwu,Female,61,Canada,0,1
1194,Thomas,Female,28,Canada,0,1
1195,Fiorentini,Female,24,USA,0,1
1196,Hughes,Female,43,USA,1,1
1197,Whitworth,Male,28,UK,0,1
1198,McIntosh,Female,34,Canada,0,1
1199,Ayers,Male,38,USA,0,1
1200,Trentino,Male,41,USA,1,0
1201,Boyd,Male,30,UK,0,0
1202,McMasters,Male,46,UK,0,1
1203,Alekseyeva,Male,22,USA,0,1
1204,Miller,Male,35,USA,1,1
1205,Baranova,Female,40,USA,1,1
1206,Mitchell,Male,76,USA,1,0
1207,Yobachi,Male,32,Canada,0,1
1208,Huang,Male,30,UK,1,1
1209,Genovese,Female,47,USA,1,1
1210,Sorokina,Female,32,USA,0,0
1211,Gray,Male,51,USA,0,1
1212,Ervin,Female,32,USA,1,0
1213,Vance,Male,42,Canada,0,1
1214,Noble,Female,22,USA,1,1
1215,Milanesi,Male,33,Canada,0,1
1216,Parkin,Female,54,Canada,0,1
1217,Cremonesi,Male,33,USA,1,0
1218,Burns,Male,29,UK,1,1
1219,Docherty,Female,23,USA,0,0
1220,Ugonna,Male,44,UK,1,1
1221,L?,Female,33,UK,1,1
1222,Bevan,Male,37,USA,0,1
1223,Hsia,Male,46,USA,0,1
1224,O'Neill,Male,47,Canada,1,0
1225,Johnstone,Female,47,Canada,0,1
1226,Pham,Female,53,Canada,1,1
1227,Bergamaschi,Female,42,UK,0,1
1228,Murphy,Female,28,USA,0,1
1229,Osinachi,Female,38,USA,0,1
1230,Muravyov,Female,31,Canada,1,1
1231,Igwebuike,Male,36,UK,1,0
1232,Zack,Male,30,Canada,0,1
1233,Crawford,Male,46,UK,0,1
1234,Chidiegwu,Female,39,UK,0,1
1235,Lucchesi,Female,66,USA,1,1
1236,Pan,Male,63,UK,1,1
1237,Trevisani,Male,33,UK,1,1
1238,Yudin,Male,42,USA,0,1
1239,Wade,Male,24,USA,1,0
1240,Chung,Male,28,USA,0,1
1241,Septimus,Male,36,USA,1,1
1242,Hargraves,Female,21,USA,1,1
1243,Chukwukadibia,Male,30,UK,1,1
1244,Sidorov,Male,25,UK,1,0
1245,Bunton,Female,38,UK,0,0
1246,Cameron,Female,44,USA,0,1
1247,Kung,Female,66,USA,1,1
1248,Hay,Male,24,USA,0,1
1249,Conti,Female,28,Canada,1,1
1250,Sims,Female,26,USA,1,1
1251,Carter,Male,32,UK,1,1
1252,McGregor,Female,40,UK,0,1
1253,Lo,Male,68,USA,1,1
1254,Chu,Female,55,UK,0,1
1255,Dumetolisa,Female,46,USA,0,1
1256,Peng,Male,46,Canada,1,1
1257,Drake-Brockman,Male,42,USA,0,1
1258,Wan,Female,38,USA,1,1
1259,Cameron,Female,33,USA,0,1
1260,Tretiakov,Female,36,UK,1,0
1261,Ball,Male,27,UK,0,1
1262,Sal,Male,38,UK,0,1
1263,Chung,Female,40,Canada,1,0
1264,Lai,Female,42,USA,0,0
1265,Gether,Male,31,Canada,1,0
1266,Davidson,Female,55,USA,0,1
1267,Justice,Female,36,USA,0,1
1268,Osonduagwuike,Male,38,UK,1,1
1269,Ewing,Female,44,USA,0,1
1270,Chin,Female,38,USA,1,1
1271,Chiang,Male,30,UK,0,1
1272,Ahmed,Male,42,USA,1,1
1273,Marshall,Female,39,UK,0,0
1274,Tsou,Male,33,USA,0,1
1275,Chien,Male,32,Canada,0,1
1276,Ubanwa,Male,32,USA,1,1
1277,Kapustin,Male,37,UK,0,1
1278,Calabresi,Male,42,USA,1,1
1279,Hsiao,Male,67,Canada,1,0
1280,Grant,Female,39,USA,1,0
1281,H?,Male,25,Canada,1,1
1282,Chia,Male,46,Canada,0,0
1283,Ugoji,Male,35,USA,1,1
1284,Gregory,Male,45,USA,1,0
1285,Mackay,Male,59,USA,1,0
1286,Nnamutaezinwa,Female,63,Canada,1,1
1287,Findlay,Male,37,Canada,0,0
1288,Ferri,Female,39,Canada,0,0
1289,Ku,Male,39,Canada,0,1
1290,Amechi,Male,40,UK,0,1
1291,Kirk,Male,31,UK,0,1
1292,Andrews,Female,37,Canada,0,0
1293,Murray,Female,41,USA,1,1
1294,Griffin,Male,30,USA,1,0
1295,Longstaff,Male,30,USA,1,1
1296,McWilliam,Female,33,Canada,0,0
1297,Coffee,Male,55,Canada,1,0
1298,Hancock,Male,34,USA,1,1
1299,Clark,Male,30,USA,0,0
1300,Creswell,Male,42,UK,1,1
1301,Dodds,Male,37,USA,0,1
1302,Ewen,Male,34,Canada,1,1
1303,Carter,Female,31,USA,0,1
1304,Ch'iu,Female,32,UK,0,1
1305,Tsao,Female,31,USA,0,1
1306,Burgess,Male,52,UK,0,0
1307,Fanucci,Female,46,Canada,1,1
1308,Blackburn,Male,49,Canada,0,0
1309,Bennett,Male,33,USA,1,1
1310,Boniwell,Male,30,Canada,0,0
1311,Vasilieva,Female,27,UK,1,1
1312,Longo,Female,37,USA,1,1
1313,Kwemto,Male,38,USA,1,1
1314,Lawrence,Male,38,USA,1,1
1315,Duncan,Male,54,USA,0,1
1316,Bocharova,Female,27,Canada,0,0
1317,Morres,Female,31,USA,1,1
1318,Shih,Male,37,USA,0,1
1319,Vogel,Female,43,USA,1,1
1320,T'an,Male,41,UK,1,0
1321,Wisdom,Female,47,USA,1,1
1322,Lorenzo,Male,40,USA,0,0
1323,Shahan,Female,44,USA,0,1
1324,Bryant,Male,50,Canada,0,0
1325,Liang,Male,26,UK,1,1
1326,Chidozie,Female,46,USA,1,0
1327,Hayward,Female,38,USA,0,1
1328,Liu,Male,20,Canada,1,1
1329,Alexeeva,Female,62,UK,1,0
1330,Calabresi,Female,40,USA,0,1
1331,Lettiere,Female,46,Canada,0,1
1332,Chou,Male,37,UK,1,1
1333,Nnamutaezinwa,Male,38,USA,1,1
1334,Nnamutaezinwa,Female,38,UK,0,1
1335,Greece,Male,28,UK,1,1
1336,Yin,Female,43,Canada,0,1
1337,Larionova,Male,38,Canada,0,1
1338,Golubev,Female,30,UK,0,1
1339,Norman,Male,52,USA,1,1
1340,Capon,Male,46,Canada,1,1
1341,Chukwudi,Male,43,Canada,1,1
1342,Fedorov,Female,41,USA,0,1
1343,Avdeeva,Male,71,Canada,1,1
1344,Reid,Male,42,Canada,0,1
1345,Kennedy,Female,40,UK,0,1
1346,Chan,Female,26,Canada,0,0
1347,Wofford,Male,30,USA,1,1
1348,Mai,Male,37,USA,1,1
1349,King,Male,32,USA,1,1
1350,T'ao,Male,43,Canada,0,1
1351,Hsu,Female,41,USA,1,1
1352,White,Female,54,USA,0,0
1353,Stephens,Male,48,UK,1,1
1354,Frolov,Male,29,Canada,0,1
1355,Lombardi,Male,52,Canada,1,0
1356,Munro,Male,39,Canada,1,1
1357,Hayward,Male,49,USA,1,1
1358,Fields,Male,43,USA,1,0
1359,Onwumelu,Male,43,USA,1,1
1360,Suffolk,Male,37,USA,1,1
1361,Tsao,Female,22,UK,1,0
1362,Judd,Male,32,USA,1,1
1363,Hamilton,Male,41,UK,1,1
1364,T'ang,Male,30,Canada,1,0
1365,Degtyarev,Male,39,UK,1,1
1366,Kang,Male,43,USA,0,1
1367,Hudson,Female,37,Canada,0,1
1368,Jibunoh,Male,44,UK,1,1
1369,Kinlaw,Female,31,Canada,1,1
1370,Chizuoke,Male,50,UK,1,1
1371,Lucciano,Female,26,USA,0,1
1372,Omeokachie,Female,43,USA,0,1
1373,Gorbunova,Male,38,USA,1,0
1374,Tikhonov,Female,46,UK,0,1
1375,Campa,Male,44,USA,0,1
1376,Mancini,Female,27,USA,1,1
1377,Donoghue,Male,41,USA,1,1
1378,Tuan,Female,44,Canada,1,1
1379,Johnstone,Female,35,Canada,1,1
1380,Romani,Female,32,UK,1,1
1381,Fuller,Male,26,UK,0,1
1382,Baxter,Female,41,USA,0,1
1383,Pirozzi,Female,42,Canada,0,1
1384,Sung,Female,23,USA,1,0
1385,Rogers,Female,46,Canada,0,1
1386,Mills,Female,35,USA,1,0
1387,Osonduagwuike,Female,42,USA,1,0
1388,Byrne,Male,66,USA,1,1
1389,McIntyre,Female,40,USA,1,0
1390,Aitken,Female,55,USA,0,1
1391,Macintyre,Female,27,USA,0,1
1392,Simpson,Female,38,UK,1,1
1393,Simpson,Male,45,Canada,0,1
1394,Metcalfe,Female,32,USA,0,1
1395,Lees,Male,29,USA,1,1
1396,Zetticci,Male,46,Canada,0,1
1397,Dale,Female,33,Canada,0,1
1398,Byrne,Female,46,UK,1,1
1399,Praed,Female,38,USA,0,0
1400,Laurens,Female,29,Canada,0,1
1401,Woods,Female,27,USA,1,0
1402,Bykov,Female,43,Canada,0,1
1403,Vorobyova,Male,29,USA,0,1
1404,Pirogova,Female,27,USA,1,1
1405,Sturt,Female,41,Canada,0,1
1406,Panicucci,Female,44,USA,0,1
1407,Cook,Male,23,Canada,1,0
1408,Hardy,Male,69,USA,1,1
1409,Chu,Male,32,USA,0,0
1410,Franklin,Female,40,USA,0,1
1411,P'eng,Female,73,USA,0,0
1412,Chiang,Female,30,UK,1,0
1413,Grant,Female,29,UK,1,1
1414,Udobata,Male,30,UK,0,0
1415,Siciliani,Female,30,UK,1,1
1416,Evans,Male,28,UK,1,1
1417,Young,Female,33,Canada,0,1
1418,Mitchell,Female,24,UK,1,0
1419,Lucchese,Female,40,UK,0,1
1420,Hewitt,Female,44,USA,1,1
1421,K'ung,Male,45,Canada,1,0
1422,Swaim,Male,32,UK,0,1
1423,Quinones,Male,41,Canada,1,0
1424,Kennedy,Male,30,UK,1,1
1425,Endrizzi,Female,42,Canada,0,0
1426,Ludowici,Female,42,USA,1,0
1427,Larson,Female,39,USA,0,1
1428,Chigolum,Female,59,UK,0,0
1429,Maclean,Male,57,USA,1,1
1430,Lu,Female,26,USA,1,1
1431,Tuan,Female,29,USA,1,0
1432,Glover,Male,48,USA,0,1
1433,Landman,Female,44,Canada,1,1
1434,Trevisano,Male,62,USA,1,0
1435,Longo,Female,41,USA,0,1
1436,K?,Male,44,Canada,0,1
1437,Muir,Male,28,UK,1,0
1438,Alexeyeva,Female,31,USA,1,0
1439,Norman,Male,56,UK,0,0
1440,Simmons,Female,65,USA,1,1
1441,Chukwualuka,Male,39,UK,0,1
1442,McCall,Male,44,Canada,1,1
1443,Moore,Male,43,USA,0,1
1444,Ingram,Female,43,USA,0,0
1445,Okeke,Female,38,USA,1,0
1446,Shao,Female,24,USA,0,1
1447,Iloabuchi,Male,33,USA,1,0
1448,Nebechukwu,Male,56,Canada,1,1
1449,Diribe,Female,46,UK,0,1
1450,Macgroarty,Female,26,UK,0,0
1451,Artemova,Male,31,Canada,0,1
1452,McDonald,Female,38,USA,1,1
1453,Mazzanti,Female,35,USA,1,1
1454,Kelly,Female,53,USA,1,1
1455,Davison,Female,34,Canada,1,1
1456,Reilly,Male,35,UK,1,0
1457,Ojiofor,Male,28,Canada,0,1
1458,Shelton,Male,66,USA,1,0
1459,Lange,Male,25,USA,1,1
1460,Trentini,Female,55,USA,0,1
1461,Gardiner,Male,23,USA,1,1
1462,Wan,Male,34,Canada,0,1
1463,Hsu,Female,41,UK,0,1
1464,Hovell,Male,37,USA,1,0
1465,Zhirov,Female,40,Canada,1,1
1466,Espinosa,Female,32,USA,0,1
1467,Wallace,Female,29,USA,0,1
1468,Barbour,Female,35,UK,0,1
1469,Ozerova,Male,52,USA,0,1
1470,Wright,Female,49,UK,0,0
1471,Ulyanova,Female,31,UK,1,1
1472,Steiner,Male,48,USA,1,1
1473,Akabueze,Female,26,Canada,1,1
1474,Aleksandrova,Male,36,USA,0,0
1475,Pinto,Female,30,UK,1,0
1476,Griffiths,Male,26,USA,0,1
1477,McNeil,Female,26,USA,1,0
1478,Bruno,Male,37,USA,1,0
1479,Johnson,Female,45,USA,0,1
1480,Okorie,Male,32,UK,1,1
1481,Moen,Male,30,USA,1,1
1482,McGuigan,Male,38,Canada,0,1
1483,Fancher,Male,26,USA,1,1
1484,Matthews,Male,36,USA,1,0
1485,Kaeppel,Female,29,Canada,1,1
1486,Shih,Female,46,USA,0,0
1487,Yudina,Female,39,USA,1,1
1488,Akabueze,Female,51,Canada,1,0
1489,Kornilova,Male,30,Canada,0,1
1490,Ozioma,Female,39,USA,1,0
1491,Su,Female,31,Canada,0,1
1492,Jamison,Female,43,UK,0,1
1493,Esposito,Male,50,Canada,0,0
1494,Hardiman,Female,30,Canada,0,1
1495,Woodard,Male,52,USA,1,0
1496,Chienezie,Male,57,UK,1,0
1497,Okwuadigbo,Male,38,Canada,0,0
1498,Chineze,Male,35,USA,0,1
1499,O'Brien,Female,25,UK,1,0
1500,Tao,Female,28,USA,1,1
1501,Mao,Male,50,USA,1,0
1502,Buckland,Female,31,USA,1,1
1503,Flannery,Male,39,UK,0,0
1504,Jamieson,Male,47,USA,0,0
1505,Swift,Male,32,USA,0,1
1506,Doherty,Male,48,UK,0,0
1507,Payne,Male,27,USA,0,0
1508,Genovese,Female,43,UK,0,1
1509,Lucciano,Male,36,USA,1,1
1510,Rowley,Male,37,USA,0,1
1511,Hsing,Male,33,USA,1,1
1512,Vincent,Female,37,Canada,0,0
1513,Pearce,Male,39,USA,1,1
1514,Lamb,Male,42,USA,0,1
1515,Riley,Male,38,Canada,1,1
1516,Honore,Male,39,Canada,1,0
1517,Blackburn,Female,37,USA,0,0
1518,Endrizzi,Male,54,USA,1,0
1519,Duncan,Female,36,Canada,0,0
1520,Macarthur,Female,64,USA,1,1
1521,Gould,Male,52,UK,1,0
1522,Medvedev,Female,29,Canada,1,0
1523,Sholes,Female,35,USA,1,1
1524,Shaw,Male,41,Canada,1,1
1525,Ts'ai,Male,51,USA,1,0
1526,Rolon,Female,41,Canada,1,1
1527,Reid,Male,34,USA,0,0
1528,Chinwendu,Male,35,UK,0,1
1529,Fu,Male,32,USA,1,1
1530,Mackenzie,Male,23,Canada,0,1
1531,Bligh,Female,26,USA,1,1
1532,Davidson,Female,28,USA,1,0
1533,Lamble,Female,32,UK,1,0
1534,Moore,Female,37,USA,1,0
1535,Jose,Female,47,UK,1,0
1536,Trevisani,Female,33,Canada,1,0
1537,Schofield,Female,34,USA,0,1
1538,Stewart,Female,28,USA,1,1
1539,Jamieson,Female,36,Canada,1,1
1540,Howard,Male,38,USA,1,1
1541,Onwuamaeze,Male,23,UK,1,1
1542,D'Albertis,Male,37,UK,0,1
1543,Brooks,Female,33,USA,1,1
1544,Gordon,Male,69,Canada,1,1
1545,Nwachukwu,Male,43,Canada,1,1
1546,Chinweike,Female,42,UK,1,1
1547,Simpkinson,Female,48,UK,1,1
1548,Walker,Female,30,Canada,1,1
1549,Diribe,Male,25,Canada,1,1
1550,Trentini,Male,48,USA,0,1
1551,Conway,Female,54,Canada,1,1
1552,Maslow,Female,52,Canada,1,0
1553,Clark,Male,34,USA,1,1
1554,L?,Female,38,USA,1,0
1555,Swadling,Male,34,USA,1,1
1556,Gallo,Female,40,USA,1,0
1557,Onyemachukwu,Female,29,Canada,1,1
1558,Samoylova,Male,37,UK,1,1
1559,Dickson,Female,35,USA,1,0
1560,He,Male,42,UK,1,1
1561,P'an,Female,43,UK,0,0
1562,Leak,Male,42,UK,1,1
1563,Artemieva,Male,31,UK,1,1
1564,Frost,Female,40,Canada,1,0
1565,Warner,Female,42,UK,0,1
1566,Kennedy,Male,38,USA,0,1
1567,Ifeatu,Female,37,UK,0,1
1568,Evans,Male,53,USA,0,0
1569,Chu,Male,40,USA,1,1
1570,Hsueh,Female,42,UK,0,1
1571,Shih,Female,49,Canada,1,1
1572,Fan,Male,23,USA,0,1
1573,Whiddon,Female,44,USA,0,1
1574,Onyekachukwu,Female,35,USA,1,1
1575,Ermakova,Male,23,UK,1,1
1576,Marino,Male,23,USA,0,1
1577,Niu,Female,40,USA,1,1
1578,Manna,Female,21,Canada,1,1
1579,Onyemere,Male,28,USA,0,0
1580,Archer,Male,41,UK,1,1
1581,Mitchell,Female,35,USA,1,0
1582,Everingham,Female,34,UK,1,1
1583,Huie,Male,38,USA,1,0
1584,Crowther,Female,43,USA,0,0
1585,Swift,Female,42,Canada,1,1
1586,Skelton,Male,33,USA,1,1
1587,White,Female,33,USA,0,1
1588,Giordano,Female,37,USA,1,1
1589,Bateson,Male,61,USA,1,0
1590,Hu,Male,36,UK,1,1
1591,Day,Female,39,Canada,0,1
1592,Beneventi,Male,39,USA,1,1
1593,Elizabeth,Male,29,Canada,0,1
1594,Atkins,Male,36,Canada,1,1
1595,Serrano,Female,28,UK,1,1
1596,Willis,Male,38,USA,0,1
1597,Stevenson,Male,27,UK,0,1
1598,Ch'ien,Male,32,USA,1,1
1599,Cunningham,Female,48,UK,0,1
1600,Stephens,Female,42,USA,1,0
1601,Gordon,Male,28,USA,0,1
1602,Bevan,Female,49,USA,0,1
1603,Mashman,Female,42,USA,0,1
1604,Tu,Female,36,UK,1,1
1605,Milanesi,Female,31,USA,1,0
1606,Romano,Female,31,UK,1,1
1607,Goliwe,Female,40,UK,0,1
1608,Hsueh,Male,64,USA,1,1
1609,Gray,Female,39,USA,0,1
1610,Wright,Female,35,USA,0,1
1611,Chiemeka,Female,24,USA,1,1
1612,Chung,Female,49,UK,0,1
1613,Pinto,Male,52,USA,0,1
1614,Kellway,Male,29,UK,1,1
1615,Sopuluchi,Male,77,USA,1,1
1616,Spitzer,Female,21,UK,1,1
1617,Potter,Female,49,USA,1,1
1618,Matthews,Female,40,Canada,1,0
1619,Nicholls,Male,27,USA,0,1
1620,McDonald,Male,18,USA,1,0
1621,Fiorentini,Male,43,UK,1,0
1622,Kovalyova,Male,38,Canada,1,1
1623,Miah,Female,25,USA,0,1
1624,Builder,Male,38,USA,0,1
1625,Baddeley,Female,25,Canada,0,1
1626,Hu,Male,44,USA,0,1
1627,Hs?,Female,28,USA,1,1
1628,Ford,Male,32,USA,0,1
1629,Todd,Female,30,Canada,1,0
1630,Johnston,Male,46,UK,1,1
1631,Obiajulu,Male,57,UK,1,1
1632,Azubuike,Male,54,Canada,1,1
1633,Padovesi,Male,30,USA,0,1
1634,Farmer,Male,35,USA,0,0
1635,Ignatieff,Female,23,Canada,1,1
1636,Lu,Female,33,USA,1,1
1637,Artemiev,Female,37,USA,0,1
1638,Okonkwo,Female,31,Canada,0,0
1639,Dore,Male,39,USA,0,1
1640,T'ang,Male,32,UK,1,0
1641,Ashbolt,Male,47,Canada,0,1
1642,Bazarova,Male,53,Canada,0,0
1643,Buccho,Male,62,Canada,1,1
1644,Burn,Female,34,USA,0,1
1645,Andreyev,Female,37,USA,1,1
1646,Endrizzi,Female,41,UK,0,1
1647,Brown,Female,50,UK,0,1
1648,Nock,Female,45,USA,1,1
1649,Okeke,Female,40,UK,0,1
1650,Cunningham,Male,41,Canada,0,1
1651,Kelley,Male,34,USA,0,0
1652,Wilson,Male,31,Canada,1,1
1653,Woods,Male,59,USA,1,1
1654,McFarland,Male,56,USA,0,1
1655,Cisneros,Male,32,USA,0,0
1656,Borchgrevink,Female,47,USA,0,1
1657,Rozhkova,Male,31,UK,0,1
1658,Bradley,Female,54,UK,0,1
1659,Obialo,Male,44,USA,1,0
1660,Hudson,Female,31,Canada,1,1
1661,Veltri,Female,37,USA,0,1
1662,Mazzanti,Male,32,UK,1,1
1663,Thorpe,Male,40,UK,1,0
1664,Golibe,Female,40,UK,0,1
1665,Udinesi,Male,52,USA,1,0
1666,Stewart,Male,42,USA,1,0
1667,Curtis,Female,46,USA,0,1
1668,Hayden,Female,46,Canada,1,1
1669,H?,Male,24,USA,0,0
1670,Campbell,Female,37,USA,1,1
1671,Green,Male,24,Canada,0,1
1672,P'eng,Male,41,UK,1,1
1673,Cremonesi,Female,37,USA,0,1
1674,Liang,Female,26,UK,1,1
1675,Gough,Female,42,UK,1,1
1676,Bates,Male,33,Canada,0,1
1677,Padovesi,Female,44,Canada,0,1
1678,Yin,Female,40,Canada,0,1
1679,Kharlamov,Female,18,USA,0,1
1680,Nicholls,Female,42,USA,0,0
1681,Burns,Male,39,Canada,1,1
1682,Fleming,Female,32,Canada,1,1
1683,Watson,Male,41,USA,0,1
1684,Obiajulu,Male,52,USA,1,1
1685,Han,Female,24,USA,0,1
1686,Ferguson,Female,20,UK,0,0
1687,Tao,Male,36,Canada,1,1
1688,Le Grand,Male,37,Canada,1,1
1689,Valdez,Female,41,USA,1,0
1690,Cunningham,Male,35,Canada,0,1
1691,Godfrey,Male,36,Canada,1,0
1692,Mai,Male,31,Canada,1,1
1693,Walker,Male,23,USA,0,0
1694,Pirozzi,Female,34,Canada,1,0
1695,Feng,Male,37,USA,1,1
1696,Akabueze,Male,34,USA,0,0
1697,Robson,Male,44,UK,0,0
1698,Yevdokimova,Male,30,USA,0,0
1699,Ijendu,Male,51,UK,0,1
1700,Colombo,Female,31,UK,0,1
1701,Akubundu,Female,30,USA,0,1
1702,Francis,Male,50,USA,1,1
1703,Marshall,Male,22,Canada,0,1
1704,Rhodes,Male,42,UK,0,1
1705,Y?,Female,29,USA,1,0
1706,Bell,Male,35,USA,1,1
1707,Kerr,Male,38,Canada,0,1
1708,Jideofor,Female,40,USA,0,1
1709,Robertson,Female,49,USA,0,0
1710,Kao,Male,30,Canada,1,0
1711,Palmer,Male,28,Canada,0,1
1712,Mackay,Male,30,UK,1,1
1713,Burgmann,Male,47,Canada,1,1
1714,Davis,Male,44,USA,0,1
1715,Milano,Male,45,UK,0,0
1716,Dellucci,Male,43,UK,1,0
1717,Coles,Male,33,Canada,1,1
1718,Gray,Female,35,Canada,0,1
1719,Macvitie,Male,32,Canada,0,1
1720,Townsend,Female,57,Canada,1,1
1721,Pope,Female,33,UK,1,0
1722,Jensen,Female,39,USA,0,1
1723,Thomson,Female,30,Canada,1,1
1724,Chiazagomekpele,Male,42,USA,0,1
1725,Ozuluonye,Male,29,UK,0,1
1726,Wright,Female,37,UK,1,0
1727,Lung,Male,38,UK,1,0
1728,Lombardo,Female,36,Canada,1,1
1729,Leonard,Female,40,Canada,0,0
1730,Johnston,Male,33,USA,1,0
1731,P'eng,Male,20,USA,0,1
1732,Amechi,Female,44,Canada,0,1
1733,Fang,Male,49,USA,0,1
1734,Docherty,Male,32,UK,1,1
1735,Horton,Female,21,UK,1,1
1736,Vincent,Male,30,USA,0,0
1737,Onio,Female,29,UK,0,1
1738,Schiavone,Male,39,Canada,1,1
1739,Chandler,Male,41,Canada,0,1
1740,Fiorentino,Male,23,USA,0,1
1741,Butusov,Female,42,USA,0,0
1742,Wang,Female,25,USA,1,0
1743,Alexeieva,Female,54,UK,0,0
1744,Vinogradova,Male,40,USA,1,1
1745,Hughes,Female,39,USA,1,0
1746,Ts'ao,Male,30,USA,0,1
1747,Bage,Female,59,Canada,1,0
1748,Yudina,Male,34,UK,0,1
1749,Naquin,Male,34,UK,0,1
1750,Endrizzi,Male,42,USA,0,1
1751,Tang,Female,33,UK,1,1
1752,Schroeder,Male,29,USA,0,0
1753,Swearingen,Female,41,UK,0,1
1754,McGregor,Female,23,Canada,0,0
1755,Onyeorulu,Male,33,UK,0,1
1756,Clarke,Female,52,Canada,1,0
1757,Smith,Male,37,USA,1,0
1758,Kozlova,Female,39,UK,1,1
1759,Nekrasov,Female,30,UK,0,1
1760,Olague,Male,35,USA,0,1
1761,Holt,Male,38,USA,1,0
1762,Olsen,Female,36,USA,0,1
1763,Mazzi,Female,34,USA,1,1
1764,Niu,Male,38,USA,0,0
1765,Graham,Male,40,USA,1,1
1766,Millar,Male,43,UK,1,1
1767,Bell,Female,34,USA,1,1
1768,Kelly,Female,48,USA,1,1
1769,T'an,Male,28,Canada,0,0
1770,Davila,Male,39,UK,1,1
1771,Willis,Female,36,Canada,0,0
1772,Dumetochukwu,Male,37,USA,1,0
1773,Giles,Male,27,UK,1,1
1774,O'Meara,Male,34,Canada,0,0
1775,Yao,Male,28,USA,0,1
1776,Wallace,Female,38,USA,0,0
1777,T'ien,Male,38,USA,0,0
1778,Ndubueze,Male,34,USA,0,0
1779,Chukwuraenye,Female,41,USA,1,1
1780,K'ung,Male,36,USA,0,1
1781,Stevenson,Male,33,USA,0,1
1782,Marshall,Female,36,Canada,0,0
1783,Hayward,Female,35,USA,0,0
1784,Tipton,Male,38,Canada,1,0
1785,Gibson,Male,36,USA,1,1
1786,Fraser,Male,40,UK,1,1
1787,Fang,Male,37,Canada,0,1
1788,Dubinina,Male,25,USA,0,0
1789,Morey,Female,43,USA,1,0
1790,Todd,Female,37,Canada,1,1
1791,Forbes,Female,74,UK,1,1
1792,De Salis,Female,35,Canada,0,1
1793,Barry,Male,41,Canada,1,0
1794,Afamefuna,Male,36,Canada,1,1
1795,Ibbott,Male,38,USA,0,1
1796,Marshall,Female,35,UK,1,0
1797,Law,Male,37,USA,0,1
1798,Pinto,Male,44,UK,0,1
1799,Chinedum,Female,51,USA,0,0
1800,McKay,Female,39,Canada,1,1
1801,Otutodilinna,Female,59,USA,1,1
1802,She,Male,30,USA,1,1
1803,Pai,Female,24,Canada,0,1
1804,Kruglov,Female,26,USA,0,0
1805,Chin,Male,33,USA,1,0
1806,King,Female,31,UK,0,1
1807,Hansen,Male,38,USA,0,0
1808,Ting,Female,49,USA,1,0
1809,Stone,Male,41,USA,0,0
1810,McLean,Female,50,USA,1,1
1811,Zikoranachidimma,Female,65,USA,1,1
1812,Fu,Female,26,USA,1,0
1813,Trevisano,Female,33,UK,0,1
1814,Fallaci,Male,38,USA,0,1
1815,Wiley,Male,31,UK,1,1
1816,Chiagoziem,Male,32,USA,1,1
1817,Murray,Male,29,USA,0,0
1818,Chuang,Female,36,UK,0,1
1819,Huang,Male,32,Canada,1,1
1820,Chukwukere,Male,45,Canada,1,0
1821,Hsia,Male,23,Canada,1,1
1822,Lee,Male,35,Canada,0,0
1823,Theus,Female,31,Canada,1,1
1824,Jennings,Female,57,UK,1,1
1825,Parker,Female,37,USA,1,1
1826,Tan,Male,45,UK,0,1
1827,Barry,Male,25,UK,1,1
1828,Tuan,Female,22,Canada,1,0
1829,Patterson,Female,31,Canada,0,0
1830,Ofodile,Male,45,UK,0,0
1831,Chandler,Male,37,USA,1,1
1832,Nash,Female,36,USA,1,1
1833,Atkinson,Male,22,USA,0,1
1834,Brenan,Male,32,UK,0,1
1835,Obidimkpa,Female,46,Canada,1,0
1836,Terry,Male,38,UK,1,1
1837,Spring,Male,31,Canada,1,1
1838,Mahmood,Male,56,USA,0,1
1839,Campbell,Male,39,UK,0,0
1840,Bellucci,Male,54,USA,1,1
1841,Amaechi,Female,34,Canada,1,1
1842,Foxall,Female,34,USA,0,1
1843,Bentley,Female,35,Canada,1,1
1844,Baird,Female,36,USA,0,1
1845,Howard,Female,48,USA,1,1
1846,Henry,Male,36,USA,1,0
1847,Sopuluchukwu,Female,30,Canada,0,1
1848,Rocher,Female,37,Canada,1,0
1849,White,Female,35,UK,1,0
1850,Komar,Female,29,Canada,0,1
1851,Russo,Female,33,UK,1,1
1852,Loewenthal,Female,52,USA,1,1
1853,Aliyeva,Male,38,Canada,1,1
1854,Montes,Female,41,USA,0,1
1855,Kuo,Female,36,UK,0,0
1856,Cheng,Female,47,USA,1,1
1857,McIntosh,Female,29,Canada,0,1
1858,T'ao,Female,29,USA,1,1
1859,Tyndall,Male,61,USA,1,1
1860,Bailey,Male,34,USA,1,1
1861,Onyekaozulu,Female,28,Canada,1,1
1862,Nwachukwu,Female,38,UK,1,1
1863,Romani,Male,44,USA,0,1
1864,Chin,Male,25,Canada,0,1
1865,Bellucci,Male,45,USA,1,0
1866,Christmas,Female,32,USA,1,1
1867,Moore,Female,70,USA,1,1
1868,Genovesi,Female,33,USA,1,1
1869,Cartwright,Male,36,USA,1,0
1870,Johnstone,Male,33,UK,0,1
1871,Warner,Male,33,Canada,0,0
1872,Stephenson,Male,36,Canada,0,1
1873,Ellis,Female,50,Canada,1,1
1874,Nebechi,Female,39,UK,0,1
1875,Chu,Male,35,Canada,1,1
1876,Onuchukwu,Male,31,Canada,1,0
1877,Steele,Male,39,UK,1,0
1878,Quaife,Male,55,Canada,0,1
1879,Scott,Male,35,Canada,1,1
1880,Yeh,Male,31,USA,1,0
1881,Y?,Female,36,UK,0,1
1882,Conti,Female,36,Canada,1,1
1883,Holder,Male,30,USA,1,0
1884,Burgess,Male,24,UK,1,0
1885,Ozuluonye,Male,35,USA,0,1
1886,De Luca,Male,32,Canada,1,1
1887,Li Fonti,Male,39,Canada,1,1
1888,Freeman,Male,34,Canada,0,1
1889,Pisani,Male,60,USA,1,1
1890,Ignatieff,Female,23,USA,1,1
1891,Lahti,Male,33,USA,1,1
1892,Perkins,Female,37,USA,1,1
1893,Conway,Female,31,UK,0,0
1894,Hayes,Male,34,USA,1,1
1895,Rizzo,Female,49,Canada,0,1
1896,Krylov,Female,29,USA,1,1
1897,Li Fonti,Female,38,Canada,1,0
1898,Talbot,Female,37,Canada,0,0
1899,Matthias,Female,45,UK,1,1
1900,Boyle,Female,30,Canada,1,1
1901,Ch'eng,Female,33,USA,1,1
1902,Mason,Male,67,Canada,1,0
1903,Bruno,Female,33,Canada,1,1
1904,Smeaton,Male,36,Canada,1,1
1905,Miller,Female,69,Canada,1,1
1906,Gotch,Male,20,UK,1,1
1907,Fu,Female,29,USA,0,1
1908,O'Toole,Female,67,USA,1,1
1909,Ledford,Female,48,Canada,1,1
1910,Iadanza,Female,32,Canada,0,1
1911,Alaniz,Male,42,Canada,1,1
1912,Saunders,Male,41,USA,0,1
1913,Lin,Female,29,UK,0,1
1914,Pinto,Male,30,UK,1,1
1915,Streeter,Male,31,Canada,1,1
1916,Shaw,Male,25,Canada,1,0
1917,Chen,Male,48,UK,0,0
1918,Barclay,Female,40,UK,0,1
1919,Kodilinyechukwu,Female,28,USA,1,0
1920,Otitodilichukwu,Male,56,USA,1,1
1921,McKenzie,Female,31,USA,1,0
1922,Woods,Female,35,USA,0,0
1923,Hsing,Male,36,USA,0,1
1924,Wheare,Male,36,USA,0,1
1925,Yobachi,Male,44,USA,1,1
1926,Fang,Male,24,USA,0,1
1927,Pearson,Male,31,USA,1,0
1928,Brown,Male,36,UK,0,1
1929,L?,Male,54,UK,0,0
1930,Padovesi,Female,40,Canada,0,1
1931,Soto,Male,23,UK,0,1
1932,Greco,Female,26,USA,0,0
1933,Giordano,Female,56,Canada,1,1
1934,Bogle,Male,74,UK,1,1
1935,Grimmett,Male,30,UK,0,1
1936,Ayers,Male,39,USA,0,1
1937,Miller,Female,33,UK,0,1
1938,Webb,Male,30,USA,0,1
1939,Lombardi,Male,38,USA,1,0
1940,Wei,Male,37,USA,1,0
1941,Ross,Female,31,UK,0,1
1942,Jideofor,Male,44,Canada,0,1
1943,King,Male,45,USA,0,1
1944,Nwokeocha,Male,39,UK,0,0
1945,Humphries,Male,39,Canada,0,1
1946,Olisaemeka,Male,22,USA,0,0
1947,Yobanna,Male,34,UK,1,1
1948,Ch'iu,Male,52,USA,1,1
1949,Fleming,Male,35,Canada,0,0
1950,Trevisan,Female,43,USA,1,1
1951,Aleksandrova,Female,37,USA,0,1
1952,Onwuamaeze,Male,53,USA,0,1
1953,Knox,Male,27,UK,1,0
1954,Chia,Male,21,USA,1,0
1955,Townsend,Male,51,Canada,1,1
1956,Dike,Female,58,UK,1,0
1957,Moyes,Male,55,USA,1,1
1958,Beavers,Male,54,USA,1,1
1959,Tretiakova,Male,42,USA,0,0
1960,Fuller,Male,33,USA,0,1
1961,Dellucci,Female,36,Canada,0,1
1962,Ritchie,Female,24,Canada,0,0
1963,Aikenhead,Female,52,Canada,0,1
1964,Douglas,Male,34,UK,0,1
1965,Kung,Female,40,USA,0,1
1966,MacDonald,Female,33,USA,0,0
1967,Okwudilichukwu,Female,48,UK,1,1
1968,Ni,Male,25,Canada,1,1
1969,Simmons,Female,39,Canada,0,0
1970,H?,Female,36,USA,1,1
1971,Hancock,Female,41,USA,0,1
1972,Cran,Male,26,Canada,0,1
1973,McKay,Female,30,Canada,0,0
1974,P'an,Male,41,USA,0,0
1975,Parkhill,Female,33,USA,0,1
1976,Golubova,Female,35,USA,0,1
1977,Nwankwo,Female,38,Canada,0,0
1978,Johnson,Male,35,Canada,0,0
1979,Mao,Male,37,UK,0,1
1980,Echezonachukwu,Male,33,USA,1,1
1981,McElyea,Female,30,USA,1,1
1982,Rosas,Female,69,Canada,1,0
1983,Phillips,Male,28,USA,0,1
1984,Palerma,Female,40,Canada,0,1
1985,Morris,Female,45,Canada,1,1
1986,Pavlova,Female,47,Canada,0,1
1987,Lu,Female,41,UK,0,0
1988,Yamamoto,Male,54,USA,1,0
1989,Angelo,Female,46,Canada,0,1
1990,Zaitsev,Male,28,Canada,1,1
1991,Cawker,Male,41,Canada,1,0
1992,Froggatt,Male,36,UK,1,1
1993,Gorbunov,Female,29,USA,1,1
1994,Tai,Male,60,UK,0,0
1995,Rowe,Female,49,USA,0,1
1996,Mikkelsen,Female,44,USA,1,1
1997,Kovalyov,Male,62,USA,0,0
1998,Mbanefo,Female,34,USA,1,1
1999,Ts'ai,Male,43,USA,1,1
2000,Enderby,Male,43,UK,1,1
2001,Lombardi,Male,58,USA,1,1
2002,Hamilton,Female,27,USA,1,1
2003,Hsia,Male,74,USA,1,0
2004,Mao,Male,41,USA,1,0
2005,Ugochukwu,Male,29,UK,1,0
2006,West,Female,32,UK,1,0
2007,Hughes,Male,39,USA,0,1
2008,Chukwuemeka,Female,43,UK,1,0
2009,Lira,Male,43,USA,0,1
2010,Li,Male,46,UK,0,1
2011,Castiglione,Female,48,Canada,1,1
2012,Paterson,Male,32,USA,1,0
2013,Blair,Male,74,USA,1,0
2014,Dellucci,Male,35,UK,0,1
2015,Udinesi,Male,32,USA,0,1
2016,Yuan,Female,40,UK,1,1
2017,Yuryeva,Male,28,USA,1,1
2018,Wilson,Female,37,Canada,0,0
2019,Dean,Male,27,UK,0,1
2020,Ross,Male,30,USA,1,1
2021,Kent,Female,30,UK,0,1
2022,Vasiliev,Female,18,UK,0,0
2023,Golibe,Male,24,UK,0,1
2024,Chukwukere,Male,41,USA,1,0
2025,Fedorova,Female,39,Canada,0,0
2026,Chien,Male,45,USA,0,0
2027,Rossi,Female,23,Canada,1,0
2028,Samson,Female,59,USA,0,1
2029,Fenton,Female,39,USA,0,1
2030,Mackey,Male,33,USA,1,1
2031,Payton,Female,28,Canada,1,0
2032,Cowger,Male,51,USA,1,1
2033,Banks,Female,37,UK,0,1
2034,Pugliesi,Male,41,Canada,0,1
2035,Fantin,Male,34,UK,1,1
2036,Bentley,Female,44,USA,1,1
2037,Freeman,Male,34,Canada,1,0
2038,Wong,Female,24,Canada,0,0
2039,Onwuamaeze,Male,47,USA,1,1
2040,Shen,Female,64,UK,1,1
2041,Huang,Female,38,USA,1,0
2042,Yeh,Female,39,USA,0,1
2043,Shih,Female,27,UK,0,1
2044,Henderson,Male,34,USA,1,0
2045,Fang,Male,45,USA,0,1
2046,Dellucci,Female,31,USA,0,0
2047,Chou,Male,34,UK,1,1
2048,Conti,Male,37,USA,0,0
2049,Roberts,Female,35,USA,0,1
2050,Lo Duca,Female,45,USA,1,1
2051,Glover,Female,49,USA,1,1
2052,Johnstone,Female,37,USA,0,0
2053,Ashton,Male,26,UK,1,0
2054,Melton,Male,63,USA,0,0
2055,Marshall,Male,41,USA,1,1
2056,Kenenna,Male,38,UK,0,0
2057,Zakharov,Male,38,Canada,1,1
2058,Chukwualuka,Male,32,USA,0,1
2059,Chu,Male,47,USA,0,1
2060,Capon,Female,50,Canada,1,1
2061,Cattaneo,Male,38,Canada,0,1
2062,Patrick,Female,38,UK,0,1
2063,Taylor,Female,29,UK,1,0
2064,Stephenson,Female,35,UK,0,1
2065,Yeh,Male,44,USA,1,1
2066,DeRose,Male,33,USA,0,1
2067,Vavilov,Male,37,UK,1,1
2068,Browne,Male,31,USA,1,1
2069,Collingridge de Tourcey,Female,31,Canada,0,1
2070,Rowe,Male,28,UK,1,1
2071,Jibunoh,Female,42,USA,0,1
2072,Korovin,Female,36,Canada,1,1
2073,Hammonds,Male,36,USA,1,1
2074,Ward,Female,48,Canada,1,1
2075,Olisanugo,Male,44,UK,0,1
2076,Gallop,Male,45,UK,1,1
2077,Gartrell,Male,40,USA,0,0
2078,K'ung,Female,34,Canada,0,0
2079,Oluchi,Male,63,USA,1,1
2080,Jamieson,Male,45,USA,0,1
2081,Barlow,Female,55,USA,0,1
2082,White,Male,32,UK,1,1
2083,Stewart,Male,39,Canada,1,1
2084,Buccho,Male,24,USA,1,1
2085,Benson,Female,36,USA,0,1
2086,Thompson,Male,28,UK,0,1
2087,Todd,Female,32,Canada,1,1
2088,Burgin,Female,52,USA,0,1
2089,Nnaife,Female,41,UK,1,0
2090,Okwudiliolisa,Female,33,USA,0,0
2091,Johnson,Male,39,Canada,0,1
2092,Parkes,Female,37,USA,0,1
2093,Lo,Male,38,Canada,1,0
2094,Martin,Male,55,USA,1,1
2095,Kapustina,Male,70,Canada,0,0
2096,Page,Female,40,UK,0,1
2097,Amaechi,Female,38,USA,1,1
2098,Munro,Male,37,Canada,1,0
2099,Panicucci,Female,43,USA,0,1
2100,Greathouse,Male,57,USA,1,1
2101,Ts'ui,Male,40,USA,0,1
2102,Napolitani,Female,49,Canada,1,0
2103,Beers,Female,33,UK,1,1
2104,Tretyakova,Male,61,USA,1,1
2105,Lin,Male,42,USA,0,0
2106,Costa,Female,31,USA,1,1
2107,Ibezimako,Female,55,UK,0,1
2108,Marcelo,Female,42,Canada,1,0
2109,Hay,Male,74,UK,1,1
2110,Moore,Male,41,Canada,1,0
2111,Lumholtz,Female,48,UK,1,1
2112,Simpson,Male,25,USA,0,1
2113,Hill,Female,28,Canada,0,1
2114,Mouzon,Male,35,UK,0,0
2115,Wu,Male,33,Canada,0,1
2116,Pirozzi,Female,54,UK,0,1
2117,Ibeabuchi,Male,44,USA,0,1
2118,Garnsey,Male,31,USA,1,0
2119,Synnot,Female,27,USA,0,1
2120,Wildman,Male,29,USA,0,1
2121,Anenechukwu,Female,54,UK,1,1
2122,Tai,Male,30,USA,1,0
2123,Plant,Female,32,Canada,0,0
2124,Azubuike,Female,25,UK,0,1
2125,Galkin,Male,32,USA,0,0
2126,Johnston,Female,45,USA,1,0
2127,Babbage,Female,40,USA,1,1
2128,Walker,Male,34,UK,0,1
2129,Rice,Male,37,USA,1,0
2130,Norton,Male,34,USA,0,1
2131,Bogolyubov,Female,45,USA,1,1
2132,Gibbons,Male,38,USA,0,1
2133,Chia,Female,43,Canada,1,1
2134,Smith,Female,32,USA,0,1
2135,Hunter,Male,44,USA,0,1
2136,Ekechukwu,Male,57,UK,0,1
2137,Bellucci,Male,18,USA,1,1
2138,Ford,Female,38,USA,0,1
2139,Scott,Male,45,Canada,1,1
2140,Gregson,Female,51,USA,0,1
2141,Moore,Male,41,USA,0,1
2142,Wallace,Male,18,USA,1,1
2143,Cook,Male,35,USA,0,1
2144,Speth,Male,38,USA,1,1
2145,Boag,Male,34,Canada,0,1
2146,Grave,Male,33,Canada,0,1
2147,Streeten,Male,49,USA,1,0
2148,Fox,Male,33,USA,1,1
2149,Artemyeva,Male,26,Canada,1,1
2150,Giordano,Male,57,Canada,0,1
2151,Perkins,Male,38,USA,1,0
2152,Walton,Male,57,USA,0,1
2153,Hay,Female,55,USA,1,0
2154,Gardner,Male,36,USA,0,0
2155,Milne,Male,65,UK,0,0
2156,She,Female,35,USA,0,1
2157,Hu,Male,42,USA,0,1
2158,Uwakwe,Female,44,USA,1,1
2159,Bird,Female,40,USA,1,1
2160,Anderson,Male,72,USA,1,0
2161,Bellew,Male,28,USA,1,0
2162,Cocci,Male,32,UK,0,1
2163,Krichauff,Female,34,USA,0,1
2164,Cameron,Male,35,USA,1,1
2165,Becker,Male,77,Canada,1,1
2166,Ainsworth,Male,33,USA,1,0
2167,Biryukov,Male,40,USA,1,1
2168,Redding,Male,33,USA,1,0
2169,Wood,Female,56,UK,0,1
2170,Scott,Male,43,UK,1,1
2171,Gould,Male,40,USA,1,0
2172,Hao,Male,58,UK,1,1
2173,Power,Male,35,UK,1,1
2174,White,Female,46,USA,1,1
2175,Thorpe,Male,26,USA,0,1
2176,Tuan,Female,34,UK,0,0
2177,Inman,Male,35,Canada,1,1
2178,Hanson,Female,24,USA,1,0
2179,MacDonald,Female,43,Canada,0,1
2180,Parkes,Male,40,Canada,0,0
2181,Stanley,Female,42,USA,1,0
2182,Fischer,Female,46,UK,1,1
2183,Chinweuba,Male,38,Canada,1,0
2184,Henning,Male,38,USA,1,1
2185,Ogochukwu,Female,40,USA,0,1
2186,Narelle,Male,40,Canada,1,1
2187,Bergman,Male,37,UK,0,1
2188,Sagese,Male,34,Canada,1,1
2189,Anenechi,Female,32,Canada,1,1
2190,Palerma,Male,35,USA,1,1
2191,Okwudilichukwu,Female,59,UK,0,1
2192,Harrison,Female,47,Canada,0,1
2193,Jamieson,Male,33,USA,0,1
2194,Goodman,Male,37,USA,1,1
2195,Ko,Female,34,USA,1,1
2196,Norman,Female,58,Canada,0,0
2197,Ugochukwutubelum,Male,47,UK,1,1
2198,Uvarova,Male,35,Canada,1,1
2199,Chia,Male,48,Canada,0,1
2200,Piazza,Male,29,USA,0,1
2201,Power,Male,37,USA,1,1
2202,P'eng,Male,35,USA,0,1
2203,Johnson,Male,28,Canada,1,1
2204,Walker,Male,30,Canada,1,1
2205,Innes,Male,31,USA,0,1
2206,Francis,Male,38,Canada,0,0
2207,Chidozie,Male,34,USA,1,1
2208,Mackenzie,Female,33,USA,0,0
2209,Craigie,Female,46,USA,0,1
2210,Manfrin,Male,33,Canada,0,0
2211,Onyekachi,Female,34,UK,1,0
2212,Pethard,Male,40,USA,0,1
2213,Nwabugwu,Female,37,UK,0,0
2214,DeRose,Female,41,UK,1,1
2215,Ch'eng,Female,26,USA,1,0
2216,Padovesi,Male,36,USA,1,1
2217,Obielumani,Female,47,USA,0,1
2218,Stephens,Male,35,Canada,0,1
2219,Emery,Female,31,Canada,1,1
2220,Dufresne,Female,34,UK,1,0
2221,Lee,Female,49,UK,0,1
2222,Hsing,Female,35,UK,0,1
2223,Longo,Male,43,UK,1,1
2224,Vial,Male,34,USA,1,1
2225,Chukwudi,Male,55,Canada,0,1
2226,Grant,Male,38,UK,1,0
2227,Ma,Male,46,Canada,1,1
2228,Sun,Male,58,Canada,1,1
2229,Moss,Female,37,USA,0,1
2230,Booth,Male,44,Canada,0,1
2231,Ross,Female,30,USA,1,1
2232,Ndukaku,Male,35,USA,0,1
2233,Pruneda,Male,36,Canada,0,1
2234,Neumann,Male,38,Canada,0,0
2235,Calabrese,Female,38,USA,1,1
2236,Yobachukwu,Female,56,Canada,0,1
2237,Tung,Male,41,UK,0,0
2238,Marchesi,Female,30,USA,0,1
2239,Hess,Male,28,USA,1,1
2240,Pickering,Female,31,USA,1,1
2241,Mazzi,Female,33,UK,0,0
2242,Madukaego,Male,42,UK,0,1
2243,Trentino,Female,30,UK,1,1
2244,Paterson,Male,38,Canada,0,1
2245,Marchesi,Female,66,USA,1,1
2246,Anayolisa,Female,58,USA,1,1
2247,Poole,Female,39,Canada,0,1
2248,Zhou,Female,41,UK,1,0
2249,Bates,Female,37,Canada,0,0
2250,Olejuru,Male,35,USA,1,1
2251,Bustard,Male,20,Canada,1,1
2252,Wade,Female,25,Canada,0,1
2253,Tan,Female,33,UK,1,0
2254,Ngozichukwuka,Female,41,Canada,1,1
2255,Calabrese,Male,36,USA,1,0
2256,Lane,Male,43,Canada,1,1
2257,Forbes,Male,33,USA,1,1
2258,Davy,Female,35,Canada,1,1
2259,Ma,Female,36,USA,1,0
2260,Barrera,Female,41,USA,0,1
2261,Alexander,Male,55,USA,1,1
2262,Ngozichukwuka,Female,61,UK,1,1
2263,Murray,Male,43,USA,0,1
2264,Hall,Female,49,USA,0,0
2265,Padovesi,Female,29,USA,1,1
2266,Lysaght,Female,35,USA,0,1
2267,Kelechi,Female,37,UK,0,1
2268,Nebechi,Male,39,USA,0,1
2269,Hanson,Female,56,USA,0,1
2270,Kao,Female,33,USA,1,0
2271,Tu,Female,38,USA,0,0
2272,Palerma,Male,25,UK,0,1
2273,Fallaci,Female,57,UK,1,1
2274,Shen,Female,27,Canada,1,0
2275,Ts'ui,Female,65,USA,0,1
2276,Chikezie,Female,48,USA,1,1
2277,He,Female,59,USA,0,1
2278,Dreyer,Female,43,USA,0,1
2279,Short,Female,33,USA,1,0
2280,Hunt,Male,34,Canada,0,1
2281,Ricci,Male,36,USA,1,1
2282,Teng,Female,40,UK,0,0
2283,Ijendu,Male,37,USA,0,0
2284,Kibby,Male,45,USA,1,1
2285,Obiuto,Male,39,UK,0,1
2286,Ramos,Male,50,UK,1,1
2287,Calabrese,Male,44,UK,0,0
2288,Vasin,Male,26,USA,0,1
2289,Munro,Female,30,USA,1,1
2290,Keeley,Male,48,USA,1,0
2291,Archer,Male,50,Canada,0,1
2292,Murray,Male,27,Canada,0,1
2293,Chidiegwu,Male,27,USA,1,1
2294,Tang,Female,45,Canada,0,1
2295,Farrar,Male,33,USA,0,1
2296,Shaw,Male,40,USA,1,0
2297,Napolitani,Male,47,UK,1,0
2298,Greenhalgh,Female,40,USA,1,1
2299,Martin,Male,61,UK,1,1
2300,Hu,Female,25,UK,1,1
2301,Y?an,Female,45,Canada,0,1
2302,Odili,Female,61,USA,1,1
2303,H?,Female,49,USA,1,0
2304,Chiemela,Male,45,Canada,1,0
2305,Yuan,Female,35,Canada,1,1
2306,Clements,Male,29,USA,0,1
2307,Kolesnikov,Female,34,USA,0,1
2308,Rutherford,Male,57,UK,1,0
2309,Hsiung,Female,33,UK,0,1
2310,Angelo,Male,46,UK,1,1
2311,Mendes,Male,32,USA,1,1
2312,McGregor,Male,19,USA,0,0
2313,Bronner,Female,55,USA,0,0
2314,Mironova,Female,40,UK,0,1
2315,Ku,Female,28,Canada,0,1
2316,Evans,Female,37,USA,0,1
2317,Henderson,Female,50,UK,1,1
2318,Smith,Female,36,USA,1,1
2319,Russell,Male,33,Canada,1,1
2320,Sun,Female,37,UK,1,1
2321,McDonald,Female,38,UK,1,1
2322,Wong,Male,45,UK,1,1
2323,Niu,Female,41,Canada,0,1
2324,Fanucci,Male,51,USA,0,1
2325,Zetticci,Female,29,USA,1,1
2326,Hsia,Male,29,Canada,0,1
2327,McIntosh,Male,35,Canada,0,0
2328,Kozlova,Male,30,USA,1,1
2329,Meany,Male,29,Canada,1,1
2330,Thompson,Male,35,USA,0,1
2331,Le Gallienne,Female,39,Canada,1,1
2332,Cheng,Male,28,UK,0,1
2333,P'eng,Female,29,USA,0,1
2334,Lloyd,Male,36,Canada,0,1
2335,Wheeler,Female,37,Canada,0,0
2336,Christie,Female,48,UK,1,1
2337,He,Male,33,USA,0,1
2338,King,Female,35,Canada,0,0
2339,Favors,Male,37,USA,1,1
2340,Vida,Male,26,UK,0,0
2341,Thomas,Male,41,UK,0,0
2342,Wayn,Female,25,USA,0,1
2343,Tan,Male,44,Canada,0,1
2344,Gibson,Male,38,UK,1,1
2345,Y?,Female,49,UK,0,1
2346,Calabresi,Male,38,Canada,0,1
2347,Enyinnaya,Male,46,UK,0,0
2348,Ritchie,Male,55,UK,0,1
2349,Chia,Male,45,USA,0,0
2350,Wang,Female,42,UK,0,1
2351,Lorenzo,Female,58,UK,0,1
2352,Pai,Male,35,USA,0,1
2353,Nuttall,Female,45,Canada,1,1
2354,Osborne,Female,26,USA,0,1
2355,Ferri,Male,35,UK,0,1
2356,Hamilton,Female,42,Canada,1,1
2357,McEwan,Female,37,UK,0,1
2358,Lai,Female,38,USA,0,1
2359,Hs?,Male,43,USA,1,0
2360,Thompson,Male,32,UK,1,1
2361,Boyd,Female,41,UK,0,1
2362,Trevisani,Female,43,UK,1,1
2363,Lucciano,Male,45,UK,1,1
2364,Holman,Female,33,USA,1,0
2365,Bazhenov,Female,31,USA,0,0
2366,Douglas,Male,32,UK,0,0
2367,Hill,Male,34,USA,0,1
2368,Lo,Male,39,UK,0,1
2369,Forbes,Male,48,Canada,1,1
2370,Lin,Female,54,Canada,0,1
2371,Sinclair,Female,35,USA,0,1
2372,Kemp,Female,22,USA,1,1
2373,Ebelegbulam,Female,43,UK,0,1
2374,Woods,Male,31,USA,0,1
2375,Genovese,Male,29,Canada,0,1
2376,Tseng,Female,39,Canada,1,1
2377,Chiang,Male,31,Canada,1,1
2378,Williams,Male,50,USA,1,0
2379,Wilson,Female,38,USA,1,1
2380,Wang,Male,26,USA,0,0
2381,Moore,Male,34,USA,0,1
2382,Iadanza,Female,41,Canada,0,0
2383,Wallace,Male,30,USA,1,1
2384,Clark,Male,42,USA,0,0
2385,Y?,Female,40,USA,0,1
2386,Yermakov,Male,27,USA,0,0
2387,Wei,Male,46,USA,0,1
2388,Chukwunonso,Female,39,Canada,1,0
2389,McIntyre,Male,34,UK,0,1
2390,Ts'ai,Female,35,Canada,0,1
2391,Chung,Male,32,UK,0,1
2392,Tsou,Male,31,USA,0,1
2393,Aitken,Male,51,Canada,1,1
2394,Dawson,Male,28,UK,0,1
2395,Ward,Male,43,USA,1,1
2396,Pai,Male,52,USA,0,0
2397,Ifeanyichukwu,Female,27,USA,1,0
2398,Briggs,Female,34,Canada,0,1
2399,Morrison,Female,42,Canada,1,1
2400,Wall,Male,51,UK,0,1
2401,Nebechukwu,Male,34,UK,1,1
2402,Yao,Male,30,Canada,1,0
2403,Liao,Male,31,USA,0,1
2404,Ch'ang,Female,26,USA,1,0
2405,Burke,Male,37,UK,0,0
2406,Kay,Male,35,USA,0,1
2407,McIntyre,Male,32,Canada,1,1
2408,Chidiegwu,Female,43,UK,0,1
2409,Musgrove,Male,55,Canada,1,1
2410,Boulger,Male,37,UK,0,0
2411,Gow,Female,33,USA,0,1
2412,Amaechi,Female,31,UK,1,1
2413,Robe,Male,38,USA,0,1
2414,Bibi,Female,25,UK,1,1
2415,Niu,Female,52,USA,0,1
2416,Palerma,Male,32,USA,1,1
2417,Cocci,Male,46,USA,0,1
2418,Artemieva,Female,33,Canada,1,1
2419,Arcuri,Male,40,USA,1,1
2420,Owen,Female,57,Canada,1,0
2421,Franklin,Female,46,USA,0,1
2422,Lorenzo,Female,25,UK,1,1
2423,Muriel,Female,29,USA,1,1
2424,MacDevitt,Female,29,USA,0,1
2425,Chijindum,Male,31,USA,1,1
2426,Gibson,Female,39,Canada,1,1
2427,Whitehead,Female,41,USA,0,1
2428,Johnstone,Female,49,UK,1,1
2429,Endrizzi,Male,40,USA,0,1
2430,Burke,Male,31,USA,1,1
2431,Johnson,Female,41,UK,1,0
2432,Yeh,Male,22,USA,1,1
2433,Marshall,Male,39,UK,0,1
2434,Kao,Female,74,Canada,1,1
2435,Browne,Female,52,USA,0,1
2436,Taylor,Male,42,UK,0,1
2437,Gibbons,Male,37,Canada,0,0
2438,Nott,Male,41,USA,0,0
2439,Lei,Female,61,UK,1,1
2440,Alexeeva,Female,42,USA,0,1
2441,Sheets,Male,59,Canada,1,0
2442,Tokaryev,Male,29,Canada,1,1
2443,Ts'ui,Female,34,USA,0,1
2444,Johnston,Male,57,USA,1,0
2445,Kung,Female,29,UK,0,0
2446,Unwin,Female,34,USA,1,1
2447,Hsueh,Male,51,USA,1,1
2448,Hao,Male,26,USA,1,0
2449,L?,Male,28,UK,0,1
2450,Frater,Female,46,UK,1,0
2451,Brennan,Female,46,USA,0,1
2452,Pisani,Male,24,USA,0,1
2453,Golubev,Female,29,USA,0,1
2454,Vanmeter,Female,59,Canada,1,1
2455,Hs?,Female,51,UK,0,0
2456,Scott,Male,47,USA,1,0
2457,Crawford,Female,25,Canada,1,0
2458,P'eng,Female,38,Canada,1,0
2459,Rearick,Male,88,Canada,1,1
2460,Genovesi,Male,63,USA,0,0
2461,Glenny,Male,41,UK,0,1
2462,Marks,Male,40,USA,1,1
2463,Fleming,Female,53,USA,1,1
2464,Davison,Male,32,USA,1,0
2465,Chibuzo,Male,40,UK,1,1
2466,Wilson,Female,32,Canada,1,0
2467,Endrizzi,Male,32,UK,0,0
2468,Yuryeva,Female,27,USA,0,0
2469,Ugochukwu,Male,38,USA,1,1
2470,Lo Duca,Male,36,UK,1,1
2471,Gallo,Female,31,Canada,1,0
2472,Trout,Male,49,UK,0,1
2473,Morley,Male,38,USA,1,1
2474,Chou,Female,57,UK,0,1
2475,Shao,Female,37,USA,0,1
2476,Trentino,Male,32,USA,0,1
2477,Mazzanti,Female,38,UK,1,1
2478,Endrizzi,Female,41,USA,0,1
2479,Monaldo,Female,41,USA,0,1
2480,Otutodilinna,Female,40,USA,1,0
2481,Allen,Male,37,UK,1,1
2482,Milne,Female,57,USA,0,1
2483,Somadina,Male,40,Canada,0,0
2484,Chieloka,Male,37,USA,0,1
2485,Chukwuebuka,Male,39,USA,1,1
2486,Chioke,Female,38,USA,1,0
2487,Kovalev,Female,36,Canada,0,1
2488,Doherty,Female,32,USA,0,1
2489,Baranov,Female,21,Canada,0,0
2490,Rossi,Male,28,USA,1,1
2491,Robinson,Female,35,UK,0,1
2492,Bidencope,Female,26,Canada,1,1
2493,T'ien,Female,31,UK,1,1
2494,De Bernales,Male,23,Canada,1,1
2495,Wade,Male,46,USA,1,1
2496,Chung,Female,56,UK,0,1
2497,Stevenson,Female,45,USA,1,0
2498,Chienezie,Male,20,USA,1,1
2499,Cashin,Male,37,USA,1,1
2500,Seppelt,Female,37,USA,1,0
2501,Brownless,Male,38,USA,0,0
2502,McDonald,Female,38,UK,0,1
2503,Mamelu,Male,32,USA,0,1
2504,McGregor,Female,32,USA,0,0
2505,McDonald,Female,45,Canada,0,0
2506,Crawford,Female,37,UK,0,0
2507,Feng,Male,44,Canada,1,1
2508,Genovese,Male,33,USA,0,0
2509,Pirozzi,Male,46,USA,1,1
2510,Gibbs,Female,50,USA,0,1
2511,Milne,Female,52,USA,1,1
2512,Dickson,Female,34,UK,0,1
2513,O'Connor,Male,51,USA,1,1
2514,McGuirk,Male,39,USA,0,1
2515,Toscani,Female,26,UK,0,1
2516,Ruth,Male,40,USA,0,1
2517,Hughes,Female,36,USA,1,1
2518,Onyekaozulu,Male,36,UK,0,1
2519,Aksenov,Female,50,USA,1,1
2520,K'ung,Female,62,Canada,1,1
2521,Meng,Male,61,UK,0,1
2522,Nwoye,Male,25,UK,1,1
2523,Calabresi,Male,35,USA,0,0
2524,Milano,Female,24,USA,0,1
2525,Kirby,Male,52,Canada,1,1
2526,Ho,Male,34,USA,1,0
2527,Chukwuemeka,Female,29,Canada,0,0
2528,Hale,Male,42,USA,1,1
2529,K?,Male,26,USA,1,0
2530,Rice,Female,29,USA,1,1
2531,Brown,Female,45,USA,0,1
2532,Sagese,Male,47,UK,1,1
2533,Aksyonova,Female,60,USA,1,0
2534,Findlay,Male,61,USA,1,0
2535,Walker,Female,35,UK,0,1
2536,Hao,Male,40,UK,0,0
2537,Hammer,Male,58,USA,1,0
2538,Abbott,Female,33,USA,0,1
2539,Lucas,Male,38,Canada,1,1
2540,Davydova,Female,46,UK,0,1
2541,West,Female,45,UK,0,0
2542,Smith,Female,61,USA,1,0
2543,Mai,Male,41,UK,1,1
2544,Fiorentino,Female,24,Canada,1,0
2545,Freeman,Male,34,UK,0,0
2546,Nkemjika,Female,43,USA,1,1
2547,Ramos,Male,50,USA,1,1
2548,Mario,Female,59,Canada,1,0
2549,Chien,Male,50,USA,1,1
2550,Dubinina,Female,36,USA,1,1
2551,Wang,Male,42,USA,0,1
2552,Hsieh,Female,53,USA,1,1
2553,Moran,Female,46,Canada,0,1
2554,Hung,Male,71,Canada,1,1
2555,Moss,Male,30,Canada,0,0
2556,Fedorova,Male,38,USA,0,1
2557,Li,Female,41,Canada,1,1
2558,Nebechi,Male,26,USA,0,1
2559,Obialo,Female,30,UK,1,1
2560,Bateson,Female,40,UK,0,1
2561,Long,Female,30,Canada,0,0
2562,Nelson,Male,34,Canada,1,1
2563,Bell,Female,58,USA,1,0
2564,Udinese,Female,27,USA,1,1
2565,Mao,Female,38,USA,1,1
2566,Fanucci,Female,50,USA,1,0
2567,Yeh,Female,29,UK,1,1
2568,Onuoha,Male,42,USA,0,0
2569,Moore,Female,47,UK,1,1
2570,Thornton,Female,40,UK,0,1
2571,Warlow-Davies,Female,31,Canada,0,1
2572,Champion,Male,44,USA,1,0
2573,Mazzanti,Male,58,USA,1,1
2574,Macleod,Male,40,Canada,1,1
2575,Lei,Female,51,UK,1,0
2576,Lucchese,Male,54,UK,0,1
2577,Lombardo,Male,36,Canada,0,1
2578,William,Male,29,UK,0,1
2579,Wright,Female,32,USA,1,0
2580,Ozoemena,Male,30,UK,0,1
2581,Boyle,Female,38,UK,1,1
2582,Chinwendu,Male,31,USA,0,1
2583,Uwaezuoke,Female,46,USA,1,1
2584,Archambault,Female,31,USA,0,1
2585,Ko,Male,40,USA,0,0
2586,Udegbulam,Male,28,USA,1,1
2587,Greene,Male,50,USA,1,1
2588,Hunter,Male,33,USA,1,0
2589,Blinova,Male,32,USA,1,1
2590,De Garis,Male,44,USA,0,1
2591,Okwudiliolisa,Male,22,Canada,1,1
2592,Ts'ai,Male,38,UK,1,1
2593,Tuan,Male,40,UK,1,1
2594,Tseng,Male,53,UK,0,0
2595,Holmwood,Female,47,UK,0,1
2596,Thompson,Male,29,USA,0,1
2597,Y?,Female,28,USA,0,0
2598,Chidubem,Female,40,Canada,1,1
2599,Trevisani,Male,48,Canada,1,1
2600,Hsiung,Male,62,Canada,1,0
2601,Randall,Female,24,USA,0,1
2602,Leach,Female,41,Canada,1,1
2603,Godfrey,Male,28,UK,0,1
2604,Wallace,Female,34,UK,1,0
2605,Wei,Male,25,USA,0,1
2606,Mitchell,Female,34,Canada,0,1
2607,Light,Male,32,USA,1,1
2608,Capon,Male,31,USA,0,1
2609,Hou,Male,32,USA,1,1
2610,Rowe,Female,46,USA,1,1
2611,Holloway,Male,38,USA,1,1
2612,O'Sullivan,Male,42,USA,1,1
2613,Udinesi,Male,34,Canada,0,0
2614,Nwebube,Male,26,USA,1,0
2615,Chibueze,Female,58,UK,0,1
2616,Walker,Male,63,USA,1,1
2617,Gregory,Male,35,Canada,0,0
2618,Kuo,Male,45,UK,1,0
2619,Wilson,Female,30,USA,0,0
2620,Lanford,Male,49,Canada,0,0
2621,Meng,Male,35,USA,0,1
2622,Yeh,Female,36,USA,0,1
2623,Onwuatuegwu,Male,27,UK,1,1
2624,Goliwe,Female,28,USA,0,0
2625,Anthony,Female,29,Canada,0,0
2626,Scott,Male,29,UK,0,1
2627,Genovese,Female,29,UK,1,0
2628,Onyeorulu,Male,25,UK,0,1
2629,Myers,Male,48,UK,1,1
2630,Davey,Female,42,Canada,0,0
2631,Parsons,Female,36,UK,0,1
2632,Chikere,Male,35,USA,1,1
2633,Hs?eh,Male,48,Canada,1,1
2634,Sal,Male,41,USA,1,1
2635,Ts'ai,Female,42,Canada,0,1
2636,Witt,Female,27,USA,1,1
2637,Skelton,Male,30,Canada,1,1
2638,Kazantseva,Female,29,USA,0,1
2639,Bowhay,Male,43,USA,1,1
2640,Beyer,Female,40,UK,0,1
2641,Fries,Female,31,Canada,0,1
2642,Tao,Female,28,UK,1,0
2643,Kaodilinakachukwu,Female,22,Canada,0,1
2644,Ni,Male,27,USA,1,1
2645,Hsueh,Male,27,USA,1,0
2646,Connely,Male,23,USA,1,1
2647,Becker,Female,39,Canada,0,1
2648,Clayton,Male,51,USA,0,0
2649,Connolly,Male,21,USA,1,1
2650,Graham,Female,37,USA,0,1
2651,Ch'ien,Male,33,USA,0,1
2652,Manfrin,Male,40,UK,1,0
2653,Kuo,Female,38,USA,0,1
2654,Fomin,Male,26,Canada,0,1
2655,Chamberlain,Male,44,USA,0,1
2656,Barber,Male,53,UK,0,1
2657,Zimmer,Female,34,Canada,1,0
2658,Brazenor,Male,29,USA,1,1
2659,Cocci,Male,40,UK,0,0
2660,Caldwell,Female,62,USA,0,1
2661,Yirawala,Female,44,USA,1,1
2662,Donaldson,Female,28,USA,0,1
2663,Ozerova,Female,44,USA,0,0
2664,Bruce,Male,32,Canada,1,0
2665,Kang,Male,29,USA,1,1
2666,Rossi,Male,30,UK,0,1
2667,Ts'ai,Female,37,USA,1,1
2668,Moran,Male,35,USA,1,1
2669,Jennings,Male,52,USA,0,1
2670,Tokareva,Female,19,USA,0,1
2671,Pagnotto,Female,64,USA,1,0
2672,Castella,Male,35,Canada,1,0
2673,Du Cane,Male,34,USA,0,0
2674,Ferguson,Male,50,USA,0,1
2675,Odinakachukwu,Male,25,USA,0,1
2676,Woronoff,Male,38,UK,1,1
2677,Meng,Male,43,UK,0,1
2678,Sinclair,Female,38,USA,1,1
2679,Hsu,Female,38,USA,0,1
2680,Panicucci,Female,35,Canada,1,1
2681,Burns,Female,39,USA,0,1
2682,Onodugoadiegbemma,Male,36,UK,0,0
2683,Darling,Female,27,UK,0,1
2684,Maggard,Female,23,Canada,1,0
2685,Thomas,Female,28,Canada,0,0
2686,Lettiere,Male,60,USA,1,1
2687,Ponomaryov,Female,42,UK,1,0
2688,Oliver,Male,44,USA,0,0
2689,Chienezie,Male,32,UK,1,1
2690,Mao,Male,38,USA,1,0
2691,Ho,Male,42,Canada,0,1
2692,Lucchese,Female,37,USA,0,1
2693,Prokhorova,Male,31,USA,0,0
2694,Alekseyeva,Male,34,USA,1,0
2695,Blacklock,Male,29,UK,1,0
2696,Sazonova,Female,39,UK,0,1
2697,Henty,Female,40,Canada,1,1
2698,Li,Male,48,USA,1,1
2699,Azuka,Female,28,USA,0,1
2700,Alexander,Female,29,UK,1,1
2701,Brock,Male,31,USA,0,1
2702,Shen,Female,31,USA,0,1
2703,Padovesi,Female,30,USA,1,0
2704,Bulgakov,Male,46,UK,0,1
2705,Mazzanti,Male,27,USA,0,0
2706,Lord,Female,34,Canada,0,1
2707,Ramos,Male,22,USA,1,1
2708,Pai,Female,38,USA,0,0
2709,Yuan,Female,21,Canada,1,1
2710,Mao,Male,37,USA,0,0
2711,Uspenskaya,Male,37,UK,1,1
2712,Powell,Female,28,USA,1,1
2713,Brown,Female,32,UK,0,1
2714,Poole,Male,67,Canada,1,0
2715,McChesney,Female,55,USA,1,1
2716,Lucchese,Male,38,USA,1,0
2717,Clements,Male,45,USA,1,1
2718,Yuriev,Male,70,UK,1,1
2719,Endrizzi,Female,39,USA,1,0
2720,Pan,Female,42,UK,0,1
2721,Manfrin,Female,56,Canada,1,0
2722,Kennedy,Female,44,UK,1,1
2723,Conway,Female,32,USA,1,1
2724,Lablanc,Female,41,USA,1,1
2725,Dodd,Female,38,UK,0,1
2726,Muir,Female,58,USA,1,1
2727,Milanesi,Female,37,UK,0,0
2728,Shen,Male,57,UK,1,1
2729,Dillon,Male,46,UK,1,1
2730,Hoelscher,Male,23,USA,0,1
2731,Bell,Male,30,Canada,0,0
2732,Liao,Female,33,USA,1,1
2733,Udokamma,Female,48,UK,0,1
2734,Sinnett,Male,32,USA,0,1
2735,Palerma,Female,37,UK,1,0
2736,Chimaijem,Female,30,UK,0,1
2737,Porter,Male,36,UK,0,1
2738,Fan,Male,31,USA,1,0
2739,Palmer,Male,41,Canada,0,0
2740,Younger,Male,45,USA,0,0
2741,Burke,Male,34,UK,1,1
2742,Nwagugheuzo,Female,38,USA,0,1
2743,Young,Female,41,USA,1,1
2744,Watson,Male,22,USA,0,1
2745,Tseng,Male,38,Canada,0,1
2746,Drake,Male,52,UK,1,1
2747,Hanna,Male,36,USA,1,1
2748,Padovesi,Female,35,USA,1,1
2749,Loftus,Male,48,UK,0,1
2750,Buccho,Male,25,USA,1,1
2751,Lorenzo,Female,57,USA,1,1
2752,Ibezimako,Male,42,USA,1,1
2753,Wei,Female,31,Canada,0,0
2754,Ross,Female,28,USA,0,0
2755,Oluchukwu,Male,42,USA,1,1
2756,Walker,Male,31,Canada,1,0
2757,Wu,Male,29,USA,1,1
2758,Chidalu,Female,45,USA,0,1
2759,Ingram,Male,36,USA,0,0
2760,Ch'en,Male,37,USA,0,1
2761,Iredale,Male,68,UK,1,1
2762,Gallagher,Male,50,UK,1,1
2763,Padilla,Male,28,UK,1,1
2764,Potter,Female,47,UK,1,1
2765,Mao,Male,38,USA,1,0
2766,Schneider,Male,36,USA,1,1
2767,Ibragimova,Male,30,USA,1,1
2768,Huang,Female,27,UK,1,1
2769,Anderson,Male,26,USA,1,1
2770,Nakayama,Female,38,UK,0,1
2771,Gardener,Female,32,USA,1,1
2772,Aksenova,Male,28,UK,0,1
2773,Milne,Female,72,UK,1,1
2774,Onwumelu,Male,29,USA,0,0
2775,Kudryashova,Female,28,USA,1,1
2776,Hart,Male,51,Canada,1,1
2777,Teng,Male,39,USA,0,0
2778,Kruglova,Female,61,UK,0,1
2779,Palerma,Female,71,Canada,1,1
2780,Brookes,Male,38,UK,1,0
2781,Hsing,Male,40,Canada,1,1
2782,Shaffer,Female,61,UK,1,1
2783,Laurie,Male,24,USA,0,0
2784,Chung,Female,33,USA,0,0
2785,Whitfield,Female,37,UK,1,0
2786,Thomas,Male,43,USA,0,0
2787,Rioux,Female,40,UK,0,1
2788,Osonduagwuike,Male,46,USA,0,1
2789,Matveyev,Male,39,UK,0,1
2790,Hayward,Male,44,Canada,0,1
2791,Nkemdirim,Male,39,UK,1,1
2792,Brim,Female,66,Canada,1,1
2793,Trevisano,Female,45,USA,1,0
2794,Soubeiran,Male,23,UK,0,1
2795,Wilson,Male,52,USA,0,0
2796,Helena,Female,25,USA,1,0
2797,Duncan,Female,39,USA,1,1
2798,Hale,Male,27,UK,1,0
2799,Macdonald,Male,28,UK,0,1
2800,McKay,Male,43,USA,0,1
2801,Chiekwugo,Male,51,USA,0,1
2802,Skinner,Male,29,Canada,1,1
2803,Sorokina,Male,53,USA,1,1
2804,Weller,Female,43,UK,1,1
2805,Bess,Female,44,USA,1,1
2806,MacDonald,Female,51,USA,0,1
2807,Gray,Male,38,Canada,0,1
2808,Ogbonnaya,Male,33,USA,0,1
2809,Udegbulam,Male,42,USA,1,1
2810,Mai,Female,32,USA,1,1
2811,Yeh,Female,30,USA,1,1
2812,Babbage,Female,34,Canada,1,1
2813,Franklin,Male,28,USA,1,1
2814,Randell,Female,52,USA,0,1
2815,Paterson,Female,40,UK,0,1
2816,Pickering,Male,37,UK,0,1
2817,Uspensky,Male,25,USA,0,1
2818,Macleod,Female,30,Canada,1,1
2819,Nnaife,Male,37,USA,0,1
2820,Randolph,Female,34,USA,0,1
2821,Kudryashova,Female,31,USA,1,1
2822,George,Female,33,Canada,1,1
2823,Robertson,Female,34,Canada,0,1
2824,Yuryeva,Female,59,UK,1,0
2825,Hurst,Male,32,USA,1,1
2826,Ch'iu,Male,40,USA,1,1
2827,King,Female,43,USA,0,1
2828,Esposito,Male,36,USA,1,0
2829,Fraser,Male,33,Canada,0,0
2830,Trentini,Male,43,UK,1,1
2831,Nicholls,Male,53,Canada,1,0
2832,Montalvo,Female,32,USA,0,0
2833,Tien,Male,20,USA,1,1
2834,Chuang,Male,40,Canada,0,1
2835,Fang,Male,30,USA,0,0
2836,Kosisochukwu,Male,35,Canada,1,1
2837,Young,Male,60,USA,1,1
2838,Scott,Female,49,UK,1,0
2839,Yeh,Female,36,Canada,0,0
2840,Vigano,Female,32,UK,1,1
2841,Windradyne,Male,40,Canada,0,1
2842,Curnow,Male,38,USA,0,1
2843,Ugonna,Male,48,Canada,1,1
2844,De Neeve,Male,38,UK,1,1
2845,Ricci,Male,35,USA,1,0
2846,Nnaife,Male,45,UK,0,1
2847,Ebelechukwu,Male,39,UK,0,1
2848,Keating,Male,38,Canada,0,1
2849,Tuan,Female,41,USA,1,1
2850,Shearston,Male,41,USA,0,0
2851,Tien,Female,39,USA,1,0
2852,Hamilton,Female,48,USA,0,1
2853,Arnold,Male,40,USA,1,1
2854,Ting,Male,53,USA,1,1
2855,Chao,Male,33,USA,0,0
2856,Powell,Female,75,Canada,1,1
2857,Williams,Female,45,UK,0,1
2858,Cheng,Male,51,Canada,1,0
2859,Zhdanova,Male,25,USA,0,0
2860,Tsai,Male,32,Canada,0,1
2861,Nebechukwu,Male,45,USA,0,1
2862,Fetherstonhaugh,Female,25,USA,0,1
2863,Ojiofor,Male,33,UK,0,0
2864,Severson,Female,43,USA,0,1
2865,Speight,Male,37,UK,1,1
2866,Greenwalt,Male,21,USA,1,1
2867,Grover,Female,26,USA,1,1
2868,Milani,Female,27,Canada,1,0
2869,Akobundu,Male,36,Canada,0,1
2870,Anderson,Male,22,USA,0,1
2871,Chien,Female,55,USA,1,0
2872,Kennedy,Male,38,Canada,0,1
2873,Castiglione,Male,52,Canada,0,1
2874,Marshall,Female,36,UK,1,1
2875,Duncan,Male,32,UK,0,1
2876,Uspenskaya,Female,33,Canada,0,1
2877,Thomson,Female,35,Canada,1,1
2878,Calabrese,Male,67,Canada,1,1
2879,Herrera,Female,36,Canada,0,1
2880,Muse,Female,52,UK,0,1
2881,Marsden,Female,37,UK,0,1
2882,Artemyeva,Female,35,UK,1,1
2883,McKay,Male,37,USA,1,1
2884,Chuang,Female,38,USA,1,1
2885,Nicholls,Female,29,USA,1,0
2886,Dennis,Male,42,Canada,0,1
2887,Knight,Female,37,USA,0,1
2888,Webb,Female,26,UK,0,1
2889,Pugliesi,Male,37,UK,1,1
2890,Nebechukwu,Female,31,USA,1,0
2891,Ward,Male,34,Canada,0,0
2892,Nixon,Female,30,UK,0,1
2893,Chidubem,Male,44,USA,0,1
2894,Rivers,Male,50,USA,0,0
2895,Sochima,Male,31,USA,1,1
2896,Heydon,Male,47,UK,1,1
2897,Lombardo,Female,33,USA,1,0
2898,Holland,Female,29,UK,0,1
2899,Tien,Male,52,USA,0,1
2900,Bryant,Female,35,USA,0,1
2901,Hao,Female,26,Canada,1,0
2902,Genovesi,Male,73,USA,1,1
2903,Kovalev,Female,33,USA,1,1
2904,Hsieh,Female,47,USA,1,1
2905,Debellis,Female,35,USA,1,1
2906,Chibueze,Male,32,UK,1,0
2907,Padovano,Male,41,Canada,0,1
2908,Yen,Female,22,USA,1,1
2909,Kibble,Male,69,USA,1,1
2910,Lori,Male,38,UK,1,1
2911,Enemuo,Male,33,USA,0,0
2912,Lu,Female,52,USA,0,1
2913,Nebeolisa,Male,32,UK,1,1
2914,Stewart,Female,40,USA,1,1
2915,Ward,Male,28,USA,0,0
2916,Milanesi,Female,52,UK,0,1
2917,Chikwado,Male,56,USA,0,1
2918,Douglas,Male,57,USA,1,1
2919,Sal,Female,38,UK,0,1
2920,Douglas,Female,42,Canada,0,0
2921,Yates,Female,33,USA,1,1
2922,Watt,Female,46,UK,1,1
2923,P'an,Male,34,Canada,0,0
2924,H?,Male,41,UK,1,1
2925,Perry,Female,29,UK,0,1
2926,Lavrov,Female,76,USA,1,1
2927,Chiekwugo,Male,63,USA,1,1
2928,Macdonald,Male,32,USA,1,1
2929,Jenkins,Female,39,UK,0,1
2930,Korovina,Male,32,UK,1,1
2931,Manning,Male,42,UK,0,1
2932,Wilson,Female,37,UK,0,1
2933,Begum,Female,54,USA,0,1
2934,Ingrassia,Male,46,Canada,0,1
2935,Maclean,Male,33,USA,1,1
2936,Olejuru,Male,35,Canada,0,1
2937,Enyinnaya,Male,44,USA,1,1
2938,Watson,Male,28,Canada,0,1
2939,Langdon,Male,27,USA,1,1
2940,Frolov,Female,39,USA,1,0
2941,Chikezie,Female,28,Canada,1,1
2942,Zetticci,Female,26,Canada,1,0
2943,Yang,Female,42,USA,1,1
2944,Lin,Female,41,USA,0,0
2945,Goddard,Male,32,USA,0,1
2946,Rogers,Male,20,UK,0,0
2947,Zubareva,Male,42,USA,1,1
2948,Onochie,Male,36,USA,1,0
2949,Ts'ui,Female,29,USA,0,0
2950,Newsom,Male,39,Canada,1,1
2951,Genovese,Female,37,Canada,1,1
2952,Thorpe,Male,31,UK,1,1
2953,Horton,Male,51,USA,0,1
2954,Williamson,Female,43,USA,1,1
2955,Shoobridge,Female,33,USA,0,1
2956,Peng,Female,46,USA,1,1
2957,Gray,Male,30,USA,0,1
2958,Watson,Female,41,USA,1,1
2959,Fyodorova,Male,29,USA,1,0
2960,Bazhenov,Male,25,USA,0,1
2961,Solomon,Female,29,UK,0,1
2962,Layh,Male,31,Canada,1,1
2963,John,Male,38,USA,1,1
2964,Tuan,Female,51,USA,1,0
2965,Slattery,Male,46,USA,0,0
2966,Onyekachi,Male,36,UK,0,1
2967,Genovese,Male,45,USA,0,1
2968,Daniels,Female,39,UK,0,0
2969,Caldwell,Female,36,Canada,1,1
2970,Chiemenam,Male,34,USA,0,0
2971,Wanliss,Male,45,USA,1,0
2972,Bruce,Male,30,Canada,0,1
2973,Wright,Male,42,Canada,0,1
2974,Fang,Female,56,USA,1,1
2975,Eames,Male,59,UK,1,1
2976,Sutherland,Male,37,USA,1,1
2977,Cavenagh,Male,39,USA,1,1
2978,Dumetolisa,Female,45,Canada,0,1
2979,Mackay,Female,35,USA,1,0
2980,Dellucci,Male,40,USA,1,1
2981,Kenyon,Female,41,Canada,0,1
2982,Parry,Male,39,UK,0,1
2983,Kennedy,Female,43,Canada,0,1
2984,Arnott,Male,35,UK,1,1
2985,Hanson,Male,35,USA,1,1
2986,T'ao,Male,30,USA,0,1
2987,Shen,Male,42,UK,0,1
2988,Steere,Female,26,UK,0,0
2989,Abbott,Male,47,USA,0,1
2990,Sutherland,Female,45,Canada,0,1
2991,Thurgood,Male,19,UK,0,0
2992,Johnson,Male,49,USA,0,1
2993,Lung,Female,51,USA,1,0
2994,Cocci,Female,59,Canada,1,1
2995,Matveyeva,Female,39,USA,1,0
2996,Moore,Female,29,USA,0,1
2997,Yobachukwu,Female,45,Canada,0,1
2998,Fleming,Female,26,USA,1,0
2999,Dickinson,Male,47,USA,0,1
3000,Evseyev,Male,33,USA,1,0
3001,Aksenov,Female,40,USA,1,0
3002,Fleming,Female,43,Canada,1,1
3003,Ulyanov,Female,32,UK,0,0
3004,Summers,Male,55,USA,1,0
3005,Clements,Male,47,UK,1,1
3006,Kazakova,Male,39,USA,0,1
3007,Pirozzi,Female,45,USA,0,1
3008,Jamieson,Male,33,USA,1,0
3009,Ferri,Male,62,USA,1,0
3010,Mai,Male,31,USA,1,1
3011,Hannaford,Male,47,USA,0,1
3012,Fomin,Male,30,Canada,0,1
3013,Mahon,Female,41,USA,0,1
3014,Shaw,Female,27,USA,0,1
3015,Volkova,Male,43,Canada,0,1
3016,Miles,Male,43,UK,0,1
3017,Madison,Male,32,USA,1,0
3018,Scott,Female,29,Canada,0,1
3019,Voss,Female,27,USA,0,1
3020,Colebatch,Male,29,USA,1,1
3021,Wilson,Female,38,USA,0,0
3022,T'ang,Male,36,USA,1,1
3023,Gibson,Female,27,Canada,1,1
3024,Hs?eh,Male,39,USA,0,1
3025,Pan,Male,41,UK,1,0
3026,Chikelu,Female,39,USA,1,1
3027,Allan,Male,40,USA,0,0
3028,Yefremova,Female,42,USA,0,0
3029,Chuang,Female,48,UK,1,1
3030,Fan,Male,39,Canada,0,1
3031,Dellucci,Male,20,USA,0,0
3032,Garran,Female,22,USA,1,1
3033,Moretti,Female,45,Canada,0,1
3034,Yao,Female,85,USA,1,1
3035,Lucchesi,Male,36,USA,1,1
3036,Nkemdilim,Male,45,UK,0,0
3037,Anderson,Male,43,USA,0,1
3038,Sagese,Male,21,USA,1,1
3039,Rubensohn,Male,47,USA,0,1
3040,Baldwin,Female,26,Canada,1,1
3041,Iqbal,Male,38,USA,0,1
3042,Monaldo,Male,34,USA,1,1
3043,Mahon,Female,29,UK,0,0
3044,Muir,Female,38,USA,0,1
3045,Burns,Male,29,Canada,1,1
3046,Dyer,Male,27,UK,1,1
3047,Lyons,Female,31,UK,1,0
3048,H?,Male,48,Canada,1,1
3049,Gardiner,Female,37,Canada,0,1
3050,Cameron,Male,32,USA,1,1
3051,Chapman,Female,44,USA,1,1
3052,Taylor,Male,53,USA,1,1
3053,Namatjira,Male,35,USA,1,1
3054,He,Female,34,USA,0,1
3055,Leibius,Male,67,Canada,1,0
3056,White,Male,44,USA,0,1
3057,Wall,Male,58,USA,1,1
3058,Moretti,Male,33,USA,0,1
3059,Patterson,Female,58,Canada,1,1
3060,Coppin,Female,33,USA,0,0
3061,Tsao,Female,43,USA,1,1
3062,Kao,Male,33,UK,1,1
3063,Stewart,Female,40,USA,1,1
3064,Tuan,Male,32,USA,1,1
3065,Barnes,Male,35,Canada,0,1
3066,Sun,Male,42,USA,1,1
3067,Fallaci,Female,28,USA,0,1
3068,Buccho,Male,31,UK,0,1
3069,Tien,Female,31,USA,1,1
3070,Pirozzi,Male,43,USA,1,1
3071,Liu,Male,32,Canada,0,1
3072,Long,Male,32,USA,1,0
3073,Scott,Female,30,USA,0,1
3074,Gerasimova,Female,32,UK,1,1
3075,Ifeatu,Female,44,UK,0,1
3076,De Luca,Male,35,USA,1,1
3077,Ogbonnaya,Female,43,UK,1,1
3078,Humffray,Male,33,UK,0,1
3079,Degtyaryov,Female,36,Canada,1,1
3080,Monaldo,Female,34,UK,0,0
3081,Cawthorne,Male,28,Canada,0,1
3082,Graham,Male,29,USA,0,0
3083,Carpenter,Female,44,USA,0,1
3084,Kambinachi,Male,40,USA,0,1
3085,Tyler,Female,30,USA,0,1
3086,Martin,Female,54,USA,0,1
3087,Walker,Female,22,USA,1,1
3088,Khan,Male,36,USA,1,1
3089,Iroawuchi,Male,25,UK,1,1
3090,Summers,Male,40,USA,0,1
3091,Bottrill,Female,43,Canada,1,0
3092,Hu,Male,37,USA,1,0
3093,Jones,Female,31,USA,0,0
3094,Vincent,Male,41,Canada,1,0
3095,Sanford,Female,25,UK,0,0
3096,Brown,Male,19,USA,0,1
3097,Lei,Male,59,UK,0,0
3098,Toscani,Male,30,UK,0,1
3099,Chien,Female,24,USA,1,1
3100,Uchenna,Male,60,Canada,1,1
3101,Lori,Male,35,UK,1,1
3102,Fanucci,Male,32,UK,0,1
3103,Chimaobim,Female,29,USA,0,1
3104,Jowers,Female,47,USA,0,1
3105,Miller,Male,31,UK,0,1
3106,Kirsova,Female,28,USA,1,1
3107,T'ien,Female,45,USA,1,1
3108,Ku,Female,30,Canada,1,1
3109,Chin,Female,28,Canada,1,1
3110,Law,Female,47,UK,0,0
3111,Chung,Female,74,UK,1,1
3112,Cockrum,Male,42,UK,0,1
3113,Greaves,Female,40,USA,0,1
3114,Grant,Male,32,USA,1,1
3115,O'Donnell,Female,40,USA,1,1
3116,Maclean,Male,21,USA,1,1
3117,Hsieh,Female,39,USA,1,1
3118,Hs?,Male,43,Canada,0,0
3119,Mazzanti,Male,33,USA,0,1
3120,Chiu,Female,51,UK,0,0
3121,Reeves,Female,23,Canada,0,1
3122,Castiglione,Male,27,UK,0,1
3123,Ferguson,Male,29,USA,0,1
3124,Nnamdi,Male,30,USA,0,1
3125,Wu,Male,39,USA,0,1
3126,Chu,Female,26,Canada,1,1
3127,King,Male,43,USA,0,1
3128,Charlton,Male,33,UK,0,0
3129,Marsh,Female,34,Canada,1,0
3130,Walker,Male,37,UK,1,1
3131,Chang,Female,56,Canada,0,1
3132,Pottinger,Female,39,UK,1,0
3133,Buckley,Male,39,USA,1,1
3134,Folliero,Female,27,USA,0,1
3135,Olisanugo,Male,34,USA,0,1
3136,Kent,Male,37,USA,1,0
3137,Jessop,Male,44,USA,1,1
3138,Hodge,Male,48,USA,0,1
3139,Ignatiev,Male,60,USA,1,1
3140,Chambers,Female,40,USA,1,1
3141,Mansom,Male,30,Canada,0,1
3142,Yen,Female,24,UK,0,0
3143,Azikiwe,Female,76,USA,1,0
3144,Allen,Female,41,UK,0,1
3145,Komarova,Male,55,Canada,1,0
3146,Mackay,Female,48,UK,0,0
3147,Yu,Female,28,USA,1,1
3148,Curtis,Male,44,Canada,0,1
3149,Fang,Female,39,USA,1,1
3150,Page,Female,34,Canada,0,1
3151,Olisaemeka,Female,35,UK,1,0
3152,Brennan,Female,39,USA,0,0
3153,Sutton,Female,40,USA,0,1
3154,Hyde,Female,29,USA,1,1
3155,Nkemakolam,Male,51,USA,1,0
3156,Chimaijem,Male,32,Canada,1,1
3157,Sung,Female,41,UK,0,1
3158,Chiganu,Male,34,Canada,0,0
3159,Beneventi,Female,31,USA,0,1
3160,Esposito,Male,23,USA,0,1
3161,Owen,Male,28,USA,1,1
3162,Smalley,Male,34,Canada,1,0
3163,Hsiung,Male,34,Canada,1,0
3164,Ch'ang,Female,37,UK,1,1
3165,Barton,Female,38,USA,0,1
3166,Lucchese,Female,39,USA,0,1
3167,Hsia,Male,62,UK,1,0
3168,Pope,Female,48,USA,1,1
3169,Horrocks,Female,49,USA,1,1
3170,Tai,Male,40,Canada,0,1
3171,Chikezie,Female,35,UK,0,0
3172,Frye,Female,56,USA,1,1
3173,Toscani,Male,32,UK,0,0
3174,Mellor,Female,27,USA,0,1
3175,Kang,Male,43,Canada,1,1
3176,Sutherland,Female,35,USA,0,1
3177,Hs?,Male,29,UK,0,1
3178,Ting,Female,27,USA,1,0
3179,Chuang,Female,39,USA,1,1
3180,Chu,Female,34,USA,1,1
3181,Ozoemena,Female,60,USA,0,1
3182,Howells,Female,37,Canada,0,1
3183,Lucchese,Female,43,USA,1,1
3184,Nnonso,Male,43,USA,0,1
3185,Gerasimova,Male,55,UK,1,1
3186,Woronoff,Female,45,UK,1,1
3187,Wilhelm,Female,36,UK,1,1
3188,Nebechukwu,Female,45,Canada,1,0
3189,Anenechukwu,Female,32,USA,1,1
3190,Meredith,Female,42,USA,0,1
3191,Chinomso,Female,28,USA,1,1
3192,Stephenson,Male,32,USA,0,1
3193,Chimaoke,Male,66,Canada,1,1
3194,Winters,Female,49,USA,0,1
3195,Napolitani,Female,26,USA,0,1
3196,L?,Male,29,UK,0,0
3197,Williams,Male,36,USA,0,1
3198,Giles,Male,36,Canada,0,0
3199,Wang,Male,23,USA,0,1
3200,Robertson,Female,46,USA,1,1
3201,Murray,Male,24,Canada,1,1
3202,Greco,Male,20,USA,0,1
3203,Marchesi,Female,33,USA,0,1
3204,Chao,Male,69,USA,1,1
3205,Hawthorn,Male,50,UK,1,0
3206,Bibi,Female,42,USA,0,1
3207,Hawdon,Male,60,UK,0,1
3208,Moss,Male,56,Canada,1,0
3209,Briggs,Male,36,UK,0,1
3210,McIntyre,Male,26,USA,1,1
3211,Russo,Female,53,Canada,1,1
3212,Ballard,Female,27,UK,0,0
3213,Hs?,Male,35,USA,1,1
3214,Pisani,Male,46,Canada,1,1
3215,Tao,Male,33,USA,0,1
3216,Thomson,Female,32,USA,0,0
3217,Hsu,Male,31,UK,1,0
3218,Morrison,Female,56,Canada,1,1
3219,Joslin,Male,36,USA,0,1
3220,Scott,Female,37,UK,1,1
3221,Bidwill,Male,30,UK,0,0
3222,Cameron,Female,24,Canada,1,0
3223,Cartwright,Male,30,USA,0,1
3224,Yao,Male,39,Canada,0,0
3225,Tate,Female,41,UK,0,1
3226,Neal,Female,32,UK,0,0
3227,Yao,Male,35,UK,1,1
3228,Burns,Male,26,USA,0,1
3229,Onyinyechukwuka,Female,29,USA,1,1
3230,Fulks,Female,66,USA,0,1
3231,Christie,Female,33,USA,1,1
3232,Lloyd,Male,36,USA,0,1
3233,Ball,Female,34,USA,1,1
3234,Genovesi,Male,36,Canada,1,1
3235,Alexander,Male,47,USA,0,1
3236,Siciliano,Male,34,Canada,1,1
3237,Ositadimma,Female,32,Canada,1,1
3238,Kazantsev,Male,38,Canada,1,0
3239,Giles,Male,54,USA,0,1
3240,Hao,Female,19,Canada,0,1
3241,Martin,Male,50,USA,0,1
3242,Hartley,Female,31,UK,1,1
3243,Allan,Female,36,USA,0,0
3244,Dolgorukova,Male,24,USA,1,0
3245,Nnamdi,Female,32,UK,1,1
3246,Romano,Female,45,UK,1,0
3247,Chuang,Male,57,USA,0,1
3248,Owen,Male,25,Canada,0,1
3249,Singh,Male,35,USA,0,1
3250,Nwagugheuzo,Male,37,USA,1,0
3251,Shipton,Male,58,USA,1,0
3252,Paterson,Male,43,UK,0,1
3253,Rivas,Male,31,USA,0,1
3254,Lung,Female,38,USA,1,1
3255,Allan,Male,50,UK,0,1
3256,Fetherstonhaugh,Female,29,USA,0,0
3257,Lung,Male,38,Canada,0,0
3258,Davidson,Female,58,USA,1,1
3259,Mai,Female,36,UK,1,1
3260,Dellucci,Male,31,USA,0,1
3261,Mitchell,Female,33,Canada,0,0
3262,Sun,Male,51,USA,1,1
3263,Napolitano,Male,48,UK,0,0
3264,Bailey,Male,43,USA,0,1
3265,Hoolan,Male,35,USA,0,1
3266,Kent,Female,33,USA,0,1
3267,Chou,Male,30,Canada,1,1
3268,Pepper,Female,40,UK,0,1
3269,Abramowitz,Male,54,USA,0,1
3270,Lord,Male,33,UK,0,1
3271,Wilson,Female,33,USA,0,1
3272,Abazu,Male,32,Canada,0,0
3273,Harriman,Female,59,USA,1,1
3274,Frankland,Female,43,Canada,0,1
3275,Pinto,Female,31,USA,1,1
3276,Kwemtochukwu,Male,25,USA,1,0
3277,Chiu,Female,54,UK,1,1
3278,Yu,Female,41,USA,0,1
3279,Onyekachukwu,Male,44,USA,0,1
3280,Castiglione,Male,37,Canada,0,1
3281,To Rot,Female,57,USA,1,0
3282,Anenechukwu,Female,32,USA,1,1
3283,Henderson,Female,39,USA,1,1
3284,Ellis,Female,48,UK,0,1
3285,Nkemdirim,Male,48,USA,1,1
3286,Kang,Female,43,UK,0,0
3287,Lear,Female,31,USA,1,0
3288,Jamieson,Male,37,USA,1,1
3289,Mazzanti,Female,30,USA,1,1
3290,Marino,Female,23,Canada,0,1
3291,Winter,Female,30,USA,0,1
3292,T'ien,Female,28,USA,1,1
3293,Hughes-Jones,Female,41,USA,0,1
3294,Cody,Female,39,USA,1,1
3295,Hunt,Male,39,UK,1,0
3296,Estrada,Female,19,Canada,0,1
3297,Dickinson,Female,26,UK,0,1
3298,Fanucci,Female,41,Canada,0,1
3299,Yang,Male,25,UK,0,1
3300,Forbes,Male,34,USA,1,1
3301,Heard,Male,28,UK,0,1
3302,Efremova,Male,34,USA,1,1
3303,Morphett,Male,35,Canada,1,1
3304,Lenhardt,Female,44,USA,1,1
3305,Burns,Male,35,UK,0,1
3306,Ch'ien,Female,62,USA,1,1
3307,Sun,Female,40,USA,0,1
3308,Jamieson,Female,38,USA,1,1
3309,Nolan,Female,62,USA,1,0
3310,Barry,Female,28,USA,1,1
3311,Saunders,Male,50,Canada,0,1
3312,McMorran,Male,72,Canada,1,1
3313,Phelan,Female,31,USA,0,1
3314,Fu,Male,54,USA,1,1
3315,Hotchin,Female,63,Canada,1,1
3316,Aksyonov,Female,25,USA,1,0
3317,Rossi,Male,53,USA,0,1
3318,Hughes,Male,71,USA,1,1
3319,Duncan,Female,40,USA,1,1
3320,McGarry,Male,35,USA,0,0
3321,Aksenov,Male,24,USA,1,0
3322,Akhtar,Male,30,USA,1,1
3323,Pisani,Female,41,USA,1,1
3324,Pisano,Female,31,Canada,0,1
3325,McDaniels,Male,47,Canada,1,0
3326,Tennant,Female,32,USA,1,1
3327,Donaghy,Male,50,UK,1,0
3328,Todd,Male,40,Canada,1,1
3329,Tobenna,Female,38,USA,0,1
3330,Vicars,Female,43,USA,0,0
3331,Chao,Male,18,USA,1,1
3332,Tien,Male,34,USA,0,0
3333,Hsing,Male,31,USA,0,0
3334,Yang,Female,41,UK,0,1
3335,Walker,Male,27,USA,0,0
3336,T'ang,Female,31,Canada,0,1
3337,Chukwukere,Male,36,Canada,0,1
3338,Ch'iu,Male,56,Canada,0,0
3339,Pai,Female,24,Canada,1,1
3340,Franklin,Female,28,Canada,0,1
3341,Y?,Male,29,UK,1,1
3342,Peng,Female,29,USA,1,0
3343,Otitodilichukwu,Male,53,UK,1,1
3344,Pagnotto,Male,37,USA,0,0
3345,Vessels,Male,33,UK,0,1
3346,Heller,Female,31,USA,0,1
3347,Donaldson,Male,63,USA,1,0
3348,Ifeanyichukwu,Male,45,USA,0,0
3349,Kao,Male,40,USA,0,0
3350,Dunn,Female,45,UK,0,1
3351,Calabresi,Male,35,Canada,1,0
3352,Holland,Female,34,UK,0,1
3353,Calabresi,Male,40,USA,1,1
3354,Butusov,Female,31,USA,1,1
3355,Atkinson,Female,36,USA,1,0
3356,Vasilyeva,Male,24,UK,1,1
3357,Mollison,Male,41,UK,1,1
3358,Webb,Male,29,UK,1,0
3359,Obiajulu,Female,33,UK,0,0
3360,Aiken,Male,60,Canada,1,1
3361,Brabyn,Male,38,USA,1,1
3362,Su,Female,48,UK,0,0
3363,Traeger,Female,33,USA,0,0
3364,Ekwueme,Male,38,UK,0,1
3365,Thompson,Male,47,USA,0,0
3366,Chinwenma,Female,34,Canada,1,1
3367,Tuan,Female,74,UK,1,1
3368,Tsai,Male,40,UK,1,0
3369,Liu,Male,67,USA,1,1
3370,Robinson,Female,33,USA,1,1
3371,Carr,Female,47,Canada,0,1
3372,Palerma,Female,43,UK,1,0
3373,Chineze,Female,37,USA,1,0
3374,Fang,Male,37,USA,0,1
3375,Simpson,Male,55,Canada,1,0
3376,Moretti,Female,58,USA,1,1
3377,Hale,Female,40,UK,1,1
3378,Benson,Female,37,UK,1,1
3379,Estep,Male,72,UK,1,1
3380,Mishina,Female,45,Canada,1,1
3381,Abramovich,Female,26,Canada,0,1
3382,Lavrentiev,Male,49,USA,0,1
3383,Alexeyeva,Female,72,UK,1,1
3384,T'ang,Male,39,UK,1,0
3385,Kilgour,Female,66,USA,1,1
3386,Chin,Male,41,USA,1,1
3387,Fiorentini,Male,41,Canada,0,1
3388,Lori,Male,84,UK,1,1
3389,Marchesi,Male,25,UK,1,1
3390,Sheppard,Female,55,Canada,0,1
3391,Nnanna,Female,32,USA,1,1
3392,Norris,Female,46,USA,0,0
3393,Vincent,Male,33,UK,1,1
3394,Bradley,Male,30,USA,1,1
3395,Bellucci,Male,29,USA,1,1
3396,Clements,Female,22,USA,0,1
3397,Knowles,Male,71,USA,1,1
3398,Chidiebere,Male,33,USA,0,1
3399,Kelly,Male,41,USA,1,0
3400,Okwukwe,Female,31,USA,0,1
3401,Onyemere,Male,31,USA,1,1
3402,Murphy,Female,33,USA,0,1
3403,Elliott,Female,26,USA,1,1
3404,Loggia,Female,62,USA,1,1
3405,Walsh,Female,23,USA,0,1
3406,Mahomed,Male,60,USA,1,1
3407,Dolgorukova,Female,29,Canada,0,1
3408,Bogdanov,Male,40,USA,0,1
3409,She,Female,40,UK,1,1
3410,Cook,Female,46,UK,0,0
3411,Bruno,Male,36,UK,0,0
3412,Moysey,Female,37,USA,0,0
3413,Beneventi,Male,26,UK,1,1
3414,Ferri,Male,39,USA,0,1
3415,Skinner,Female,37,USA,1,1
3416,Angel,Male,40,Canada,0,0
3417,Toosey,Male,38,USA,0,0
3418,Chin,Female,42,USA,0,0
3419,Lung,Female,42,USA,0,1
3420,Mellor,Female,26,USA,1,1
3421,Hassall,Male,31,USA,1,1
3422,Richardson,Female,39,USA,0,1
3423,Poninski,Male,35,UK,1,1
3424,Dore,Male,32,Canada,1,1
3425,Bonham,Male,42,Canada,0,0
3426,Ibezimako,Male,43,UK,1,1
3427,Hunter,Male,49,Canada,0,0
3428,Bold,Male,41,USA,0,1
3429,Wan,Female,35,USA,0,0
3430,Bradley,Female,43,UK,0,0
3431,Tretyakova,Male,37,USA,1,1
3432,Graham,Male,36,USA,0,0
3433,Izmailov,Male,26,USA,0,1
3434,Calabrese,Female,37,UK,0,1
3435,Valentin,Male,66,USA,1,1
3436,Osonduagwuike,Female,34,UK,1,1
3437,Williamson,Male,41,USA,1,1
3438,Pan,Female,32,USA,0,0
3439,Carpenter,Female,30,USA,1,1
3440,McIver,Male,36,USA,1,1
3441,Trevisan,Female,47,USA,1,1
3442,Rozhkova,Male,36,USA,1,1
3443,He,Female,30,UK,1,1
3444,Moretti,Female,46,Canada,0,1
3445,Fishbourne,Male,43,Canada,1,1
3446,Gibson,Male,28,UK,0,1
3447,Zikoranachidimma,Male,37,USA,1,1
3448,Palmer,Male,32,UK,0,1
3449,Chukwueloka,Female,31,Canada,0,1
3450,Real,Male,49,UK,1,1
3451,Chikelu,Male,40,USA,0,1
3452,Fiorentini,Female,21,USA,0,1
3453,Yefimova,Male,57,USA,1,1
3454,Ball,Male,40,UK,0,0
3455,Ch'in,Male,24,USA,1,1
3456,Odell,Male,29,USA,1,1
3457,Enemuo,Male,33,USA,0,0
3458,Hunter,Male,36,Canada,0,0
3459,Nepean,Female,37,USA,0,0
3460,Nwebube,Female,40,USA,1,0
3461,Enticknap,Male,39,UK,0,0
3462,Lu,Male,35,Canada,0,1
3463,Ugochukwu,Female,62,USA,1,0
3464,Mann,Male,43,UK,0,1
3465,Murphy,Female,37,Canada,0,1
3466,Docherty,Female,43,UK,0,0
3467,Adams,Male,28,USA,0,1
3468,Hirst,Female,42,UK,1,0
3469,Horan,Female,49,USA,1,1
3470,Cumbrae-Stewart,Female,26,Canada,1,1
3471,Kinney,Female,36,USA,1,0
3472,T'ang,Female,27,USA,1,1
3473,Muir,Male,40,USA,1,0
3474,Toscano,Female,42,USA,1,0
3475,Wallace,Male,33,Canada,0,0
3476,Fraser,Male,31,USA,1,1
3477,Iqbal,Male,30,Canada,0,0
3478,Nina,Female,40,Canada,1,1
3479,Chuang,Male,28,USA,0,1
3480,Ch'ien,Male,46,USA,0,1
3481,Bruno,Female,30,UK,0,1
3482,Kennedy,Female,34,Canada,1,1
3483,Lawrence,Male,37,Canada,1,1
3484,Mort,Male,39,Canada,1,1
3485,Goliwe,Male,28,UK,1,1
3486,Martinez,Male,33,USA,0,1
3487,Vasilyev,Female,25,Canada,0,1
3488,Black,Female,31,USA,1,0
3489,Napolitani,Female,35,Canada,0,1
3490,Ch'en,Male,43,Canada,0,0
3491,Sagese,Male,29,USA,0,0
3492,Fraser,Male,35,UK,0,1
3493,Hughes,Female,45,USA,1,0
3494,Giles,Male,47,Canada,0,1
3495,Lacross,Female,37,USA,1,1
3496,Pisani,Male,46,UK,0,1
3497,King,Male,27,USA,1,1
3498,Maughan,Female,63,USA,0,0
3499,Palerma,Female,41,USA,1,0
3500,Tochukwu,Male,74,USA,1,1
3501,Slate,Female,32,USA,0,1
3502,Ch'ang,Female,30,UK,0,0
3503,Romani,Male,46,UK,0,1
3504,Genovese,Male,35,USA,0,0
3505,Chiebuka,Female,37,USA,1,0
3506,Liao,Male,45,USA,1,1
3507,Berry,Male,45,Canada,1,0
3508,Fallaci,Male,36,USA,1,1
3509,T'an,Female,34,USA,1,1
3510,Wilkinson,Male,37,USA,1,1
3511,Palerma,Male,35,USA,0,1
3512,Lazarev,Female,42,USA,1,1
3513,Boylan,Male,18,Canada,1,1
3514,Warren,Female,33,USA,0,0
3515,Trevisani,Female,32,Canada,0,0
3516,Trevisano,Female,37,Canada,1,0
3517,Liao,Female,34,USA,1,1
3518,Burgess,Male,18,Canada,0,0
3519,Liston,Female,39,USA,0,0
3520,Thompson,Female,41,Canada,0,1
3521,Milanesi,Female,43,USA,0,1
3522,Mazure,Male,49,Canada,1,0
3523,Rudduck,Female,38,USA,1,1
3524,Darwin,Male,35,USA,0,1
3525,Uvarova,Female,35,USA,1,1
3526,Buccho,Male,31,UK,0,1
3527,Gallo,Female,30,USA,0,1
3528,Tomlinson,Male,69,USA,1,1
3529,Carr,Male,28,USA,1,1
3530,Ts'ui,Female,24,USA,0,1
3531,Coates,Female,42,Canada,0,1
3532,Hickey,Female,84,USA,0,0
3533,Norton,Female,37,UK,1,1
3534,Mancini,Female,42,USA,1,0
3535,Tien,Female,44,UK,1,1
3536,Stobie,Male,37,Canada,1,1
3537,Drakeford,Male,29,USA,1,1
3538,Pisani,Male,59,USA,1,1
3539,Murphy,Female,43,UK,0,1
3540,Kovalev,Male,42,USA,0,1
3541,Crawford,Male,43,USA,0,0
3542,Maclean,Female,67,Canada,1,1
3543,Blackburn,Female,34,Canada,1,1
3544,Bermudez,Male,49,USA,1,0
3545,Savage,Male,33,Canada,0,1
3546,Wyatt,Female,32,USA,0,0
3547,Chiemenam,Male,43,Canada,0,1
3548,Shao,Female,35,Canada,0,0
3549,Langdon,Male,37,UK,1,0
3550,Napolitano,Female,61,USA,0,1
3551,Kung,Male,51,UK,0,1
3552,Blackwood,Male,31,USA,0,1
3553,Marcelo,Female,39,USA,0,1
3554,Yin,Male,40,Canada,0,1
3555,Storey,Male,36,Canada,1,0
3556,Fomin,Female,36,USA,1,1
3557,Nkemjika,Female,60,USA,0,1
3558,Glasgow,Male,34,USA,1,0
3559,Chen,Male,41,USA,0,0
3560,Ch'ang,Female,64,USA,0,1
3561,Evans,Male,44,USA,0,0
3562,Crotty,Female,31,UK,0,1
3563,Cocci,Female,34,UK,1,1
3564,Iroawuchi,Female,61,Canada,1,0
3565,Chia,Male,51,USA,0,0
3566,Hysell,Female,30,Canada,1,0
3567,Williamson,Female,25,Canada,0,0
3568,Ginikanwa,Female,31,Canada,0,1
3569,Chigolum,Male,20,Canada,1,0
3570,Morley,Female,50,USA,0,1
3571,Roberts,Male,46,USA,0,1
3572,Tokareva,Male,36,UK,0,1
3573,Fleming,Male,31,UK,1,0
3574,Chinomso,Male,68,USA,1,1
3575,Compton,Female,32,USA,1,1
3576,Wan,Female,66,USA,1,0
3577,Taylor,Male,28,USA,1,1
3578,Kambinachi,Male,23,USA,0,1
3579,Chang,Female,39,UK,0,1
3580,See,Male,31,UK,0,1
3581,Dyer,Female,41,UK,0,1
3582,Campbell,Male,33,USA,0,1
3583,Cremonesi,Male,35,USA,0,1
3584,Harris,Male,43,Canada,0,1
3585,Threatt,Male,28,UK,1,0
3586,Lane,Male,28,USA,1,1
3587,Grave,Male,55,USA,0,1
3588,Stanley,Male,41,USA,0,1
3589,McIntosh,Male,40,Canada,0,1
3590,Watts,Female,51,USA,0,0
3591,Alekseyeva,Male,37,USA,1,0
3592,Davies,Male,29,USA,0,1
3593,Matlock,Male,56,Canada,1,1
3594,Fedorova,Female,62,UK,1,0
3595,Chiedozie,Female,37,UK,0,1
3596,Marcelo,Female,32,UK,1,1
3597,Cooper,Male,36,USA,0,0
3598,McMillan,Female,40,UK,0,1
3599,Hardy,Female,37,UK,0,1
3600,Madukwe,Male,41,USA,0,1
3601,Adamson,Female,57,USA,1,0
3602,Watt,Male,50,USA,0,1
3603,Mazzanti,Male,77,Canada,1,1
3604,Mishin,Female,47,USA,0,1
3605,Feng,Male,33,USA,0,0
3606,Kang,Female,34,UK,0,1
3607,Kelly,Female,26,USA,1,1
3608,Yu,Male,37,USA,1,0
3609,Bull,Female,36,USA,0,1
3610,Serra,Male,40,UK,0,1
3611,Ferguson,Female,56,USA,0,1
3612,She,Female,21,USA,1,0
3613,Hamilton,Female,37,Canada,0,1
3614,Nnanna,Male,25,UK,1,1
3615,Summerville,Female,36,UK,1,1
3616,Allan,Male,46,USA,0,0
3617,Tobenna,Female,60,USA,0,1
3618,Volkova,Female,29,UK,0,1
3619,Nucci,Female,46,UK,0,1
3620,Wright,Male,33,USA,0,1
3621,Astorga,Male,41,USA,1,1
3622,Pokrovsky,Male,36,USA,1,1
3623,Mazzanti,Male,55,Canada,1,1
3624,Blesing,Male,27,UK,0,1
3625,Ku,Female,33,USA,1,0
3626,Pisani,Male,31,Canada,1,1
3627,Hsueh,Female,37,UK,1,1
3628,Ricci,Female,39,Canada,1,1
3629,Azubuike,Female,35,UK,0,0
3630,Nevzorova,Female,48,USA,0,0
3631,Odili,Male,46,USA,0,0
3632,Kung,Male,19,Canada,0,1
3633,Lei,Female,26,Canada,0,1
3634,Sheehan,Female,47,UK,0,1
3635,Kung,Male,23,USA,0,0
3636,Kelechi,Female,37,USA,1,1
3637,Anenechi,Male,31,Canada,1,0
3638,McElhone,Female,52,Canada,0,1
3639,Chigbogu,Male,27,Canada,0,0
3640,Atkins,Female,48,UK,0,1
3641,Colombo,Female,39,UK,1,1
3642,Tilley,Male,62,Canada,1,1
3643,Sopuluchi,Male,42,USA,1,1
3644,Udinesi,Male,45,USA,0,1
3645,Onyekachi,Female,32,USA,1,1
3646,McCartney,Male,55,USA,1,0
3647,Thompson,Female,70,USA,0,1
3648,Onyeoruru,Male,67,USA,1,0
3649,Shih,Male,47,USA,1,0
3650,Golibe,Male,41,USA,1,1
3651,Lucchesi,Male,38,USA,0,0
3652,Townsend,Male,79,USA,1,1
3653,Chao,Male,34,USA,0,1
3654,Shen,Female,46,UK,1,0
3655,Booth,Male,33,UK,0,0
3656,Chan,Male,35,UK,1,0
3657,Yeh,Female,37,USA,1,1
3658,Badgery,Male,30,USA,1,1
3659,Hsia,Female,43,USA,0,1
3660,Zarate,Female,42,USA,1,0
3661,Congreve,Male,27,Canada,0,1
3662,Hayslett,Male,35,UK,1,1
3663,Robinson,Female,28,USA,1,0
3664,Wong,Male,31,USA,0,1
3665,Nevzorova,Female,37,UK,1,1
3666,Page,Male,42,USA,1,0
3667,Quinn,Female,21,Canada,1,1
3668,O'Donnell,Male,33,UK,0,0
3669,Pisano,Female,44,UK,0,0
3670,Sinclair,Male,29,USA,1,1
3671,Loving,Male,28,USA,1,1
3672,Artemova,Female,52,UK,1,0
3673,Robertson,Male,43,USA,1,1
3674,Genovese,Male,24,USA,0,1
3675,Ugonnatubelum,Female,32,USA,0,1
3676,Corbett,Male,32,USA,1,1
3677,Reilly,Female,31,USA,1,0
3678,Wright,Male,33,Canada,1,1
3679,Vincent,Male,30,USA,1,1
3680,Carr,Male,25,Canada,1,1
3681,Eiland,Male,22,Canada,1,1
3682,Omeokachie,Female,40,USA,0,1
3683,Mackenzie,Male,44,Canada,1,1
3684,Pinto,Female,52,USA,0,0
3685,Gardener,Female,35,USA,1,0
3686,Fang,Female,39,Canada,0,0
3687,Cattaneo,Male,18,USA,0,1
3688,Labrador,Female,32,USA,1,1
3689,Dettmann,Male,35,UK,1,1
3690,Gibson,Female,45,USA,0,1
3691,Hope,Male,67,Canada,1,1
3692,Ives,Female,76,USA,1,0
3693,Greece,Male,35,Canada,1,0
3694,Omeokachie,Female,60,USA,1,1
3695,Mao,Female,33,USA,0,1
3696,Savage,Male,40,USA,1,1
3697,Brierly,Female,39,USA,0,0
3698,Docherty,Male,48,UK,0,1
3699,McDonald,Female,21,USA,1,0
3700,Rapuokwu,Male,37,USA,1,1
3701,Bergamaschi,Female,22,USA,1,1
3702,Manfrin,Male,46,USA,1,1
3703,Bergamaschi,Female,73,USA,1,1
3704,MacDonald,Male,40,UK,1,1
3705,Lees,Female,34,USA,0,1
3706,Senior,Female,35,USA,1,1
3707,Nwokezuike,Female,44,Canada,0,0
3708,Ekwueme,Female,42,Canada,0,1
3709,Garmon,Male,34,USA,0,0
3710,Enyinnaya,Female,49,USA,0,1
3711,Chizuoke,Male,30,USA,1,1
3712,Hyde,Female,34,UK,1,0
3713,Cameron,Female,39,Canada,0,1
3714,Lord,Male,22,UK,0,0
3715,Biryukova,Male,34,USA,0,1
3716,Carpenter,Female,46,UK,1,0
3717,Lorenzo,Female,27,UK,0,0
3718,Madukwe,Male,39,UK,0,1
3719,Hutcheon,Male,30,USA,1,1
3720,Sleeman,Female,62,USA,0,1
3721,Milne,Male,40,UK,0,1
3722,Williamson,Female,41,USA,1,1
3723,Bruno,Male,25,USA,0,1
3724,Palerma,Male,42,UK,1,1
3725,Wang,Female,51,UK,1,0
3726,Onyemere,Female,31,USA,0,1
3727,Dawson,Female,29,UK,0,1
3728,Nebechukwu,Female,27,USA,1,1
3729,Bateman,Male,66,Canada,1,1
3730,Lord,Male,29,Canada,0,1
3731,Loggia,Male,38,Canada,0,0
3732,Graham,Female,51,UK,1,0
3733,Dean,Male,46,USA,1,1
3734,Jarvis,Male,67,UK,1,1
3735,Haugh,Male,40,UK,1,1
3736,Micklem,Female,32,USA,1,1
3737,Bennett,Male,37,UK,1,1
3738,Roberts,Male,27,Canada,1,1
3739,Onyekaozulu,Female,44,UK,1,1
3740,Kegley,Female,32,USA,0,1
3741,Manna,Male,45,USA,1,0
3742,Thompson,Female,29,UK,0,1
3743,Romano,Female,39,UK,0,1
3744,Brown,Female,32,UK,0,1
3745,Su,Male,37,UK,1,1
3746,Mackay,Female,37,UK,1,1
3747,Watt,Male,35,UK,0,0
3748,Milani,Male,32,USA,1,1
3749,Hsu,Female,39,USA,1,0
3750,Valenzuela,Male,33,USA,1,1
3751,Sung,Male,39,USA,0,1
3752,Lo,Male,29,Canada,0,1
3753,Giordano,Female,36,Canada,1,0
3754,Connolly,Male,23,USA,1,1
3755,Bellucci,Male,35,Canada,1,1
3756,Jamieson,Male,29,USA,0,0
3757,Fomina,Male,31,USA,1,0
3758,Aksenov,Female,45,Canada,0,1
3759,Turnbull,Male,38,USA,0,1
3760,Dixon,Male,40,USA,1,1
3761,White,Male,38,Canada,0,0
3762,Long,Female,64,USA,1,0
3763,Han,Female,40,UK,0,0
3764,Belov,Female,37,UK,0,1
3765,MacDonald,Male,49,USA,1,1
3766,Parsons,Male,27,USA,0,1
3767,Cross,Male,36,Canada,0,0
3768,Milanesi,Male,29,USA,0,1
3769,Lombardo,Male,34,Canada,0,0
3770,Collins,Male,47,USA,0,0
3771,Alexeieva,Male,27,USA,1,1
3772,Cullen,Male,34,UK,1,1
3773,Johnson,Male,34,Canada,1,1
3774,Rudd,Female,35,USA,1,1
3775,Findlay,Male,61,USA,0,1
3776,Mai,Male,22,UK,1,0
3777,Morrison,Male,33,USA,0,1
3778,Monaldo,Female,31,USA,1,1
3779,Gidney,Female,59,Canada,1,1
3780,Sagese,Male,37,USA,0,0
3781,Wall,Male,46,UK,0,1
3782,Dalton,Female,27,UK,0,1
3783,Hsing,Female,44,UK,0,1
3784,Warner,Female,26,Canada,1,1
3785,Williams,Female,31,USA,0,1
3786,Dunn,Female,45,UK,1,0
3787,Kerr,Female,41,UK,0,1
3788,Marchesi,Male,27,UK,1,1
3789,Endrizzi,Male,28,UK,0,1
3790,King,Female,45,Canada,1,1
3791,Griffiths,Female,54,Canada,1,1
3792,Hartzler,Female,38,USA,0,1
3793,Chukwudi,Male,36,USA,1,0
3794,Denisov,Male,58,UK,0,1
3795,Endrizzi,Male,32,USA,0,1
3796,Baresi,Female,22,USA,1,0
3797,Nnachetam,Male,26,USA,0,0
3798,Lambert,Female,51,USA,1,1
3799,Game,Female,43,Canada,0,1
3800,Chinagorom,Female,35,Canada,0,1
3801,Noble,Female,28,USA,1,1
3802,Haynes,Male,31,Canada,0,0
3803,Cattaneo,Female,44,UK,1,0
3804,Yobanna,Male,51,UK,0,0
3805,Fraser,Female,40,USA,0,1
3806,Rhodes,Male,34,Canada,0,0
3807,Jimenez,Female,38,Canada,0,1
3808,Pharr,Male,30,USA,1,1
3809,Jerger,Male,41,UK,1,0
3810,McIntyre,Male,35,Canada,1,0
3811,Onio,Female,30,USA,0,1
3812,Tomlinson,Female,42,USA,0,1
3813,Onuoha,Female,40,USA,1,0
3814,Panicucci,Male,73,Canada,1,1
3815,Piccio,Male,30,USA,0,1
3816,Ramsden,Male,33,USA,0,1
3817,Vorobyova,Female,31,USA,1,0
3818,Todd,Female,29,UK,0,0
3819,Cremonesi,Female,44,USA,1,0
3820,Bradley,Male,46,UK,0,1
3821,Stanley,Male,39,USA,0,0
3822,Jowett,Female,56,Canada,1,0
3823,Yefremova,Female,39,USA,0,1
3824,Wilson,Male,31,USA,0,1
3825,Abramovich,Male,44,USA,0,0
3826,Venables,Male,44,Canada,0,1
3827,Monnier,Male,76,USA,1,1
3828,Hsieh,Male,57,UK,0,1
3829,Gadsden,Female,55,UK,1,1
3830,Ni,Female,36,USA,0,1
3831,Chibueze,Female,29,USA,1,1
3832,Chinwemma,Male,46,USA,0,1
3833,Kang,Female,35,Canada,0,1
3834,Kuo,Male,38,UK,1,0
3835,Ositadimma,Female,39,Canada,0,0
3836,Smith,Female,39,UK,1,1
3837,Okwudilichukwu,Female,49,Canada,1,0
3838,Porter,Female,23,Canada,0,1
3839,Kung,Male,50,UK,1,0
3840,Trevisano,Male,40,UK,1,1
3841,Naylor,Male,58,UK,1,0
3842,Ponomarev,Female,60,USA,1,1
3843,Udinese,Male,28,USA,1,1
3844,Aliyeva,Male,38,Canada,1,1
3845,Bailey,Male,38,USA,0,1
3846,Jackson,Male,34,USA,0,1
3847,Yin,Female,48,USA,1,1
3848,Akobundu,Female,37,USA,0,1
3849,Byrne,Male,41,UK,0,0
3850,Robinson,Male,32,Canada,0,1
3851,Stephenson,Male,34,USA,0,1
3852,Chiemenam,Male,26,USA,1,0
3853,Forbes,Male,36,USA,1,1
3854,Douglas,Male,43,UK,1,0
3855,Okechukwu,Male,33,UK,0,1
3856,Russell,Male,32,UK,1,1
3857,Ermakova,Female,32,UK,0,0
3858,Oster,Female,45,USA,1,1
3859,Chizoba,Male,45,USA,1,0
3860,Bianchi,Male,42,USA,0,1
3861,Peyser,Female,34,USA,1,1
3862,Cocci,Female,37,USA,0,0
3863,Seleznev,Female,36,Canada,0,0
3864,Huang,Female,28,USA,0,1
3865,Alleyne,Male,40,UK,0,1
3866,McKenzie,Male,40,USA,1,1
3867,Zikoranachukwudimma,Female,29,USA,1,1
3868,King,Male,39,USA,0,1
3869,Nkemdilim,Female,34,USA,1,0
3870,Anderson,Female,31,USA,0,0
3871,Ejikemeifeuwa,Male,40,USA,1,1
3872,Adams,Male,21,Canada,1,1
3873,Christie,Male,39,USA,0,0
3874,Yeh,Male,37,Canada,1,1
3875,McGregor,Female,25,UK,1,0
3876,Pisano,Female,37,Canada,1,1
3877,Ginikanwa,Male,31,UK,1,1
3878,Hawkins,Male,45,Canada,1,0
3879,Otutodilichukwu,Female,32,UK,1,1
3880,Rickard,Female,33,USA,0,0
3881,Andreev,Female,72,USA,1,1
3882,Steele,Female,64,USA,1,1
3883,Black,Female,22,USA,1,1
3884,Shand,Male,39,USA,1,1
3885,Chiagoziem,Male,31,USA,1,1
3886,Fedorov,Female,56,UK,0,1
3887,Tien,Male,34,UK,1,0
3888,Stehle,Female,46,USA,0,1
3889,Sung,Male,71,USA,1,0
3890,Alexander,Female,39,USA,0,0
3891,McIntosh,Female,33,UK,1,0
3892,Sung,Female,28,UK,0,1
3893,Yao,Male,45,UK,1,1
3894,Chinweuba,Female,42,USA,0,0
3895,Chinweuba,Male,37,Canada,0,1
3896,T'ao,Female,25,UK,1,1
3897,Ch'ien,Female,21,USA,1,0
3898,Su,Female,41,UK,0,1
3899,Yu,Male,59,UK,0,1
3900,Loyau,Female,36,USA,0,1
3901,Conti,Male,36,USA,1,0
3902,Alexeeva,Male,30,Canada,1,1
3903,Power,Female,40,Canada,1,0
3904,Hill,Female,45,Canada,0,1
3905,Freeman,Male,55,UK,1,1
3906,Hsing,Female,29,USA,0,1
3907,Esposito,Male,44,USA,1,0
3908,Belonwu,Male,46,UK,1,1
3909,Tsao,Male,37,Canada,1,1
3910,P'eng,Male,63,USA,1,1
3911,Baker,Female,70,USA,0,1
3912,Matthews,Female,35,USA,1,1
3913,Garcia,Male,46,Canada,0,0
3914,Field,Male,53,UK,0,1
3915,Gordon,Male,44,USA,1,1
3916,Jefferies,Male,43,UK,1,1
3917,Palermo,Male,36,Canada,1,1
3918,Chou,Female,50,USA,1,1
3919,Ewing,Male,29,USA,0,0
3920,Mazzi,Female,39,Canada,0,1
3921,Thomson,Male,43,UK,0,1
3922,Nkemdirim,Male,59,USA,0,1
3923,Lockyer,Male,39,USA,0,1
3924,Murray,Male,41,USA,0,0
3925,Black,Female,40,USA,0,1
3926,Torreggiani,Male,44,Canada,0,1
3927,Atkinson,Male,29,UK,1,1
3928,Richards,Female,65,Canada,1,0
3929,Azubuike,Male,29,USA,1,0
3930,Ignatiev,Female,36,UK,0,1
3931,Miller,Female,52,UK,1,1
3932,Cox,Female,35,USA,1,0
3933,McMillan,Male,23,USA,1,0
3934,Napolitano,Male,37,USA,0,0
3935,Lane,Female,46,Canada,0,1
3936,Kennedy,Male,45,UK,0,1
3937,T'ao,Female,32,Canada,0,0
3938,Hsiung,Female,26,USA,1,1
3939,Heath,Male,41,UK,0,0
3940,Parry,Female,25,UK,0,1
3941,Herbert,Male,66,UK,0,0
3942,Kang,Male,32,USA,0,1
3943,Andreyeva,Male,20,Canada,1,1
3944,Bowen,Male,46,USA,1,1
3945,Golubev,Female,31,USA,1,1
3946,Hancock,Male,40,Canada,1,1
3947,Fowler,Female,31,USA,1,0
3948,Sutherland,Male,61,USA,1,1
3949,Rowley,Male,58,Canada,1,0
3950,Gibbons,Male,43,UK,0,0
3951,Lockett,Female,28,Canada,1,0
3952,Akabueze,Female,47,USA,0,0
3953,Phelps,Female,34,USA,0,0
3954,Frederick,Female,33,Canada,0,1
3955,Beneventi,Female,34,USA,1,0
3956,Bruce,Male,39,USA,0,1
3957,Green,Female,60,UK,1,0
3958,Carlson,Female,38,UK,0,0
3959,Tang,Male,43,USA,1,1
3960,Yudin,Male,49,UK,1,1
3961,MacDonald,Male,47,USA,1,0
3962,Watt,Female,29,USA,0,1
3963,Mbadiwe,Male,33,USA,0,1
3964,Chuang,Male,31,USA,1,1
3965,Sabbatini,Male,37,USA,1,1
3966,Caldwell,Female,23,Canada,0,0
3967,Ewers,Male,35,USA,1,0
3968,Tsao,Male,32,USA,1,1
3969,Hannam,Male,40,UK,1,0
3970,Wood,Male,27,Canada,1,1
3971,Ko,Male,30,USA,0,1
3972,Lo Duca,Male,40,Canada,0,1
3973,Endrizzi,Female,22,USA,0,0
3974,Ch'iu,Male,38,Canada,0,0
3975,Mofflin,Male,27,Canada,0,1
3976,Fiorentini,Female,49,USA,0,0
3977,Chiekwugo,Male,22,UK,0,1
3978,Bogle,Male,21,Canada,0,0
3979,Ifeanacho,Male,37,UK,0,1
3980,Owens,Female,40,USA,0,1
3981,Ch'ien,Male,65,USA,1,1
3982,Chung,Male,24,USA,1,0
3983,Sung,Male,46,USA,0,1
3984,Wang,Female,44,USA,1,0
3985,Sun,Male,38,Canada,1,1
3986,Maitland,Male,24,USA,1,1
3987,Ma,Male,38,Canada,1,0
3988,Pollard,Male,37,USA,1,1
3989,Hsieh,Female,32,UK,1,1
3990,Gerasimov,Male,30,USA,1,0
3991,Johnson,Male,32,USA,1,1
3992,Fiorentino,Female,59,UK,0,1
3993,Chioke,Male,38,UK,0,0
3994,Rossi,Male,40,Canada,1,1
3995,Siciliano,Male,80,Canada,1,0
3996,Efremov,Female,33,Canada,0,1
3997,Brigstocke,Male,30,USA,0,1
3998,Olisaemeka,Male,39,USA,0,1
3999,Tang,Female,60,USA,1,1
4000,Lucchese,Male,19,USA,1,1
4001,West,Male,38,USA,0,1
4002,Pai,Male,53,UK,0,1
4003,Tang,Female,29,UK,1,0
4004,Fedorov,Female,26,USA,1,1
4005,Gboliwe,Female,41,Canada,1,0
4006,Ko,Female,59,USA,1,1
4007,Le Gallienne,Male,37,USA,0,1
4008,Seleznyova,Female,43,USA,0,1
4009,Joseph,Male,45,Canada,0,1
4010,Bevan,Female,39,USA,0,1
4011,Allan,Male,66,Canada,1,1
4012,Lavrentiev,Male,33,UK,1,1
4013,Walton,Male,46,Canada,1,0
4014,Salier,Female,57,UK,0,0
4015,Evdokimov,Female,51,UK,1,1
4016,Ponomaryova,Male,32,USA,1,1
4017,Millar,Male,40,USA,1,0
4018,Grosse,Male,46,USA,0,1
4019,Hsiao,Female,32,UK,0,1
4020,Belbin,Male,31,Canada,1,1
4021,Ifeajuna,Male,42,USA,0,0
4022,Wright,Female,48,UK,0,1
4023,Komarova,Male,44,UK,1,1
4024,Titheradge,Male,38,USA,0,1
4025,Dellucci,Female,20,USA,0,0
4026,Hobbs,Male,63,USA,1,1
4027,Beggs,Male,56,UK,1,1
4028,Luffman,Male,39,UK,1,1
4029,Caldwell,Female,41,UK,0,1
4030,Mancini,Male,27,UK,0,1
4031,Evseev,Female,42,Canada,1,1
4032,Hs?eh,Male,37,Canada,1,1
4033,Chinedum,Male,38,USA,1,1
4034,Hagins,Male,48,UK,0,1
4035,Kirwan,Female,42,Canada,1,1
4036,Little,Female,38,USA,0,0
4037,Milligan,Male,42,USA,0,1
4038,Ch'iu,Female,52,USA,0,0
4039,McKay,Female,31,Canada,0,1
4040,Crawford,Male,27,Canada,1,1
4041,Onyemere,Male,37,USA,0,1
4042,Azuka,Male,36,USA,0,1
4043,Ch'en,Male,38,Canada,1,0
4044,Royster,Male,31,Canada,0,1
4045,Parkin,Male,32,USA,1,1
4046,Kozlova,Female,36,Canada,0,1
4047,Hu,Male,37,USA,0,1
4048,Ma,Male,21,Canada,1,1
4049,Coates,Female,63,USA,1,1
4050,Burns,Male,33,Canada,1,1
4051,Gouger,Male,41,UK,1,1
4052,Ignatyev,Female,63,USA,1,1
4053,Douglas,Male,41,UK,1,1
4054,Fiorentino,Male,51,Canada,0,1
4055,Ignatiev,Female,56,USA,0,1
4056,Munz,Female,60,USA,1,1
4057,Paling,Female,28,Canada,1,0
4058,Clark,Female,26,USA,0,0
4059,Akobundu,Male,39,USA,0,1
4060,Fanucci,Male,37,USA,1,1
4061,Hsiao,Female,29,USA,0,1
4062,Clancy,Male,31,Canada,0,1
4063,Macdonald,Male,45,USA,1,0
4064,Palerma,Female,58,USA,1,0
4065,Holden,Male,39,UK,1,1
4066,Moore,Male,30,Canada,0,0
4067,Gallo,Female,44,USA,1,0
4068,Otutodilinna,Female,32,UK,1,0
4069,Rios,Male,23,Canada,0,1
4070,McGregor,Female,34,USA,0,0
4071,Hill,Male,48,Canada,1,0
4072,H?,Female,54,Canada,0,1
4073,Ferrari,Female,38,USA,1,1
4074,Onyemauchechi,Male,30,Canada,0,0
4075,Nkemakonam,Female,35,USA,0,1
4076,White,Male,43,USA,1,1
4077,Kirillov,Female,50,USA,0,1
4078,Iadanza,Male,33,Canada,1,1
4079,Stiles,Male,47,Canada,1,1
4080,Ankudinov,Female,31,USA,0,1
4081,Gaffney,Female,37,UK,0,1
4082,Udinese,Male,33,Canada,1,0
4083,Romani,Female,29,UK,0,1
4084,Kambinachi,Female,45,Canada,1,1
4085,Hawkins,Female,39,USA,1,0
4086,Tsui,Male,34,USA,1,1
4087,Ifeatu,Male,31,UK,1,1
4088,McIntosh,Male,60,USA,1,1
4089,Armit,Male,40,UK,0,0
4090,Fang,Female,47,USA,1,1
4091,Chou,Female,37,USA,1,1
4092,Okeke,Male,39,UK,1,0
4093,Ramsbotham,Female,40,Canada,0,1
4094,Scannell,Female,48,Canada,0,1
4095,Edman,Male,29,USA,1,0
4096,De Luca,Male,62,Canada,1,0
4097,Vasilyeva,Male,34,Canada,1,1
4098,Tuan,Female,26,Canada,0,1
4099,Ejimofor,Male,32,USA,0,0
4100,Hs?,Male,34,USA,1,0
4101,Shaver,Female,37,UK,1,0
4102,Wallis,Female,57,Canada,1,1
4103,Coupp,Male,33,Canada,1,0
4104,Perry,Male,41,Canada,1,1
4105,Bezrukova,Male,55,USA,0,1
4106,Lucciano,Male,28,Canada,1,0
4107,Ingram,Male,34,Canada,0,1
4108,Lo Duca,Female,40,USA,1,0
4109,Wan,Female,39,UK,0,1
4110,Cohn,Male,28,UK,1,1
4111,Yen,Male,40,USA,0,1
4112,Peng,Male,40,Canada,1,1
4113,Little,Female,30,USA,1,1
4114,Meng,Male,33,USA,1,1
4115,Adams,Male,54,UK,0,1
4116,Hill,Female,23,USA,0,0
4117,Boyle,Female,31,Canada,1,1
4118,Pagnotto,Male,37,USA,0,1
4119,Feng,Male,28,USA,1,1
4120,Endrizzi,Male,36,USA,0,0
4121,Shen,Female,21,UK,1,1
4122,Lay,Male,42,Canada,1,0
4123,Wu,Male,60,USA,1,1
4124,Shephard,Female,38,Canada,1,0
4125,Schmidt,Male,26,USA,0,1
4126,Davidson,Female,49,Canada,0,1
4127,Lamb,Male,32,Canada,0,1
4128,Hussey,Male,52,Canada,1,1
4129,Ferrari,Female,37,UK,1,0
4130,Macfarlan,Male,48,USA,0,1
4131,Szabados,Male,39,USA,0,1
4132,Yuan,Male,47,USA,1,1
4133,Matveyev,Female,28,Canada,1,0
4134,Cheng,Male,33,Canada,0,1
4135,Palerma,Male,43,USA,1,1
4136,Wang,Female,29,USA,0,0
4137,Teng,Male,44,USA,0,1
4138,K'ung,Male,51,UK,0,1
4139,Sinclair,Male,32,UK,1,0
4140,McKelvey,Male,40,UK,1,1
4141,Yuan,Female,33,UK,1,1
4142,Moran,Male,39,Canada,1,1
4143,McConnell,Female,63,USA,0,1
4144,Iheatu,Male,45,USA,1,1
4145,Giordano,Male,44,USA,1,0
4146,Alexander,Female,33,USA,1,1
4147,Gordon,Female,24,USA,1,1
4148,Tang,Male,66,UK,1,1
4149,T'an,Male,32,USA,1,1
4150,Davies,Female,39,USA,0,0
4151,Sanders,Female,33,USA,0,1
4152,Winifred,Male,44,USA,0,0
4153,Holmes,Male,31,UK,1,1
4154,Riddle,Female,53,UK,0,0
4155,Chinedum,Male,34,USA,0,1
4156,Aleksandrova,Male,41,Canada,0,1
4157,Conti,Female,43,UK,0,1
4158,Watson,Male,62,Canada,1,1
4159,Davison,Female,38,USA,1,0
4160,Cook,Male,29,USA,0,1
4161,Udinesi,Female,37,UK,1,1
4162,Siciliani,Male,43,USA,1,1
4163,Bell,Female,74,USA,1,1
4164,Jackson,Female,35,USA,1,0
4165,Onyemere,Male,34,USA,0,0
4166,McClemans,Male,60,USA,1,1
4167,Ma,Female,45,Canada,0,1
4168,Morrison,Male,34,Canada,0,0
4169,Chambers,Male,37,USA,0,1
4170,Basedow,Female,42,Canada,1,0
4171,Nwora,Female,69,UK,1,1
4172,Howey,Female,27,USA,0,0
4173,Pai,Female,35,USA,1,1
4174,Ni,Male,29,USA,1,1
4175,Forbes,Male,51,USA,1,1
4176,Baryshnikov,Male,43,Canada,1,1
4177,Kramer,Female,39,UK,1,1
4178,Sochima,Female,32,USA,1,1
4179,Marchesi,Female,32,USA,1,0
4180,Todd,Male,33,Canada,1,1
4181,Mai,Male,36,UK,0,0
4182,Pinto,Male,26,Canada,0,1
4183,Reynolds,Male,52,UK,1,1
4184,Sal,Male,26,USA,1,1
4185,Miller,Male,59,UK,0,0
4186,Scott,Male,35,Canada,0,1
4187,Herrin,Female,29,USA,1,1
4188,Stevenson,Male,32,Canada,0,1
4189,McKenzie,Male,47,UK,0,1
4190,Gardiner,Female,32,USA,1,1
4191,Atkinson,Female,31,Canada,1,1
4192,Onyemauchechi,Male,36,USA,0,1
4193,Ross,Male,60,USA,1,0
4194,Newland,Male,45,Canada,1,0
4195,Hu,Female,54,UK,1,1
4196,Sanders,Female,47,UK,1,0
4197,Tsui,Female,57,Canada,0,0
4198,Marino,Female,58,USA,0,1
4199,Akobundu,Male,35,Canada,1,1
4200,Morrison,Female,39,Canada,0,1
4201,Mai,Female,43,Canada,0,0
4202,Hs?eh,Female,46,UK,1,1
4203,Wright,Male,30,USA,0,0
4204,Demaine,Female,52,USA,1,1
4205,Chien,Male,27,USA,1,1
4206,Dickinson,Female,38,USA,1,1
4207,Kazantseva,Female,47,USA,0,0
4208,Marchesi,Male,37,USA,0,1
4209,Pan,Female,44,USA,1,1
4210,Harewood,Male,55,USA,0,1
4211,Kao,Male,28,Canada,0,1
4212,Yeh,Male,47,Canada,1,1
4213,Bischof,Female,25,Canada,1,1
4214,Ashton,Female,34,USA,0,1
4215,Napolitani,Male,26,USA,0,1
4216,Wilson,Female,53,USA,1,1
4217,Uren,Male,56,USA,1,1
4218,Okechukwu,Male,35,UK,1,1
4219,Ku,Female,19,UK,1,1
4220,Onyemachukwu,Female,25,UK,1,0
4221,Kao,Female,45,Canada,0,0
4222,Russell,Male,23,UK,1,1
4223,Woronoff,Male,40,USA,0,1
4224,Ferri,Female,51,UK,0,1
4225,Ruggiero,Male,47,Canada,0,1
4226,Wilding,Male,36,Canada,1,1
4227,Yashina,Female,36,Canada,0,1
4228,Yevseyev,Female,36,USA,0,0
4229,Rapuokwu,Female,37,USA,1,1
4230,Maslov,Female,34,USA,1,1
4231,Cole,Female,41,USA,0,1
4232,Sullivan,Male,36,USA,1,1
4233,Hsiao,Male,47,USA,0,0
4234,Rossi,Male,32,USA,0,0
4235,Allsop,Female,42,USA,1,1
4236,Chamberlain,Male,29,USA,0,1
4237,Jackson,Male,35,USA,0,1
4238,Dumetochukwu,Female,29,USA,0,1
4239,Uspensky,Female,39,USA,1,1
4240,Garcia,Female,39,USA,0,1
4241,Soto,Female,45,USA,1,1
4242,McDonald,Male,63,Canada,1,0
4243,Castles,Male,50,UK,1,0
4244,Stephenson,Female,26,USA,1,1
4245,Davidson,Male,64,UK,1,0
4246,Tu,Female,34,USA,0,1
4247,Colbert,Female,30,USA,1,1
4248,Owens,Female,54,Canada,1,0
4249,Chimezie,Male,26,USA,1,1
4250,Genovese,Male,44,USA,1,1
4251,Daluchi,Female,38,USA,0,0
4252,Sheffield,Male,35,USA,1,1
4253,Bailey,Male,33,UK,0,1
4254,Dyson,Female,29,Canada,1,1
4255,Davide,Female,27,UK,0,1
4256,Uwaezuoke,Male,29,USA,0,1
4257,Hs?,Female,76,Canada,1,1
4258,Onwuka,Male,29,USA,1,0
4259,Flores,Male,35,UK,0,1
4260,Nicoll,Female,37,Canada,0,0
4261,Hughes,Male,40,USA,1,0
4262,Romano,Female,46,Canada,1,1
4263,Norman,Male,41,USA,1,1
4264,Davison,Male,24,Canada,1,0
4265,Manna,Female,56,UK,0,1
4266,Reed,Male,32,USA,1,0
4267,Daniels,Female,35,USA,0,1
4268,Hunt,Female,41,USA,1,1
4269,Feng,Male,46,USA,0,1
4270,Waters,Male,44,USA,1,0
4271,Yuan,Female,57,USA,1,1
4272,Yudin,Male,33,USA,1,0
4273,Calabresi,Female,34,Canada,1,1
4274,Onyemauchechukwu,Male,75,USA,1,1
4275,Martin,Female,42,UK,1,0
4276,Hung,Male,32,USA,0,1
4277,Maslova,Female,32,UK,1,0
4278,Zetticci,Male,51,UK,1,1
4279,Pisano,Male,30,UK,0,0
4280,Sutherland,Male,33,USA,0,0
4281,Lai,Female,62,UK,1,0
4282,Watson,Female,41,Canada,1,0
4283,Gorbunov,Female,53,USA,1,0
4284,Padovano,Male,35,USA,0,1
4285,Raynor,Female,42,UK,0,0
4286,Ting,Male,40,USA,0,1
4287,Eberegbulam,Female,42,USA,1,1
4288,Chin,Male,53,UK,1,1
4289,Manna,Female,31,UK,1,1
4290,Chang,Female,37,Canada,1,1
4291,Kent,Female,23,Canada,1,1
4292,Buckley,Male,32,USA,0,1
4293,Micco,Female,46,Canada,0,1
4294,Avdeev,Male,44,Canada,1,0
4295,Bremer,Female,42,UK,1,1
4296,Davidson,Female,34,UK,1,0
4297,Gadsdon,Male,40,USA,0,1
4298,Connolly,Male,68,Canada,0,1
4299,McDonald,Male,38,USA,0,1
4300,Chiawuotu,Male,30,USA,0,0
4301,Milne,Female,28,UK,0,0
4302,Fleming,Male,32,USA,0,0
4303,Hicks,Male,44,UK,0,0
4304,Logan,Male,56,Canada,1,0
4305,Hammond,Male,50,Canada,1,1
4306,Weber,Female,31,USA,0,1
4307,Lettiere,Female,40,USA,0,0
4308,Schnaars,Male,46,Canada,1,1
4309,Tao,Female,40,USA,0,1
4310,Algarin,Female,35,USA,0,1
4311,Onyemere,Male,38,USA,1,0
4312,Korovina,Female,52,Canada,0,1
4313,Chidubem,Female,41,USA,0,0
4314,King,Male,69,Canada,0,1
4315,Greco,Male,34,USA,1,0
4316,Beneventi,Male,30,UK,1,1
4317,P'eng,Male,44,Canada,0,1
4318,Metcalf,Female,28,USA,0,1
4319,Greco,Female,77,UK,1,0
4320,Lupton,Male,34,Canada,0,1
4321,Ibeamaka,Male,36,UK,0,1
4322,Hsiung,Male,34,USA,1,1
4323,Rueda,Male,31,USA,0,1
4324,Li Fonti,Female,43,Canada,0,1
4325,Alexeeva,Male,34,USA,0,0
4326,Madueke,Female,45,Canada,0,1
4327,Torres,Male,27,Canada,1,1
4328,Chukwubuikem,Female,30,UK,1,0
4329,Holloway,Female,55,USA,1,1
4330,Evdokimov,Male,60,Canada,1,1
4331,Anayolisa,Female,19,USA,1,1
4332,Semmens,Male,21,Canada,1,1
4333,Tu,Male,31,UK,1,1
4334,Anderson,Male,34,UK,0,0
4335,Fang,Female,57,Canada,1,1
4336,Fanucci,Female,64,Canada,1,0
4337,Boyle,Male,38,UK,0,1
4338,Milanesi,Male,38,USA,0,1
4339,Davidson,Male,25,Canada,1,1
4340,McKay,Female,43,USA,1,1
4341,Bogdanova,Female,44,Canada,1,0
4342,Lavrentiev,Female,35,UK,0,1
4343,Corser,Male,30,Canada,1,1
4344,Alexeeva,Male,54,UK,0,1
4345,Madueke,Female,26,USA,0,0
4346,Barber,Male,46,UK,1,1
4347,McCardle,Male,41,Canada,0,1
4348,Radcliffe-Brown,Male,24,UK,0,0
4349,Ni,Female,44,UK,1,0
4350,Chukwumaobim,Male,45,Canada,0,1
4351,Dennis,Female,36,Canada,0,1
4352,Hayward,Male,43,USA,1,1
4353,Jones,Male,26,USA,0,0
4354,L?,Female,31,USA,0,1
4355,Nelson,Male,45,Canada,0,1
4356,Cardus,Female,39,USA,0,1
4357,Whitehouse,Female,42,USA,0,0
4358,Johnstone,Male,36,USA,0,1
4359,Tsui,Male,48,USA,1,1
4360,Chia,Female,44,UK,0,1
4361,Su,Male,66,USA,1,1
4362,Calabresi,Female,48,UK,0,1
4363,Ts'ui,Female,22,Canada,1,0
4364,McCulloch,Female,35,Canada,0,1
4365,Koo,Male,27,UK,0,1
4366,Miller,Female,40,USA,0,0
4367,Woolnough,Male,74,USA,0,1
4368,Douglas,Male,50,Canada,1,0
4369,Fang,Male,33,UK,0,1
4370,Munro,Female,22,USA,1,1
4371,Vinogradov,Male,39,USA,0,1
4372,Lai,Female,35,USA,1,1
4373,Udegbulam,Male,31,USA,0,0
4374,Mao,Female,45,Canada,0,0
4375,Onyekaozulu,Male,41,UK,1,0
4376,Fu,Male,41,UK,0,1
4377,Cross,Female,34,USA,0,1
4378,Snider,Female,37,USA,0,1
4379,Harrison,Female,71,USA,1,1
4380,Dale,Male,29,USA,1,1
4381,Udinese,Male,59,UK,0,1
4382,DeRose,Male,39,USA,1,0
4383,Hay,Female,39,USA,0,0
4384,Bruce,Male,42,USA,1,1
4385,Romani,Male,37,USA,1,1
4386,Tseng,Male,35,USA,0,1
4387,Tang,Female,42,UK,0,1
4388,Isayeva,Female,67,Canada,1,1
4389,Hill,Female,39,Canada,0,1
4390,Barnes,Male,30,USA,0,0
4391,Moreno,Female,40,USA,1,1
4392,McGregor,Male,38,USA,0,1
4393,Genovese,Male,51,USA,1,0
4394,Gill,Female,38,UK,0,0
4395,Ts'ai,Male,24,UK,1,0
4396,Green,Female,20,USA,0,1
4397,Martin,Male,68,UK,0,0
4398,Johnson,Male,39,UK,1,1
4399,Onio,Female,39,USA,0,1
4400,Vaguine,Female,45,USA,0,1
4401,Manna,Female,34,UK,1,0
4402,Toomey,Female,38,Canada,0,1
4403,Bell,Female,46,UK,0,1
4404,Bonwick,Female,43,UK,0,1
4405,Folliero,Male,43,Canada,1,1
4406,Holt,Female,35,Canada,1,1
4407,Brown,Female,27,UK,1,1
4408,Ch'ang,Female,31,USA,0,1
4409,Fiorentini,Male,34,USA,1,0
4410,Middleton,Male,41,UK,1,0
4411,Millar,Male,42,UK,1,1
4412,Osborne,Male,42,Canada,0,1
4413,Feng,Female,40,USA,0,0
4414,Vale,Male,39,UK,1,1
4415,Arkwookerum,Male,27,UK,0,1
4416,Lujan,Female,24,USA,0,1
4417,Alexeyeva,Male,42,USA,0,1
4418,Gannon,Male,27,Canada,1,1
4419,Prokhorova,Female,47,Canada,0,1
4420,Romero,Female,32,UK,1,1
4421,Toscani,Female,35,UK,1,1
4422,Onwuamaegbu,Female,31,Canada,1,1
4423,King,Female,28,UK,1,1
4424,Trentino,Female,40,USA,1,1
4425,Peacock,Female,47,UK,1,1
4426,Nnaife,Female,28,USA,1,0
4427,Chao,Female,44,USA,1,1
4428,Barese,Female,23,USA,0,1
4429,Udegbulam,Female,35,USA,0,1
4430,Fu,Male,38,USA,0,1
4431,Onwuatuegwu,Male,59,Canada,1,1
4432,Degtyaryov,Female,42,UK,0,0
4433,Nnaemeka,Male,33,Canada,1,1
4434,Udinese,Male,26,USA,1,1
4435,Mitchell,Female,46,Canada,0,1
4436,Ch'en,Female,64,UK,0,1
4437,Golovanov,Male,26,USA,0,1
4438,Efimov,Female,24,USA,0,1
4439,Davidson,Male,68,UK,1,1
4440,Wade,Female,21,USA,1,1
4441,Maynard,Male,32,USA,0,1
4442,Murphy,Female,38,USA,1,1
4443,Zotova,Male,38,USA,1,0
4444,Hannah,Female,32,UK,1,1
4445,Cartagena,Female,31,USA,1,0
4446,Hall,Male,29,USA,1,1
4447,Hunt,Female,37,USA,1,1
4448,Greece,Female,50,UK,1,1
4449,Thomson,Female,40,UK,1,0
4450,Victor,Male,36,USA,0,1
4451,Mitchell,Male,59,USA,1,1
4452,Olisaemeka,Male,34,USA,1,1
4453,Krawczyk,Female,49,Canada,0,0
4454,Alexandrova,Male,33,UK,0,0
4455,Paterson,Male,36,USA,1,1
4456,Chou,Female,31,Canada,0,1
4457,Abel,Male,40,USA,0,1
4458,Chesnokova,Male,47,UK,0,1
4459,Niu,Male,37,USA,0,1
4460,Sullivan,Female,23,UK,0,1
4461,Ma,Male,35,USA,0,1
4462,Cavill,Female,28,Canada,0,1
4463,Nicholls,Female,32,Canada,1,1
4464,Nnonso,Female,70,UK,0,1
4465,Gibson,Male,41,USA,0,1
4466,Garcia,Male,30,UK,1,1
4467,Renwick,Male,35,Canada,1,1
4468,Norris,Male,31,USA,0,1
4469,Nkemakonam,Female,39,USA,0,0
4470,Piccio,Male,33,Canada,0,1
4471,Linton,Female,53,UK,0,1
4472,Onyekaozulu,Female,56,Canada,1,0
4473,Tobenna,Female,23,UK,0,0
4474,Wang,Female,29,UK,0,1
4475,O'Donnell,Male,36,USA,0,0
4476,Langlands,Male,40,USA,1,1
4477,Smith,Male,33,USA,0,1
4478,Sykes,Male,52,UK,0,0
4479,Marshall,Male,31,USA,1,0
4480,Gibson,Male,47,USA,1,1
4481,Stephenson,Female,45,USA,0,1
4482,Y?,Male,30,USA,1,0
4483,Kang,Female,42,USA,1,1
4484,Miller,Female,38,UK,0,0
4485,Kryukov,Female,37,USA,1,1
4486,Y?,Male,34,UK,1,1
4487,Fanucci,Male,35,USA,0,1
4488,Lombardi,Male,31,UK,0,0
4489,Hs?,Female,44,USA,0,0
4490,Anderson,Female,35,USA,1,1
4491,Trentino,Female,64,Canada,1,1
4492,Donnelly,Male,61,UK,1,1
4493,Tsou,Female,32,USA,0,1
4494,Johnson,Female,32,Canada,1,1
4495,Watson,Male,31,Canada,0,1
4496,Allan,Female,32,USA,0,1
4497,Butcher,Female,42,USA,0,1
4498,Henderson,Female,47,Canada,0,1
4499,Boucaut,Male,30,USA,1,1
4500,Obiajulu,Female,44,UK,0,0
4501,Ifeatu,Male,32,UK,0,0
4502,Kelly,Female,75,USA,0,1
4503,Pirozzi,Male,45,Canada,0,1
4504,Siciliano,Male,33,USA,0,1
4505,Silva,Male,37,Canada,0,1
4506,Iweobiegbunam,Female,30,USA,1,0
4507,Williamson,Female,66,Canada,1,1
4508,Madueke,Male,28,USA,0,1
4509,Chiagoziem,Female,41,USA,0,1
4510,Kwemto,Female,35,UK,0,1
4511,Zito,Female,43,UK,1,0
4512,Ukaegbunam,Female,45,USA,0,1
4513,Trevisani,Male,51,USA,0,0
4514,Edmondstone,Female,41,USA,0,0
4515,Chien,Female,38,USA,0,1
4516,Boni,Male,30,Canada,1,1
4517,Yashina,Female,32,UK,1,1
4518,Georg,Female,39,Canada,0,1
4519,Tung,Female,29,Canada,0,1
4520,Michelides,Male,38,Canada,1,1
4521,Korovina,Male,46,UK,0,1
4522,Chuang,Female,27,Canada,1,1
4523,Yuriev,Male,39,Canada,0,0
4524,Chidimma,Female,52,UK,0,1
4525,Stevens,Male,38,USA,1,1
4526,Kao,Male,43,Canada,1,0
4527,Edmund la Touche,Male,34,USA,0,1
4528,Belousov,Male,38,USA,1,0
4529,McCane,Female,31,Canada,1,1
4530,Parry-Okeden,Female,44,USA,1,1
4531,Hudson,Male,43,UK,0,1
4532,Marsden,Male,37,USA,1,0
4533,Manfrin,Male,38,Canada,0,1
4534,Ch'ang,Male,39,Canada,1,0
4535,Clark,Male,41,USA,0,1
4536,Aldrich,Male,37,UK,1,1
4537,Khan,Female,55,USA,1,1
4538,Murray,Female,31,Canada,0,1
4539,Anayolisa,Male,33,Canada,0,1
4540,Shillito,Female,37,USA,1,1
4541,McMillan,Male,32,UK,0,1
4542,Howells,Female,36,Canada,1,1
4543,Stewart,Male,28,USA,0,0
4544,Ikechukwu,Female,42,UK,1,0
4545,Repina,Male,39,Canada,1,1
4546,Cox,Female,36,UK,0,0
4547,Lo,Female,37,USA,0,1
4548,Grant,Male,37,UK,1,0
4549,Stevenson,Female,58,USA,1,1
4550,Kauffmann,Male,59,USA,0,0
4551,Samsonova,Female,39,USA,0,1
4552,Niu,Female,46,Canada,0,1
4553,Bock,Female,25,USA,0,1
4554,Barlow,Male,30,USA,0,1
4555,Stevenson,Male,39,USA,0,1
4556,Kung,Female,35,Canada,0,1
4557,Nwankwo,Female,18,USA,1,1
4558,Brewer,Male,37,UK,0,0
4559,Ch'iu,Male,34,USA,1,0
4560,Quinn,Female,62,UK,0,0
4561,Kodilinyechukwu,Female,36,Canada,0,1
4562,Ifeanyichukwu,Male,31,UK,1,0
4563,Yermakova,Male,36,UK,0,1
4564,Sullivan,Female,64,UK,0,0
4565,Grant,Male,23,UK,0,1
4566,Jacka,Female,46,Canada,1,1
4567,Tsai,Female,40,USA,1,1
4568,Emery,Female,27,Canada,1,1
4569,Piccio,Male,32,UK,1,1
4570,Sanders,Male,33,USA,1,1
4571,Sharp,Female,43,UK,1,1
4572,Myers,Male,20,UK,1,1
4573,Campbell,Female,30,UK,0,1
4574,Abbott,Female,24,USA,1,1
4575,Preston,Female,32,USA,1,1
4576,Atherton,Male,29,UK,1,0
4577,Fanucci,Female,40,Canada,1,0
4578,Evans,Male,39,UK,0,1
4579,Cookson,Male,38,USA,0,0
4580,Nnachetam,Male,52,USA,1,1
4581,Johnstone,Female,32,USA,1,1
4582,Hort,Female,47,USA,0,1
4583,Johnson,Male,37,USA,0,0
4584,Zaytseva,Female,38,Canada,0,1
4585,Sorokina,Female,39,USA,1,1
4586,Diehl,Male,30,USA,1,1
4587,Onuchukwu,Female,25,USA,1,1
4588,Osonduagwuike,Female,34,USA,1,1
4589,Mead,Male,41,USA,0,1
4590,Stewart,Male,35,USA,0,1
4591,Thomson,Female,78,USA,1,1
4592,Goliwe,Female,32,USA,0,1
4593,Lori,Male,36,USA,0,1
4594,Onwuamaeze,Female,44,USA,0,1
4595,Butusov,Female,31,USA,0,0
4596,Rogers,Male,65,UK,1,1
4597,Nicholson,Male,38,USA,0,0
4598,Rossi,Female,46,UK,0,1
4599,Hall,Male,46,USA,0,1
4600,Huddart,Female,38,USA,0,1
4601,Chinomso,Female,34,USA,1,1
4602,Shaw,Male,30,UK,0,0
4603,Hargreaves,Female,35,Canada,0,1
4604,Swain,Male,23,USA,1,0
4605,Butcher,Male,25,USA,1,0
4606,Stone,Female,34,USA,1,0
4607,Allan,Female,55,USA,1,1
4608,Wang,Male,51,USA,0,1
4609,Colombo,Male,42,UK,1,0
4610,McKay,Male,34,Canada,1,0
4611,Brient,Male,38,UK,0,1
4612,Yin,Male,48,UK,1,0
4613,Bellucci,Female,49,USA,0,0
4614,Duncan,Female,46,USA,1,1
4615,Pirozzi,Male,34,USA,1,1
4616,Findlay,Female,44,USA,1,0
4617,King,Male,37,USA,1,0
4618,Iweobiegbunam,Male,24,USA,1,1
4619,Tucker,Male,42,USA,1,0
4620,Izmailova,Female,47,USA,1,0
4621,Meng,Male,33,USA,1,0
4622,Liang,Male,43,Canada,0,0
4623,Hutchinson,Male,48,Canada,0,1
4624,Shen,Female,24,USA,1,1
4625,Okwuoma,Male,46,USA,1,1
4626,Chinwemma,Female,45,USA,1,0
4627,Golubova,Female,32,USA,1,1
4628,Schiavone,Male,39,USA,1,0
4629,Moore,Male,32,Canada,1,1
4630,Graham,Male,49,UK,0,1
4631,Amadi,Male,38,UK,1,1
4632,McKay,Female,30,UK,0,1
4633,Fedorova,Female,43,USA,0,1
4634,Percy,Male,48,UK,1,1
4635,Floyd,Female,45,Canada,0,1
4636,Long,Female,33,USA,1,1
4637,Castiglione,Female,31,UK,0,0
4638,Melendez,Female,30,USA,0,1
4639,Mazzi,Male,50,UK,0,1
4640,Kovaleva,Female,27,USA,1,1
4641,Gill,Female,44,USA,0,0
4642,Arcuri,Male,34,UK,0,1
4643,Chukwuma,Male,25,UK,0,1
4644,Stevenson,Female,60,USA,0,0
4645,Ponomarev,Male,74,Canada,0,0
4646,Gilroy,Female,34,USA,1,1
4647,Sidorov,Female,26,UK,1,1
4648,Bates,Female,28,USA,0,1
4649,Fanucci,Female,57,Canada,0,1
4650,Toscano,Male,31,UK,1,1
4651,Hearn,Male,33,USA,0,1
4652,Iroawuchi,Female,25,UK,0,0
4653,Martin,Female,39,Canada,1,1
4654,Sinclair,Female,51,USA,1,0
4655,Swanson,Female,31,UK,0,0
4656,Chinomso,Male,39,Canada,1,0
4657,Fomin,Female,38,USA,1,1
4658,McKay,Male,48,USA,1,1
4659,Bergamaschi,Male,28,Canada,0,0
4660,Matveyeva,Female,50,UK,0,1
4661,Madukaego,Female,41,USA,1,0
4662,Ferri,Female,43,USA,1,0
4663,Achebe,Male,58,Canada,1,0
4664,Mai,Male,35,UK,1,1
4665,Davis,Female,23,USA,1,1
4666,Davey,Male,35,USA,0,1
4667,Tsou,Female,39,UK,0,1
4668,Marino,Male,54,UK,0,1
4669,Kerr,Male,31,USA,1,1
4670,Hsiao,Male,50,UK,0,1
4671,Graham,Male,41,UK,0,1
4672,Ejikemeifeuwa,Female,45,UK,1,1
4673,Volkova,Female,23,USA,1,1
4674,Wang,Male,33,USA,0,1
4675,Benjamin,Male,41,UK,1,0
4676,Ryrie,Female,38,UK,0,1
4677,Andreev,Female,42,Canada,0,1
4678,Ts'ao,Female,48,UK,1,0
4679,Frolov,Male,61,Canada,1,1
4680,Montemayor,Female,35,Canada,1,1
4681,Fu,Male,48,UK,0,0
4682,Whitehead,Female,44,USA,0,1
4683,Izuchukwu,Male,24,USA,0,1
4684,Lai,Male,38,USA,0,1
4685,Herring,Male,43,USA,1,1
4686,Duffy,Male,42,Canada,1,0
4687,Chiefo,Male,53,Canada,0,1
4688,Fyodorov,Male,48,USA,1,0
4689,Chu,Male,33,USA,0,1
4690,Robertson,Male,45,Canada,0,0
4691,Palmerston,Male,24,UK,0,1
4692,Madukwe,Male,37,Canada,0,1
4693,Chinedum,Male,30,Canada,0,0
4694,French,Female,32,USA,0,1
4695,Polyakov,Male,45,Canada,0,1
4696,Clements,Male,37,USA,1,1
4697,Connor,Female,41,Canada,0,0
4698,Balashov,Male,48,UK,0,1
4699,Avdeeva,Male,62,USA,1,1
4700,Chester,Male,56,Canada,1,0
4701,Hung,Male,35,Canada,1,0
4702,Tu,Male,27,USA,0,0
4703,Thompson,Male,33,USA,0,0
4704,Jones,Female,44,Canada,1,0
4705,Li,Female,35,USA,1,1
4706,Denisova,Female,22,UK,0,0
4707,Clogstoun,Male,43,USA,1,1
4708,Tan,Male,27,USA,1,1
4709,Power,Male,44,Canada,0,0
4710,Harriman,Male,31,USA,1,0
4711,Benson,Female,40,UK,0,1
4712,Thornton,Male,39,USA,0,0
4713,White,Male,54,USA,0,1
4714,Mackenzie,Male,35,UK,0,1
4715,Kalinina,Female,23,USA,1,0
4716,Bennet,Male,38,Canada,0,1
4717,Hallahan,Male,18,USA,1,0
4718,Martin,Male,38,UK,1,0
4719,Rivera,Male,26,USA,0,1
4720,Chiawuotu,Female,35,UK,0,1
4721,Sergeyev,Female,33,UK,1,0
4722,Christie,Female,44,USA,0,1
4723,Louis,Male,32,USA,1,0
4724,Iqbal,Male,42,Canada,1,1
4725,Marino,Male,49,UK,0,1
4726,Robertson,Female,43,USA,0,1
4727,Pai,Male,50,UK,1,1
4728,Barese,Female,19,USA,1,0
4729,Chigolum,Male,40,UK,0,0
4730,Trouette,Female,42,USA,1,1
4731,Ugochukwu,Female,38,Canada,0,1
4732,Cribb,Female,35,USA,1,0
4733,McIntyre,Female,53,UK,0,1
4734,Pickering,Female,31,USA,0,1
4735,Fletcher,Female,54,USA,1,1
4736,Uchenna,Male,43,USA,0,1
4737,Pisano,Female,32,USA,0,1
4738,Corson,Male,36,USA,1,1
4739,Hooper,Female,40,USA,0,0
4740,He,Female,32,USA,0,0
4741,Chidubem,Male,30,USA,1,1
4742,Schofield,Male,45,USA,0,1
4743,Liang,Male,59,UK,1,1
4744,Somadina,Female,57,Canada,1,1
4745,McIntosh,Female,51,USA,1,1
4746,Hinton,Male,49,UK,0,1
4747,Sal,Male,32,USA,0,1
4748,De Luca,Male,64,Canada,1,0
4749,Bromby,Female,37,UK,1,1
4750,Chang,Male,29,UK,1,1
4751,Hunter,Female,35,USA,1,1
4752,Sheppard,Female,64,UK,0,1
4753,Fan,Male,54,USA,0,1
4754,Muir,Male,40,Canada,0,1
4755,Lai,Female,59,USA,0,1
4756,Padovesi,Female,37,USA,1,1
4757,Kemp,Female,39,USA,0,1
4758,Greece,Female,36,Canada,1,1
4759,Young,Female,48,Canada,0,1
4760,Chukwueloka,Male,34,Canada,1,0
4761,Woods,Male,40,USA,0,1
4762,Forbes,Female,32,USA,1,1
4763,Kang,Male,34,USA,1,1
4764,Nweke,Male,38,USA,1,1
4765,Ts'ui,Female,36,Canada,0,1
4766,Milano,Female,49,Canada,1,0
4767,Chao,Female,38,Canada,1,1
4768,Wan,Male,39,Canada,1,1
4769,Napolitani,Female,31,Canada,1,1
4770,Kovaleva,Female,31,Canada,1,0
4771,Russell,Male,19,Canada,0,1
4772,Chiebuka,Female,36,UK,1,1
4773,Ellis,Male,44,Canada,1,1
4774,Gordon,Female,35,UK,1,1
4775,Conway,Female,35,USA,1,1
4776,Buccho,Male,35,Canada,1,1
4777,Aksyonova,Male,37,Canada,1,1
4778,Batty,Female,33,USA,1,0
4779,Rowe,Female,45,Canada,1,0
4780,Pisani,Male,40,UK,0,0
4781,Onochie,Male,36,Canada,0,1
4782,Farmer,Female,53,Canada,0,0
4783,Cameron,Female,53,USA,1,1
4784,Jennings,Female,37,USA,0,1
4785,Eluemuno,Female,53,Canada,0,1
4786,Swift,Female,22,USA,0,0
4787,Pisani,Female,34,USA,1,1
4788,Nnonso,Male,42,USA,1,1
4789,Cameron,Female,44,Canada,0,1
4790,Stevens,Male,41,USA,1,1
4791,Zito,Male,34,Canada,0,0
4792,Taylor,Male,35,Canada,0,1
4793,Ferrari,Male,19,Canada,1,1
4794,Yeh,Female,41,USA,1,1
4795,Gould,Female,39,USA,0,1
4796,Agafonova,Male,29,USA,1,1
4797,Fowler,Male,35,Canada,1,1
4798,Chidumaga,Female,32,UK,1,1
4799,Sabbatini,Male,41,USA,1,1
4800,Johnson,Male,52,USA,0,0
4801,Chapman,Male,39,USA,0,1
4802,Birk,Male,71,USA,1,0
4803,Capon,Male,39,Canada,0,1
4804,Chidubem,Male,41,Canada,1,1
4805,Childs,Female,34,Canada,0,1
4806,Sun,Male,41,UK,0,1
4807,Lung,Female,33,USA,0,1
4808,Tao,Male,28,USA,0,0
4809,Napolitano,Female,33,USA,1,1
4810,Davis,Male,37,USA,0,1
4811,Sagese,Male,38,USA,0,0
4812,Hutchinson,Female,26,Canada,0,1
4813,Nelson,Male,31,USA,0,1
4814,Schiavone,Male,39,Canada,1,0
4815,Chienezie,Male,39,Canada,0,1
4816,Obioma,Female,77,UK,0,1
4817,Butusov,Male,29,USA,1,0
4818,Pisano,Male,28,USA,1,1
4819,Stetson,Female,36,USA,1,1
4820,Waring,Male,26,USA,1,0
4821,Fanucci,Female,32,USA,1,1
4822,Thao,Female,33,USA,0,1
4823,Murphy,Female,32,USA,1,0
4824,McConnell,Female,32,Canada,0,1
4825,Armfield,Male,35,USA,0,0
4826,Fanucci,Male,31,USA,1,1
4827,Panina,Male,24,USA,1,1
4828,Nixon,Male,52,Canada,1,0
4829,Walker,Female,42,Canada,0,1
4830,Chiemela,Male,34,USA,0,1
4831,Martel,Male,30,Canada,0,1
4832,Briggs,Male,35,USA,0,1
4833,Iheatu,Female,79,USA,1,1
4834,Jennings,Male,32,USA,0,1
4835,Ch'en,Female,35,Canada,0,1
4836,Kovalyov,Male,34,Canada,1,1
4837,Yeh,Male,26,USA,1,0
4838,Chien,Male,28,USA,0,1
4839,Brown,Female,40,USA,0,0
4840,Buddicom,Female,53,USA,0,1
4841,McGregor,Female,35,USA,1,1
4842,Thompson,Female,44,UK,1,1
4843,Ross,Male,56,Canada,0,0
4844,Ch'ang,Male,29,USA,0,1
4845,Warren,Female,36,UK,0,0
4846,Uspenskaya,Female,36,USA,1,1
4847,King,Female,36,USA,0,1
4848,Trentini,Female,23,USA,1,0
4849,Konovalova,Male,42,USA,1,0
4850,Dellucci,Male,70,UK,1,1
4851,Goddard,Male,27,USA,0,1
4852,Neumann,Female,48,USA,0,1
4853,Ch'in,Male,35,Canada,1,1
4854,Walters,Female,41,USA,1,1
4855,Muravyova,Male,23,UK,1,0
4856,Barry,Male,33,UK,0,0
4857,Woolnough,Male,44,USA,1,1
4858,Keen,Male,27,USA,1,0
4859,Liebe,Female,41,USA,0,1
4860,White,Female,22,Canada,1,1
4861,Hunter,Male,36,Canada,0,1
4862,Myers,Female,22,Canada,0,1
4863,Rogova,Female,55,Canada,1,0
4864,Raff,Female,33,USA,0,1
4865,Cocci,Male,54,USA,0,1
4866,Kanayochukwu,Female,29,USA,0,1
4867,Obialo,Female,37,UK,1,1
4868,Liu,Female,34,USA,0,1
4869,Gilbert,Male,37,USA,1,1
4870,Coles,Male,50,USA,1,1
4871,Ponomaryov,Female,43,UK,0,0
4872,Bergamaschi,Male,40,USA,0,1
4873,Guerin,Male,32,Canada,0,1
4874,Sinclair,Male,37,USA,1,1
4875,Dominguez,Male,43,USA,0,1
4876,Costa,Female,33,USA,0,0
4877,Wei,Female,27,Canada,0,0
4878,Mills,Male,44,USA,0,0
4879,Pugh,Male,29,Canada,0,0
4880,Price,Female,44,Canada,0,1
4881,Wood,Male,33,Canada,0,1
4882,Robertson,Male,31,USA,0,1
4883,Sawtell,Female,36,UK,0,1
4884,Yuryeva,Male,43,UK,1,1
4885,Pisano,Male,49,UK,0,1
4886,Kharitonova,Male,41,Canada,0,1
4887,Simmons,Female,53,UK,0,1
4888,Muramats,Male,37,USA,0,1
4889,Tang,Male,49,USA,1,0
4890,Peng,Female,41,UK,1,1
4891,Bevan,Female,34,Canada,0,1
4892,Zito,Male,34,UK,1,1
4893,Sokolov,Female,51,UK,0,0
4894,Teng,Male,29,Canada,0,1
4895,Amadi,Female,32,USA,0,0
4896,Davide,Male,31,USA,1,1
4897,Parkes,Male,41,USA,1,1
4898,Mazzanti,Male,40,Canada,0,1
4899,Findlay,Female,40,USA,1,0
4900,Hsu,Female,32,USA,1,1
4901,Chukwukadibia,Male,41,USA,1,1
4902,Baxter,Male,59,USA,1,0
4903,Kung,Male,30,USA,1,1
4904,Booth,Male,42,USA,0,0
4905,Evans,Female,44,USA,1,1
4906,Kung,Male,30,Canada,0,1
4907,Tung,Female,33,Canada,1,0
4908,Yuan,Male,34,USA,1,1
4909,Jackson,Male,48,USA,0,1
4910,Ross,Female,29,Canada,0,1
4911,Yang,Female,36,USA,1,1
4912,Yu,Male,37,Canada,1,1
4913,Onwumelu,Male,60,USA,0,1
4914,Gay,Female,51,USA,1,1
4915,Morrison,Female,47,UK,1,1
4916,Belov,Male,45,USA,1,1
4917,Mao,Female,39,Canada,1,0
4918,Walsh,Male,32,USA,0,1
4919,Bruno,Female,36,USA,0,1
4920,Gray,Female,50,Canada,1,1
4921,Maurer,Male,33,USA,1,1
4922,Chiang,Female,33,Canada,0,1
4923,Cattaneo,Male,26,USA,1,1
4924,Grieve,Male,34,UK,0,0
4925,Lowell,Male,36,UK,0,0
4926,Trentino,Male,58,UK,1,1
4927,Sung,Female,36,UK,0,1
4928,Yen,Female,40,USA,0,0
4929,Philipp,Male,39,Canada,1,1
4930,Dynon,Male,34,USA,1,1
4931,Alexeyeva,Male,30,UK,1,1
4932,Hs?eh,Male,81,UK,1,1
4933,Ferri,Female,29,USA,0,0
4934,Hsu,Female,31,UK,1,1
4935,Bishop,Female,54,USA,1,1
4936,Toscani,Male,43,UK,0,0
4937,T'ao,Male,24,UK,0,1
4938,Philip,Male,36,USA,1,0
4939,Li Fonti,Male,34,UK,0,0
4940,Rene,Male,37,USA,0,0
4941,Daigle,Female,38,USA,0,0
4942,Joshua,Male,43,Canada,0,1
4943,Simmons,Male,36,USA,0,0
4944,Jamieson,Male,43,Canada,1,1
4945,Hou,Male,53,USA,1,0
4946,Cochran,Female,31,USA,1,1
4947,Bibb,Female,47,USA,1,1
4948,Jen,Female,62,USA,1,1
4949,Corran,Female,39,Canada,1,1
4950,He,Male,36,USA,0,0
4951,Loggia,Female,45,UK,0,1
4952,Lovely,Male,20,USA,0,0
4953,Becker,Male,58,Canada,1,1
4954,Plascencia,Male,34,Canada,0,0
4955,Somadina,Male,42,Canada,1,1
4956,Walker,Male,33,UK,0,1
4957,Alekseeva,Male,33,Canada,0,0
4958,Watson,Male,39,USA,0,1
4959,Zotov,Male,37,USA,0,1
4960,Williamson,Female,46,Canada,1,1
4961,Carpenter,Male,42,USA,1,1
4962,Cattaneo,Male,45,UK,0,1
4963,Gordon,Female,42,USA,1,0
4964,Boni,Male,40,USA,1,1
4965,Lynch,Female,41,USA,0,1
4966,McCarthy,Male,36,USA,1,1
4967,Davies,Male,64,USA,1,1
4968,Hargreaves,Male,40,UK,0,1
4969,Blackburn,Male,41,Canada,0,0
4970,K?,Female,35,Canada,1,1
4971,Meng,Male,38,Canada,1,1
4972,Cattaneo,Male,30,Canada,1,1
4973,Hunt,Male,41,UK,0,1
4974,Owens,Female,24,USA,1,1
4975,Steele,Female,55,Canada,1,0
4976,Kennedy,Male,39,USA,0,1
4977,Pan,Female,25,UK,0,1
4978,Alexander,Male,35,Canada,1,1
4979,Bray,Male,35,UK,1,0
4980,Nnabuife,Female,45,UK,1,1
4981,Padovesi,Male,38,UK,0,1
4982,Bray,Female,23,Canada,0,0
4983,Lucas,Male,30,USA,1,1
4984,Tinline,Male,30,USA,0,1
4985,Esomchi,Female,31,USA,1,1
4986,Liao,Male,26,UK,1,1
4987,Iroawuchi,Female,36,Canada,0,1
4988,Retana,Female,35,USA,0,1
4989,Fang,Male,47,USA,1,0
4990,Ozioma,Male,40,USA,0,1
4991,Robson,Female,33,Canada,1,0
4992,Bruno,Female,33,USA,1,1
4993,Price,Female,62,USA,0,1
4994,Swanson,Female,44,USA,0,1
4995,Chang,Female,52,UK,1,1
4996,Morgan,Female,36,USA,1,0
4997,Nwebube,Male,44,UK,0,1
4998,Trevisan,Male,43,Canada,0,1
4999,Ositadimma,Female,40,Canada,1,1
5000,Cunningham,Female,38,Canada,1,1
5001,Fields,Female,68,UK,1,0
5002,Johnston,Male,35,Canada,1,1
5003,Vasilyev,Male,43,USA,1,1
5004,Hooper,Male,36,USA,1,1
5005,Colombo,Female,57,UK,0,1
5006,Tsao,Male,48,USA,1,0
5007,Chikere,Female,37,UK,1,1
5008,Ballard,Female,46,Canada,1,0
5009,Akhtar,Male,36,USA,0,1
5010,O'Loughlin,Male,33,Canada,0,1
5011,Davis,Male,49,UK,1,1
5012,Barry,Male,47,Canada,0,1
5013,K'ung,Male,40,USA,1,1
5014,Gorman,Female,40,USA,0,1
5015,John,Female,35,Canada,0,0
5016,Tsou,Male,50,USA,1,0
5017,Okonkwo,Female,29,USA,0,1
5018,Esposito,Male,34,UK,1,1
5019,Boni,Female,51,USA,0,1
5020,Pratt,Female,53,UK,1,0
5021,Page,Female,68,UK,1,0
5022,Wilkinson,Female,29,USA,1,1
5023,Tseng,Male,45,USA,0,1
5024,Clark,Male,40,USA,0,1
5025,Finch,Female,44,UK,1,1
5026,Shen,Male,37,USA,0,0
5027,Hou,Male,44,USA,0,0
5028,Wall,Male,37,UK,1,1
5029,Manna,Female,38,USA,0,1
5030,Reyes,Male,38,USA,1,1
5031,Jideofor,Male,33,UK,0,1
5032,Sal,Female,34,UK,1,1
5033,Iweobiegbunam,Female,46,UK,0,1
5034,Shao,Female,61,USA,1,1
5035,Heath,Female,29,UK,1,1
5036,Chidimma,Male,34,Canada,0,1
5037,Murray,Male,59,UK,1,0
5038,Sullivan,Male,38,Canada,1,1
5039,Wu,Female,63,USA,1,0
5040,Downie,Female,38,USA,0,1
5041,Chukwufumnanya,Male,50,Canada,1,0
5042,Allan,Male,29,Canada,0,1
5043,Findlay,Female,33,USA,1,1
5044,Ch'eng,Female,44,Canada,0,0
5045,Miller,Male,30,USA,0,0
5046,Tsai,Female,29,USA,0,1
5047,Graham,Male,25,Canada,0,0
5048,Norton,Male,26,Canada,1,1
5049,Yegorov,Male,42,USA,1,1
5050,Holt,Male,38,Canada,0,0
5051,Kao,Male,32,USA,1,1
5052,Ross,Male,36,Canada,0,1
5053,Hsiao,Male,38,USA,1,0
5054,Allan,Female,28,UK,0,0
5055,Liang,Male,36,Canada,0,0
5056,Briggs,Male,31,Canada,1,1
5057,Cantrell,Male,23,UK,1,0
5058,Wang,Female,46,UK,0,1
5059,Aksenov,Male,37,USA,1,0
5060,Glennon,Male,29,USA,0,1
5061,Yancy,Female,35,USA,0,1
5062,Mazzi,Female,42,USA,0,1
5063,Liu,Male,41,UK,1,1
5064,Nucci,Female,41,Canada,0,0
5065,Y?,Female,47,USA,0,1
5066,Nucci,Female,27,USA,0,1
5067,Tang,Female,26,USA,1,1
5068,Kao,Female,45,UK,1,1
5069,Chen,Female,79,Canada,1,1
5070,Yao,Female,29,Canada,1,0
5071,Tsou,Female,42,USA,0,0
5072,Barnes,Male,35,USA,0,1
5073,H?,Male,29,USA,1,0
5074,Cruz,Male,34,UK,0,0
5075,Smith,Male,38,USA,0,0
5076,Onuchukwu,Male,25,Canada,1,1
5077,Bukowski,Female,37,USA,0,1
5078,Simmons,Male,34,USA,0,1
5079,Stewart,Male,35,Canada,1,1
5080,Gow,Male,37,USA,1,1
5081,Williams,Male,29,USA,1,1
5082,Francis,Female,31,USA,1,1
5083,Calabresi,Female,41,Canada,0,0
5084,Chimaobim,Female,38,Canada,0,1
5085,Chikwendu,Male,49,USA,1,1
5086,Padovesi,Male,49,UK,0,1
5087,Henderson,Male,50,Canada,0,0
5088,Kharlamova,Male,43,Canada,0,1
5089,Onio,Male,42,USA,0,1
5090,Yeh,Male,45,UK,0,0
5091,Feng,Female,30,USA,0,0
5092,Norman,Male,43,UK,0,1
5093,White,Female,39,USA,0,1
5094,Manfrin,Female,55,UK,1,1
5095,Ritchie,Male,37,USA,0,1
5096,Udegbulam,Female,46,Canada,1,0
5097,Kao,Female,29,USA,0,0
5098,Diaz,Male,20,Canada,1,1
5099,Olisaemeka,Male,29,UK,0,1
5100,Ross-Watt,Female,45,UK,0,0
5101,Miller,Female,26,Canada,0,1
5102,Shubin,Female,58,Canada,1,1
5103,Nwankwo,Male,20,Canada,0,0
5104,Cartwright,Female,58,UK,1,1
5105,Ngozichukwuka,Male,44,Canada,1,0
5106,Sadler,Male,51,UK,0,1
5107,Azuka,Female,32,USA,0,1
5108,Shen,Female,37,Canada,0,1
5109,Whittaker,Male,55,Canada,1,1
5110,Abazu,Female,28,Canada,0,1
5111,Murphy,Female,33,USA,1,1
5112,Ford,Male,26,USA,1,0
5113,Gratwick,Female,28,Canada,1,1
5114,Pai,Female,47,USA,0,1
5115,Lorenzo,Male,60,USA,0,0
5116,Brady,Female,49,UK,0,1
5117,Wong,Male,38,UK,0,1
5118,Douglas,Male,31,USA,0,0
5119,Kennedy,Male,40,USA,1,1
5120,Chang,Male,37,USA,1,1
5121,Brown,Male,26,USA,0,1
5122,Hsiung,Female,35,Canada,0,0
5123,MacDonald,Male,27,USA,0,1
5124,Davidson,Male,29,Canada,1,0
5125,Milano,Female,46,Canada,1,1
5126,Bovee,Male,54,Canada,1,0
5127,Lewis,Female,54,Canada,1,0
5128,Dyer,Female,38,Canada,1,0
5129,Hsia,Female,38,USA,1,0
5130,Hicks,Female,42,UK,0,1
5131,Millar,Male,38,UK,1,0
5132,Fan,Male,40,USA,0,1
5133,Young,Female,66,USA,0,1
5134,Kerr,Male,37,Canada,1,0
5135,Frolova,Female,55,USA,0,1
5136,Vasilyev,Male,40,USA,1,0
5137,Sabbatini,Female,64,UK,1,1
5138,Ifeanacho,Female,51,USA,0,1
5139,Capon,Male,34,USA,1,0
5140,Chieloka,Male,47,Canada,0,1
5141,Hanson,Female,29,USA,0,0
5142,Ts'ao,Male,32,Canada,0,1
5143,Bradshaw,Female,48,Canada,0,0
5144,Nkemakolam,Male,31,Canada,1,1
5145,Clunie,Female,25,USA,1,1
5146,Cover,Male,38,UK,1,1
5147,Esposito,Male,32,UK,0,0
5148,Hodgson,Female,38,USA,0,1
5149,Harvey,Male,70,Canada,1,1
5150,Dobie,Female,49,USA,1,0
5151,Okwudilichukwu,Female,37,USA,1,1
5152,Dyer,Female,35,USA,1,1
5153,Chase,Male,36,Canada,1,1
5154,Baresi,Female,29,USA,0,1
5155,Lo,Female,42,UK,0,0
5156,Tyler,Female,42,USA,0,0
5157,Ts'ui,Male,33,Canada,1,0
5158,Aparicio,Female,50,Canada,0,1
5159,Macleod,Male,55,USA,0,1
5160,Sal,Female,69,Canada,1,1
5161,Yeh,Male,44,USA,1,1
5162,Udegbunam,Male,46,Canada,0,0
5163,Alexandrov,Male,31,USA,0,1
5164,Ozioma,Female,36,USA,1,1
5165,Atkins,Male,36,USA,1,1
5166,Campos,Male,33,USA,0,0
5167,Wood,Female,43,Canada,1,1
5168,Kerr,Male,29,USA,1,1
5169,Chienezie,Male,30,Canada,1,1
5170,Tsou,Male,31,UK,0,1
5171,McKinnon,Female,31,USA,1,1
5172,Nwachukwu,Male,39,USA,1,1
5173,Nwebube,Male,37,USA,0,1
5174,Burt,Male,38,Canada,0,1
5175,Ross,Male,34,USA,0,1
5176,Lees,Female,29,Canada,0,1
5177,Feetham,Female,28,USA,1,1
5178,Chuang,Female,27,Canada,1,0
5179,Aitken,Male,22,UK,0,0
5180,Chambers,Male,34,UK,1,1
5181,Coburn,Male,43,Canada,1,0
5182,Ahmed,Female,35,Canada,0,1
5183,Ogochukwu,Female,31,USA,1,1
5184,Soto,Male,38,USA,1,0
5185,Obiajulu,Female,28,USA,0,1
5186,Yegorova,Female,39,UK,0,1
5187,Lucchese,Male,32,USA,0,1
5188,Talbot,Female,30,USA,1,0
5189,Lu,Male,30,Canada,0,1
5190,Arnold,Male,41,Canada,0,0
5191,Nicholson,Male,36,Canada,0,1
5192,Chukwualuka,Female,58,USA,1,1
5193,Wallace,Female,39,USA,1,1
5194,Pisano,Female,29,Canada,1,1
5195,Kelly,Male,27,USA,0,0
5196,Brady,Male,38,Canada,1,1
5197,Palmer,Female,22,USA,1,1
5198,Tan,Female,71,USA,1,0
5199,L?,Male,40,USA,0,0
5200,Mordvinova,Female,27,Canada,0,1
5201,Corones,Male,42,UK,0,1
5202,Clements,Male,36,USA,0,1
5203,Morrice,Female,22,UK,0,1
5204,Hsiung,Male,30,UK,1,1
5205,Barrett,Female,33,USA,1,1
5206,Kanayochukwu,Male,28,USA,0,1
5207,Tardent,Male,38,USA,0,1
5208,Bowhay,Female,37,UK,1,1
5209,Lei,Female,38,Canada,1,1
5210,Baker,Female,38,Canada,1,1
5211,Pisano,Male,35,USA,0,0
5212,Castillo,Male,22,UK,1,1
5213,Gibson,Male,55,UK,1,0
5214,Lindsay,Male,29,UK,1,1
5215,Macnamara,Female,57,UK,1,1
5216,Romano,Male,24,USA,1,0
5217,Aksakova,Male,43,Canada,1,1
5218,Farnsworth,Male,28,USA,1,1
5219,Giordano,Male,20,USA,0,1
5220,Arnold,Female,38,USA,0,1
5221,Thompson,Male,37,UK,0,1
5222,Koch,Female,29,Canada,0,1
5223,Jones,Female,22,USA,0,1
5224,Otitodilinna,Female,72,Canada,1,0
5225,Fleetwood-Smith,Male,43,Canada,0,1
5226,Chinonyelum,Male,66,USA,1,1
5227,Montague,Male,39,Canada,1,1
5228,Milani,Male,23,USA,0,1
5229,Palermo,Male,29,USA,1,0
5230,Anderson,Male,35,USA,1,1
5231,Crawford,Male,40,UK,1,1
5232,Lin,Male,38,USA,0,1
5233,Yewen,Female,46,USA,0,1
5234,Simmons,Female,49,UK,1,1
5235,Mbadiwe,Female,41,USA,0,1
5236,Munro,Female,68,USA,1,1
5237,Graham,Male,29,USA,0,1
5238,Lombardo,Male,26,Canada,1,1
5239,Kalinin,Male,30,USA,0,1
5240,Woodward,Male,44,UK,0,0
5241,Pirozzi,Female,24,USA,0,1
5242,Iweobiegbulam,Male,41,USA,0,0
5243,Piazza,Female,40,UK,1,1
5244,Baranova,Female,37,UK,0,1
5245,Fan,Male,43,Canada,1,1
5246,Sun,Male,38,USA,1,1
5247,Marino,Female,32,USA,1,1
5248,Donaldson,Male,59,USA,1,1
5249,Burton,Male,39,USA,1,1
5250,Quinn,Male,44,USA,1,0
5251,Sabbatini,Female,24,UK,1,0
5252,Brooks,Male,39,USA,1,1
5253,Black,Female,44,USA,1,1
5254,Schwartz,Female,27,Canada,0,0
5255,Ts'ui,Male,20,Canada,0,1
5256,Sargent,Female,63,USA,0,1
5257,Udinesi,Female,48,Canada,0,0
5258,Lee,Female,31,UK,1,1
5259,Taylor,Male,38,USA,1,1
5260,Kepley,Male,52,USA,1,0
5261,Ozuluonye,Female,35,UK,1,1
5262,Lassetter,Female,26,USA,0,1
5263,Mishina,Male,30,USA,1,1
5264,Trevisano,Male,41,UK,0,1
5265,Iloerika,Female,44,Canada,0,0
5266,Tan,Female,27,USA,0,1
5267,Chikelu,Male,31,USA,1,1
5268,Lin,Male,26,USA,0,1
5269,Nicholson,Male,28,USA,0,0
5270,Ugoji,Male,34,UK,0,1
5271,Michel,Male,33,UK,1,1
5272,Bruce,Male,40,UK,0,1
5273,Feng,Male,47,USA,0,1
5274,McDonald,Male,32,USA,0,1
5275,Watt,Male,43,USA,0,1
5276,Goodwin,Female,42,USA,1,0
5277,Arcuri,Male,29,USA,1,1
5278,Rapuluolisa,Female,40,Canada,1,1
5279,Kao,Male,31,UK,0,1
5280,Tsui,Female,40,Canada,1,1
5281,Summers,Female,28,UK,0,1
5282,Cross,Male,31,Canada,0,0
5283,Osorio,Male,32,USA,0,1
5284,Bobrov,Female,23,UK,1,0
5285,Barnett,Male,51,UK,1,1
5286,Pike,Female,53,Canada,1,1
5287,Gearheart,Female,41,Canada,0,0
5288,Bruno,Female,38,Canada,0,1
5289,Egobudike,Male,30,USA,1,1
5290,Okechukwu,Male,19,Canada,1,1
5291,Zikoranachidimma,Female,56,UK,0,1
5292,Milanesi,Female,32,USA,1,0
5293,Ahern,Female,28,USA,0,1
5294,Dickson,Female,41,Canada,1,1
5295,Anayochukwu,Male,32,UK,1,1
5296,McDonald,Female,29,UK,0,1
5297,Fiorentini,Female,44,Canada,1,1
5298,Russo,Male,51,UK,1,1
5299,Young,Male,36,USA,0,1
5300,Bianchi,Female,71,USA,1,1
5301,Fallaci,Female,33,USA,1,1
5302,Crawford,Male,39,USA,0,1
5303,Marsh,Male,39,USA,1,0
5304,Kosisochukwu,Male,25,Canada,1,1
5305,Piccio,Female,42,Canada,0,0
5306,Nevels,Male,27,USA,0,1
5307,Kaodilinakachukwu,Female,51,USA,1,1
5308,Amaechi,Female,49,USA,0,1
5309,P'an,Female,31,Canada,0,0
5310,Ikemefuna,Female,36,Canada,0,1
5311,Tai,Male,42,UK,0,0
5312,Winn,Female,40,USA,0,1
5313,Hardy,Female,48,Canada,0,1
5314,Chiu,Female,72,USA,1,1
5315,Lopez,Male,45,UK,0,1
5316,Steen,Male,36,USA,1,1
5317,Ferri,Male,40,Canada,0,1
5318,Yegorova,Male,37,USA,0,1
5319,Knowles,Male,31,Canada,0,1
5320,May,Male,25,UK,0,1
5321,Bianchi,Male,36,Canada,0,1
5322,Pipes,Male,25,USA,0,0
5323,Doherty,Female,40,USA,1,1
5324,Yobanna,Male,32,USA,1,1
5325,Hsu,Male,31,UK,1,1
5326,Russell,Female,43,USA,1,1
5327,Payne,Female,59,Canada,1,1
5328,Windsor,Female,25,UK,0,1
5329,Bray,Male,27,UK,0,1
5330,Seleznyov,Male,41,USA,1,1
5331,Wark,Male,29,USA,1,1
5332,Y?,Female,46,UK,0,1
5333,Brown,Female,29,Canada,0,1
5334,Huang,Male,33,Canada,0,0
5335,Zito,Male,24,UK,1,1
5336,Bailey,Female,39,USA,0,1
5337,Allnutt,Female,55,USA,1,0
5338,Christie,Female,57,Canada,0,0
5339,Pope,Female,34,UK,0,0
5340,Johnstone,Female,55,UK,1,1
5341,Bird,Male,42,Canada,0,1
5342,Jones,Female,51,USA,0,0
5343,Pedder,Male,47,UK,1,1
5344,Calabrese,Male,47,USA,0,1
5345,Chialuka,Male,25,USA,0,1
5346,McKenzie,Male,34,USA,0,0
5347,Holloway,Male,31,USA,0,1
5348,Tang,Male,32,Canada,1,0
5349,Byrne,Male,41,UK,0,1
5350,Selwyn,Male,32,UK,1,1
5351,Genovese,Female,57,USA,1,1
5352,Koger,Male,41,UK,1,1
5353,Baranov,Female,23,USA,1,1
5354,Greco,Male,35,Canada,0,1
5355,Owens,Male,31,USA,1,1
5356,Y?,Female,29,USA,0,1
5357,Kendall,Male,47,UK,1,1
5358,Ko,Male,31,UK,1,1
5359,Tang,Male,39,USA,0,1
5360,Lombardo,Male,42,UK,1,1
5361,Perkins,Male,35,USA,0,1
5362,Feng,Male,46,USA,0,1
5363,Lo,Female,37,UK,1,1
5364,Piccio,Male,51,Canada,1,1
5365,Mazzanti,Male,33,UK,1,0
5366,Chukwualuka,Male,39,Canada,1,1
5367,Elliot,Female,42,UK,1,1
5368,Gratton,Male,41,USA,1,1
5369,Carandini,Female,62,USA,0,0
5370,Robinson,Male,52,Canada,0,0
5371,Lo,Male,41,USA,1,0
5372,Ma,Male,33,USA,0,1
5373,Vinogradova,Female,39,Canada,1,1
5374,H?,Male,30,Canada,1,0
5375,Alexandrova,Female,23,Canada,1,0
5376,Yang,Male,38,Canada,1,1
5377,Maslova,Male,38,Canada,1,0
5378,Buccho,Male,72,USA,1,1
5379,Young,Male,27,UK,0,1
5380,Barker,Female,21,USA,1,1
5381,Sung,Male,36,Canada,0,1
5382,Hansen,Male,32,UK,1,1
5383,Brown,Female,40,USA,1,1
5384,Lo Duca,Male,28,USA,1,1
5385,Ellis,Male,28,Canada,0,1
5386,Korff,Female,36,UK,1,0
5387,Gardiner,Male,48,USA,0,0
5388,Kiernan,Male,22,Canada,0,1
5389,Thompson,Male,54,UK,0,0
5390,Mathews,Female,32,USA,0,0
5391,Macrossan,Female,38,USA,0,0
5392,Illingworth,Female,27,Canada,0,1
5393,Bowen,Male,44,Canada,0,1
5394,Craig,Male,32,USA,1,1
5395,Menhennitt,Female,44,Canada,1,1
5396,Moore,Male,48,UK,1,0
5397,Shoebridge,Male,42,USA,1,1
5398,Palermo,Female,40,USA,0,0
5399,Reilly,Male,44,UK,1,1
5400,Bowen,Male,35,Canada,1,1
5401,Fyodorov,Female,30,USA,0,1
5402,Clements,Male,47,USA,0,1
5403,McKenzie,Male,37,USA,0,1
5404,Craig,Male,22,Canada,1,1
5405,Iloerika,Male,37,USA,1,1
5406,Dolgorukova,Female,64,UK,1,1
5407,Eva,Female,47,USA,0,0
5408,Yeh,Male,37,USA,1,0
5409,P'an,Female,54,Canada,1,1
5410,Howe,Male,28,Canada,1,1
5411,Jenkins,Female,28,USA,0,1
5412,Shih,Female,40,USA,0,1
5413,Nnamdi,Female,48,USA,0,0
5414,Mitchell,Female,42,USA,0,1
5415,Findlay,Female,40,USA,0,1
5416,Pisani,Female,28,USA,1,0
5417,Belisario,Male,50,USA,1,0
5418,Pomeroy,Male,32,USA,1,1
5419,Ibrahimova,Male,35,UK,1,0
5420,K?,Female,56,Canada,1,1
5421,Graham,Male,28,USA,1,1
5422,Trevisano,Female,39,USA,0,0
5423,Trevisano,Female,31,USA,1,1
5424,K?,Male,35,USA,1,1
5425,Manning,Male,44,UK,0,0
5426,Tucker,Female,44,UK,0,0
5427,Schaffer,Female,36,Canada,0,1
5428,Esomchi,Male,36,UK,1,1
5429,Ch'ang,Female,35,USA,0,1
5430,Walker,Female,48,USA,0,1
5431,Chu,Female,24,USA,0,1
5432,Crawford,Female,25,USA,0,1
5433,Milne,Male,51,Canada,1,1
5434,Anenechukwu,Male,37,USA,0,1
5435,Donaldson,Female,32,Canada,0,1
5436,Kelly,Female,33,USA,0,1
5437,Ts'ao,Female,34,USA,0,0
5438,Gonzalez,Male,30,UK,1,1
5439,Tai,Male,34,USA,0,1
5440,Muravyova,Female,61,UK,0,1
5441,Milanesi,Male,43,UK,0,0
5442,Lin,Male,29,USA,0,1
5443,Lambert,Female,43,UK,0,0
5444,Temple,Male,28,Canada,1,0
5445,Ridley,Male,33,USA,1,0
5446,Young,Female,36,USA,1,1
5447,Slye,Male,28,USA,0,1
5448,Pan,Male,50,UK,1,0
5449,Hsueh,Female,44,UK,1,0
5450,Roberts,Female,46,USA,1,1
5451,Moss,Male,33,USA,0,1
5452,Andrews,Male,43,USA,0,1
5453,Takasuka,Female,45,USA,0,0
5454,Dawson,Female,25,USA,0,0
5455,Bruche,Male,39,USA,0,1
5456,Oliver,Female,45,UK,0,1
5457,Ryan,Male,34,UK,0,1
5458,Sabbatini,Male,62,UK,1,1
5459,Watt,Male,35,Canada,0,1
5460,Wilson,Female,36,Canada,0,1
5461,Abramova,Male,41,UK,1,0
5462,Purdy,Male,31,Canada,0,0
5463,Higgins,Female,29,USA,0,0
5464,Marshall,Female,36,USA,0,0
5465,Reye,Female,36,USA,1,0
5466,Chibueze,Female,41,UK,0,1
5467,Kwemtochukwu,Male,32,UK,1,0
5468,Biryukova,Male,33,Canada,1,1
5469,Chidozie,Male,45,USA,1,1
5470,Barber,Male,21,USA,0,0
5471,Thompson,Male,25,USA,1,1
5472,Maslov,Female,39,UK,0,1
5473,Jones,Male,42,UK,1,0
5474,Chidumaga,Female,38,UK,1,1
5475,Hs?,Female,34,USA,0,1
5476,Trentini,Male,42,UK,1,1
5477,Lucas,Male,47,Canada,0,1
5478,Willoughby,Female,34,USA,1,1
5479,Jamieson,Male,44,UK,1,1
5480,Robertson,Male,35,Canada,0,0
5481,Ojiofor,Female,34,UK,0,0
5482,Cameron,Female,44,UK,1,0
5483,Mayne,Male,46,Canada,0,1
5484,Mancini,Male,28,Canada,0,0
5485,Paramor,Male,45,UK,0,0
5486,Young,Male,38,Canada,1,1
5487,Daly,Female,41,Canada,1,0
5488,Carter,Male,35,USA,1,1
5489,Dike,Female,35,USA,1,1
5490,Hughes,Male,33,USA,1,0
5491,Green,Female,78,Canada,1,0
5492,Chinomso,Female,36,UK,1,1
5493,Gorshkov,Male,35,USA,1,1
5494,Chinomso,Male,31,USA,0,1
5495,Ijendu,Female,48,Canada,0,0
5496,Yen,Male,35,USA,0,1
5497,Arcuri,Female,42,USA,1,0
5498,Baresi,Female,36,Canada,0,0
5499,Field,Male,35,USA,0,0
5500,Christian,Female,27,UK,1,1
5501,Ross,Male,47,USA,1,1
5502,Trevisani,Female,31,USA,0,1
5503,Akabueze,Female,40,Canada,1,1
5504,Dunn,Male,24,Canada,1,1
5505,Martin,Male,32,USA,0,0
5506,Donaldson,Female,53,USA,1,1
5507,McClinton,Male,34,Canada,1,0
5508,Bentley,Female,40,Canada,0,1
5509,Ibezimako,Female,75,USA,1,1
5510,Thomson,Male,33,USA,0,1
5511,Ch'in,Female,48,UK,0,1
5512,Holbrook,Male,32,UK,0,1
5513,Solomina,Male,37,USA,1,0
5514,McDonald,Female,33,USA,1,0
5515,Dennis,Male,65,USA,0,1
5516,Faulk,Female,28,UK,1,1
5517,Dale,Male,37,USA,1,1
5518,Gorbunov,Male,33,USA,0,1
5519,Farrell,Male,39,USA,0,0
5520,De Luca,Male,43,USA,0,1
5521,Walker,Female,61,USA,1,1
5522,Forster,Male,37,USA,0,1
5523,Brown,Female,37,USA,0,1
5524,Monaldo,Male,35,USA,1,1
5525,Wu,Female,53,USA,1,0
5526,Pan,Male,51,USA,1,1
5527,Longo,Male,49,UK,1,1
5528,Findlay,Male,38,USA,1,1
5529,Fu,Male,32,USA,1,0
5530,Yin,Male,34,USA,0,1
5531,Hamilton,Male,34,USA,1,1
5532,Miller,Female,31,USA,0,0
5533,Hsing,Male,33,USA,1,1
5534,Mitchell,Male,44,Canada,0,1
5535,Chamberlin,Female,29,USA,1,0
5536,Buttenshaw,Female,32,UK,0,1
5537,Anayochukwu,Male,45,Canada,1,1
5538,Wallace,Female,41,UK,1,1
5539,Calabresi,Female,28,UK,0,0
5540,Sun,Male,39,Canada,0,0
5541,Tuan,Male,43,USA,0,1
5542,Nazarova,Male,51,Canada,1,0
5543,Bryant,Female,35,USA,1,1
5544,Pai,Male,38,USA,1,1
5545,Power,Male,42,USA,0,1
5546,Hao,Male,33,UK,0,0
5547,McMillan,Male,32,USA,0,1
5548,Merrett,Male,38,USA,0,1
5549,Phillips,Male,38,USA,0,1
5550,De Luca,Male,33,Canada,0,1
5551,Tu,Female,44,USA,1,0
5552,Elder,Female,26,UK,0,1
5553,Dilke,Male,41,USA,0,1
5554,Panicucci,Male,31,UK,1,1
5555,Mason,Male,38,Canada,1,1
5556,Townsend,Female,39,Canada,1,1
5557,Gunson,Male,40,USA,0,1
5558,Milano,Female,39,UK,1,1
5559,Macleod,Male,34,UK,1,1
5560,Olisaemeka,Male,36,UK,0,1
5561,Gleeson,Male,35,USA,0,1
5562,Martin,Female,56,Canada,1,1
5563,Liao,Male,42,Canada,1,1
5564,Sung,Male,46,Canada,0,1
5565,Lai,Male,39,Canada,0,1
5566,Cartwright,Male,35,UK,1,0
5567,Wu,Male,42,UK,1,0
5568,Ch'in,Male,28,UK,1,1
5569,Biryukov,Male,38,USA,1,1
5570,Ting,Male,36,USA,0,1
5571,P'eng,Male,35,UK,0,1
5572,Niu,Female,38,Canada,0,1
5573,Mellor,Male,34,USA,1,1
5574,Power,Male,29,USA,0,1
5575,Arcuri,Female,36,Canada,1,1
5576,Lang,Male,40,USA,1,1
5577,Eve,Male,65,UK,0,1
5578,Ch'in,Female,62,USA,1,1
5579,Napolitani,Female,50,Canada,0,1
5580,Barker,Male,22,Canada,0,0
5581,Whitfield,Male,30,Canada,0,1
5582,Stradford,Male,67,Canada,1,1
5583,Brownlow,Male,38,USA,0,0
5584,Dunn,Female,31,Canada,1,0
5585,DeRose,Female,31,Canada,0,1
5586,Wang,Male,38,UK,1,1
5587,Hobbs,Female,25,UK,1,1
5588,Anderson,Female,37,USA,1,1
5589,Ugochukwu,Female,35,USA,1,1
5590,Kirsova,Female,37,UK,0,0
5591,Tsou,Male,25,UK,0,1
5592,Ozerova,Male,38,USA,0,1
5593,Li,Male,19,Canada,0,0
5594,Fyans,Male,50,Canada,0,1
5595,Freeman,Male,40,USA,1,1
5596,Chiu,Male,33,USA,1,0
5597,Iadanza,Male,35,Canada,1,0
5598,Ferguson,Female,42,USA,1,1
5599,Kelly,Female,57,UK,1,1
5600,She,Female,50,UK,1,0
5601,Christie,Male,37,USA,1,1
5602,Creel,Female,44,Canada,0,1
5603,Thompson,Female,50,USA,1,1
5604,Lazareva,Male,39,Canada,0,1
5605,Boni,Male,49,USA,0,0
5606,Evseev,Male,58,USA,1,1
5607,Marino,Female,52,UK,0,1
5608,Mackenzie,Male,41,UK,0,1
5609,Sutherland,Female,27,USA,1,1
5610,Nicolay,Female,40,Canada,0,1
5611,Lori,Female,28,USA,0,0
5612,Piazza,Male,42,UK,0,1
5613,Somerville,Female,31,USA,1,1
5614,Christie,Female,32,USA,0,1
5615,Grave,Female,46,Canada,1,1
5616,Lori,Female,29,USA,0,1
5617,Iloerika,Male,26,Canada,1,1
5618,Muir,Male,43,USA,0,1
5619,Pauley,Male,38,USA,1,1
5620,Kao,Male,41,Canada,1,1
5621,Grant,Male,31,USA,0,0
5622,Chukwuma,Female,44,USA,0,0
5623,Vincent,Male,38,USA,0,0
5624,Lazareva,Male,42,Canada,1,1
5625,Ch'ien,Female,45,Canada,0,1
5626,Bishop,Female,60,USA,1,1
5627,Chibuzo,Female,35,Canada,1,1
5628,Chang,Male,29,USA,1,1
5629,Calabrese,Female,44,UK,1,1
5630,Tokaryev,Male,28,Canada,0,0
5631,Logan,Female,37,Canada,0,1
5632,Ozerova,Male,40,USA,1,1
5633,Goering,Male,44,USA,0,1
5634,Lo,Male,28,USA,0,1
5635,Simmons,Female,38,USA,0,0
5636,Maduabuchim,Female,27,Canada,1,0
5637,Linger,Male,33,USA,1,0
5638,Yeh,Female,29,USA,1,1
5639,Stevenson,Female,38,USA,0,0
5640,Ifeatu,Male,61,USA,1,1
5641,Kenechukwu,Female,24,UK,0,0
5642,Learmonth,Male,42,UK,0,1
5643,Dickson,Female,41,Canada,0,1
5644,Volkova,Female,36,Canada,1,1
5645,Mitchell,Female,37,Canada,1,1
5646,Wong,Female,42,Canada,0,1
5647,James,Female,35,UK,0,1
5648,Shao,Male,19,USA,1,1
5649,Walton,Male,35,USA,1,0
5650,Stanley,Male,29,Canada,1,1
5651,Watson,Female,36,UK,0,1
5652,Folliero,Female,61,UK,1,1
5653,Fitzgerald,Female,29,USA,0,0
5654,Garner,Female,41,UK,0,1
5655,Folliero,Female,43,Canada,1,1
5656,Liao,Male,63,Canada,1,1
5657,Lucchesi,Female,27,USA,0,1
5658,Chan,Male,30,USA,1,0
5659,Ma,Male,41,Canada,0,1
5660,Nwabugwu,Female,52,USA,0,1
5661,P'eng,Male,68,Canada,1,1
5662,Andrews,Female,26,USA,0,1
5663,Otutodilinna,Female,40,USA,1,0
5664,Grant,Female,38,USA,0,1
5665,Abramovich,Male,71,Canada,1,0
5666,Komarova,Male,33,USA,0,1
5667,Otutodilichukwu,Male,60,Canada,1,1
5668,Donaldson,Female,34,USA,1,1
5669,Duggan,Male,42,USA,1,0
5670,Chinwendu,Male,33,UK,1,0
5671,Hamilton,Male,32,USA,0,1
5672,Smith,Female,73,USA,1,0
5673,Mazzi,Male,29,USA,0,1
5674,Krischock,Male,34,Canada,0,0
5675,Kent,Male,28,Canada,0,0
5676,Binder,Female,26,USA,1,1
5677,Zubarev,Female,26,USA,1,0
5678,Degtyarev,Male,32,UK,0,1
5679,Obialo,Male,33,USA,0,1
5680,Davydova,Female,33,UK,0,1
5681,Teng,Female,30,UK,0,0
5682,Hsing,Female,39,Canada,1,1
5683,Coleman,Male,29,Canada,0,1
5684,Wilder,Female,61,USA,0,1
5685,Molineux,Female,25,USA,0,0
5686,Cocci,Female,47,Canada,1,0
5687,Chikwendu,Female,46,Canada,0,0
5688,Fraser,Female,37,UK,1,0
5689,Lai,Male,23,UK,0,1
5690,Korovin,Female,50,Canada,1,1
5691,Sidorov,Female,39,Canada,0,1
5692,Ibrahimova,Male,44,Canada,0,1
5693,Duigan,Female,30,USA,0,1
5694,Taylor,Female,32,USA,1,0
5695,Donaldson,Female,31,USA,1,0
5696,Jobson,Male,46,USA,1,1
5697,Lu,Male,41,USA,1,0
5698,Nebechi,Male,39,USA,0,0
5699,Cross,Female,64,Canada,1,1
5700,Wallace,Male,35,USA,1,1
5701,Perreault,Male,41,USA,1,1
5702,Manna,Female,49,UK,0,1
5703,Hsiung,Male,36,USA,0,1
5704,Gibbons,Female,42,USA,0,1
5705,Algeranoff,Female,45,UK,0,1
5706,Doherty,Male,40,UK,1,1
5707,Rowe,Female,48,Canada,1,1
5708,Yates,Male,25,USA,1,0
5709,Galloway,Female,60,USA,1,1
5710,Genovese,Female,39,USA,0,1
5711,Arrington,Male,34,USA,0,0
5712,Miah,Female,35,USA,1,1
5713,Chijindum,Male,35,UK,0,1
5714,Ferguson,Male,47,USA,1,0
5715,Smith,Female,39,USA,1,1
5716,Marshall,Male,31,USA,1,0
5717,P'an,Male,37,UK,1,0
5718,Burton,Female,37,USA,1,0
5719,Kamdibe,Female,37,USA,0,1
5720,Milani,Male,27,USA,0,0
5721,Forbes,Male,46,Canada,1,1
5722,Chiekwugo,Male,49,UK,0,1
5723,Cousens,Male,34,USA,0,0
5724,Ross,Female,26,USA,1,1
5725,Wood,Male,40,Canada,1,1
5726,Hawks,Female,33,USA,0,0
5727,T'ien,Female,46,Canada,0,1
5728,Ting,Male,38,UK,0,0
5729,Thynne,Male,41,USA,1,1
5730,Wang,Male,43,USA,1,1
5731,Maclean,Female,29,USA,1,1
5732,Watson,Male,45,USA,1,1
5733,Gibson,Male,40,Canada,1,1
5734,French,Female,22,USA,0,1
5735,Henderson,Male,54,USA,1,1
5736,Greenwood,Female,44,Canada,1,0
5737,Anderson,Male,31,USA,0,0
5738,Mistry,Female,35,UK,1,1
5739,Tuan,Male,38,USA,0,1
5740,Fiorentini,Female,30,USA,1,1
5741,Scott,Female,34,UK,0,1
5742,Jideofor,Male,42,USA,1,0
5743,Yevseyev,Male,61,USA,1,0
5744,Kelly,Male,38,Canada,0,0
5745,Smith,Female,43,Canada,1,1
5746,Ogle,Male,32,Canada,1,1
5747,Moss,Female,41,Canada,1,1
5748,Loggia,Male,34,Canada,1,0
5749,Nwankwo,Female,45,USA,0,0
5750,Allan,Female,29,USA,0,0
5751,Woronoff,Male,37,UK,0,1
5752,Wolfe,Male,40,USA,1,1
5753,Henderson,Female,36,Canada,1,1
5754,Sutherland,Female,41,Canada,0,0
5755,Marsden,Female,45,UK,1,1
5756,Hyde,Male,50,USA,1,1
5757,Kao,Male,28,UK,1,1
5758,T'ang,Male,32,USA,1,1
5759,Crawford,Female,44,UK,0,0
5760,Dilibe,Female,37,UK,1,0
5761,Austin,Male,23,Canada,0,1
5762,Santiago,Female,31,USA,1,1
5763,Chibugo,Male,39,UK,1,1
5764,Toscano,Female,32,USA,1,1
5765,Afanasyeva,Female,34,USA,1,1
5766,Sokolov,Male,30,USA,1,1
5767,Wei,Male,40,USA,1,1
5768,Olisanugo,Female,45,USA,0,0
5769,Gorman,Male,36,USA,1,0
5770,Priestley,Female,29,USA,0,1
5771,Lloyd,Male,51,USA,0,1
5772,Salmond,Male,44,Canada,1,0
5773,MacDonald,Male,35,USA,0,1
5774,Robertson,Female,36,Canada,0,0
5775,Chukwumaobim,Male,31,UK,0,1
5776,Ifeanacho,Female,49,USA,0,1
5777,Li Fonti,Female,39,UK,0,1
5778,Ko,Male,66,Canada,1,1
5779,Goloubev,Female,36,USA,0,1
5780,Kruglov,Male,40,Canada,1,1
5781,Liao,Female,42,UK,0,1
5782,White,Male,36,UK,0,0
5783,Sinclair,Female,33,Canada,1,0
5784,Fiorentini,Male,71,USA,1,1
5785,Shen,Male,29,USA,1,1
5786,Rapuokwu,Male,48,USA,1,0
5787,Woronoff,Male,40,USA,0,0
5788,Holden,Male,26,UK,0,1
5789,Roberts,Female,42,USA,0,0
5790,Tsou,Female,55,UK,0,1
5791,Somerville,Male,27,Canada,0,1
5792,Greco,Female,42,UK,1,0
5793,Leonard,Male,38,USA,0,1
5794,McKenzie,Female,32,Canada,0,1
5795,McElhone,Male,57,USA,1,1
5796,Dipietro,Male,39,USA,0,1
5797,Kerr,Female,45,Canada,1,1
5798,Hunter,Male,37,USA,0,0
5799,Niehaus,Male,54,Canada,1,0
5800,Craig,Female,45,USA,1,1
5801,Barclay-Harvey,Male,30,USA,1,1
5802,Teng,Female,50,Canada,1,0
5803,Milani,Male,35,USA,0,1
5804,Mistry,Male,38,Canada,0,0
5805,Jamieson,Female,35,UK,0,1
5806,Kay,Female,38,Canada,1,1
5807,Ikedinachukwu,Male,47,Canada,1,1
5808,Holt,Female,33,USA,0,1
5809,Nkemakolam,Male,60,USA,0,1
5810,Hartung,Male,32,USA,1,1
5811,Ch'en,Female,42,Canada,0,0
5812,Baker,Female,38,Canada,1,0
5813,Osinachi,Male,41,USA,1,0
5814,Shih,Male,30,USA,0,1
5815,Feng,Female,40,UK,1,1
5816,Sternberg,Female,41,UK,1,0
5817,Adams,Male,43,USA,1,0
5818,Gray,Male,69,UK,1,0
5819,Shepherd,Female,34,UK,1,1
5820,Walton,Male,29,USA,1,1
5821,Yang,Male,37,UK,0,0
5822,Barnett,Female,47,UK,0,1
5823,Romani,Male,35,Canada,0,1
5824,Greene,Female,51,UK,0,1
5825,Hart,Male,36,Canada,1,1
5826,Johnston,Female,62,Canada,1,1
5827,Miller,Female,29,UK,1,1
5828,Robson,Male,35,Canada,1,1
5829,Wallace,Female,37,Canada,0,1
5830,Cross,Male,32,USA,0,1
5831,Marcum,Male,37,UK,1,1
5832,North,Female,27,USA,1,1
5833,Mao,Male,26,USA,1,0
5834,Calabrese,Female,49,UK,0,1
5835,Martin,Male,32,USA,0,1
5836,Fleming,Male,37,Canada,1,1
5837,Roberts,Female,29,UK,1,1
5838,Finch,Female,35,USA,0,1
5839,Whitelegge,Male,51,Canada,0,0
5840,Rooke,Male,40,UK,1,1
5841,Lu,Male,71,Canada,1,1
5842,Marcelo,Female,49,USA,0,1
5843,Matthews,Female,38,Canada,1,0
5844,Romani,Male,21,USA,1,1
5845,Scott,Male,29,USA,1,1
5846,Mao,Male,33,UK,1,0
5847,Horsley,Male,29,Canada,0,1
5848,Goddard,Female,45,USA,0,0
5849,Eskridge,Male,33,UK,1,1
5850,Smith,Male,51,USA,0,0
5851,Simpson,Female,22,UK,1,1
5852,Oguejiofor,Male,33,Canada,1,0
5853,Holloway,Male,22,Canada,1,0
5854,L?,Male,40,UK,0,1
5855,Feng,Female,34,USA,1,1
5856,Claiborne,Male,46,USA,0,1
5857,Egobudike,Male,31,Canada,0,1
5858,Folliero,Female,56,USA,0,1
5859,Bray,Female,30,USA,0,1
5860,Ibrahimov,Male,38,Canada,1,0
5861,Carpenter,Female,37,USA,0,1
5862,Walsh,Male,48,USA,1,1
5863,Woods,Male,40,USA,1,1
5864,Wu,Male,40,USA,0,0
5865,Forbes,Female,32,USA,0,0
5866,Lynch,Male,39,USA,0,1
5867,Amaechi,Female,53,USA,1,0
5868,Enriquez,Male,62,UK,1,1
5869,Y?an,Male,46,USA,1,1
5870,Brooks,Male,31,UK,1,0
5871,Wang,Male,43,USA,0,1
5872,Burke,Female,33,USA,0,0
5873,Meng,Male,21,Canada,1,0
5874,Chiganu,Female,40,USA,0,1
5875,Hunt,Male,19,USA,1,1
5876,Lucchese,Female,33,USA,1,1
5877,Humphries,Male,39,USA,0,1
5878,Frolova,Male,26,USA,0,0
5879,Hsing,Male,36,UK,1,1
5880,Parkes,Male,41,USA,1,1
5881,Gregory,Male,28,USA,1,1
5882,Obiuto,Male,31,Canada,1,0
5883,Longo,Male,55,USA,1,0
5884,Lombardo,Female,38,USA,1,1
5885,Lombardo,Male,38,UK,1,1
5886,Gonzalez,Female,29,USA,1,1
5887,Nwabugwu,Male,40,UK,1,0
5888,Ford,Female,33,UK,0,1
5889,Gilleland,Female,54,USA,1,1
5890,Fullwood,Female,31,USA,1,0
5891,Kao,Male,38,USA,0,1
5892,Montalvo,Female,34,USA,0,1
5893,Wilson,Male,35,UK,0,1
5894,Doyne,Female,48,Canada,1,0
5895,Onwuamaeze,Male,39,USA,0,1
5896,K'ung,Male,37,UK,0,1
5897,O'Donnell,Male,30,Canada,0,1
5898,McMillan,Male,23,USA,0,1
5899,Chinedum,Male,34,USA,0,1
5900,Capon,Female,27,USA,0,0
5901,Rawling,Female,27,USA,0,1
5902,Duncan,Male,42,USA,0,0
5903,Trevisani,Male,40,USA,0,1
5904,Ankudinova,Female,29,USA,1,1
5905,Balsillie,Male,45,UK,0,1
5906,Kerr,Female,30,USA,0,1
5907,Worsnop,Male,32,USA,0,0
5908,Yevseyev,Male,66,Canada,1,1
5909,Manna,Female,46,Canada,0,1
5910,Siciliani,Female,33,USA,1,1
5911,Powell,Female,39,USA,1,1
5912,Bazarova,Male,33,USA,1,1
5913,White,Female,38,USA,0,0
5914,Buda,Male,42,Canada,1,1
5915,Cattaneo,Male,27,UK,1,0
5916,Lo,Male,47,USA,0,1
5917,Brown,Female,39,Canada,0,0
5918,Rose,Female,31,USA,0,1
5919,Lombardo,Male,28,UK,1,0
5920,McMillan,Male,49,Canada,0,1
5921,Howe,Male,36,USA,1,0
5922,Hsu,Male,54,Canada,1,1
5923,Han,Female,44,USA,0,1
5924,Calabrese,Female,48,USA,0,1
5925,Riley,Female,39,USA,1,0
5926,Biryukov,Female,39,UK,1,0
5927,Broadhurst,Female,53,USA,0,1
5928,Genovesi,Female,43,UK,0,0
5929,Hsieh,Female,36,UK,1,1
5930,Kemp,Male,32,USA,1,1
5931,Chukwudi,Female,30,USA,1,0
5932,Iqbal,Female,46,UK,0,1
5933,Teng,Female,47,USA,1,1
5934,Tao,Male,41,USA,0,1
5935,Chinedum,Male,34,USA,0,0
5936,Stevenson,Male,37,Canada,0,0
5937,Duncan,Female,22,Canada,1,1
5938,Garrett,Female,31,Canada,0,0
5939,Yao,Male,38,Canada,1,0
5940,He,Male,30,UK,1,1
5941,Mazzi,Female,41,USA,1,1
5942,Edwards,Female,33,USA,0,1
5943,Lucchesi,Male,53,UK,0,1
5944,Siciliani,Female,55,USA,1,1
5945,Shih,Male,43,UK,1,0
5946,Logue,Female,40,USA,1,0
5947,Rechner,Male,32,USA,0,1
5948,O'Brien,Female,45,USA,1,1
5949,Stewart,Female,35,UK,0,1
5950,Batt,Female,44,UK,1,0
5951,Hope,Female,57,UK,0,1
5952,Ahmed,Male,41,USA,1,0
5953,Pearson,Male,29,Canada,1,1
5954,Kruglov,Female,31,Canada,0,1
5955,Gordon,Male,33,USA,1,0
5956,Trujillo,Female,39,USA,1,1
5957,Pagnotto,Female,38,UK,0,1
5958,Horton,Male,76,UK,1,1
5959,DeRose,Female,40,USA,1,0
5960,Chiang,Female,33,Canada,0,1
5961,Gill,Male,48,USA,0,1
5962,Trevisano,Male,32,Canada,1,0
5963,Morrison,Male,42,UK,1,1
5964,Onuora,Female,40,UK,1,1
5965,Ikenna,Male,35,Canada,0,0
5966,Mancini,Female,30,USA,1,1
5967,Moss,Female,43,USA,0,1
5968,Ting,Male,37,Canada,0,1
5969,Tai,Male,28,USA,1,0
5970,Pan,Female,29,USA,1,0
5971,Wilson,Male,35,USA,0,0
5972,Bianchi,Male,37,Canada,0,1
5973,Holman,Male,49,UK,0,0
5974,Obidimkpa,Male,37,USA,1,1
5975,Wallace,Male,45,USA,1,1
5976,Ash,Male,44,USA,1,0
5977,Ku,Female,38,USA,0,0
5978,Uspensky,Female,40,USA,1,0
5979,Shih,Male,41,Canada,0,1
5980,Kumm,Female,24,USA,0,0
5981,Carey,Female,31,Canada,0,1
5982,Farber,Female,37,UK,0,1
5983,Calabrese,Male,37,UK,1,1
5984,Findlay,Female,28,UK,0,1
5985,Yu,Female,41,USA,0,1
5986,Edments,Male,33,Canada,1,1
5987,Brown,Female,35,Canada,0,1
5988,Lindon,Female,25,UK,0,1
5989,Chukwudi,Male,35,USA,1,1
5990,Caldwell,Female,53,USA,0,0
5991,Li Fonti,Female,32,USA,1,1
5992,Pitcher,Male,27,USA,0,1
5993,Capon,Female,32,USA,1,1
5994,Kable,Male,45,USA,0,0
5995,Lo Duca,Male,35,UK,1,1
5996,Kulikova,Male,59,USA,1,1
5997,Navarrete,Male,62,UK,1,1
5998,Huguley,Female,20,USA,1,0
5999,Han,Male,28,Canada,0,1
6000,Horsley,Female,31,USA,0,0
6001,Massie,Female,37,USA,1,0
6002,Singh,Female,30,USA,0,1
6003,H?,Female,41,USA,0,1
6004,Doyle,Male,19,Canada,1,1
6005,Grant,Female,22,Canada,1,1
6006,Law,Female,24,USA,1,0
6007,King,Female,31,USA,0,1
6008,Onwubiko,Male,28,USA,1,1
6009,Romano,Female,24,Canada,1,1
6010,Okwudilichukwu,Male,33,Canada,0,1
6011,Milano,Male,38,Canada,0,1
6012,Parker,Female,45,UK,1,1
6013,Aitken,Female,26,USA,0,1
6014,Obiora,Male,37,Canada,0,1
6015,Vasilyeva,Male,48,Canada,0,1
6016,Chiabuotu,Male,59,Canada,1,1
6017,Slater,Male,38,UK,0,0
6018,Hughes,Female,34,USA,0,0
6019,Menkens,Male,30,USA,1,0
6020,Pisani,Female,35,Canada,1,0
6021,Y?an,Female,35,USA,0,1
6022,Milani,Male,52,USA,1,1
6023,Chin,Female,35,Canada,0,1
6024,Fu,Female,33,USA,1,0
6025,Howells,Male,27,Canada,0,0
6026,Ni,Female,46,USA,0,0
6027,Maslova,Male,41,Canada,0,1
6028,Forster,Male,44,UK,1,0
6029,Sun,Female,50,Canada,1,1
6030,Bocharova,Female,44,USA,1,0
6031,Y?an,Male,33,Canada,0,1
6032,Singh,Female,40,UK,1,1
6033,Nkemakonam,Male,39,USA,0,1
6034,Chiemenam,Female,36,Canada,0,1
6035,Angelo,Male,37,Canada,0,0
6036,Frolov,Male,34,USA,0,1
6037,West,Female,27,USA,1,0
6038,Beatham,Male,32,Canada,1,1
6039,Pollard,Female,27,UK,1,1
6040,Hsing,Male,26,Canada,1,0
6041,Dowse,Male,46,Canada,1,1
6042,Lucciano,Male,45,USA,0,1
6043,Godfrey,Female,29,USA,1,1
6044,Gratton,Male,31,USA,0,1
6045,Manning,Male,46,USA,1,1
6046,Mazzi,Female,37,UK,1,1
6047,Wall,Male,69,UK,1,0
6048,Sims,Male,40,Canada,1,1
6049,Allan,Female,36,USA,0,0
6050,Griffen,Male,41,Canada,0,1
6051,Russell,Male,44,USA,0,1
6052,Brown,Female,45,Canada,0,1
6053,Palerma,Male,52,UK,0,0
6054,Gilbert,Male,42,Canada,0,0
6055,Uvarov,Female,47,USA,1,1
6056,Wisdom,Female,23,UK,1,0
6057,Hussain,Male,25,USA,1,1
6058,Woods,Male,31,USA,1,1
6059,Cameron,Male,56,UK,0,1
6060,Mai,Male,44,Canada,1,1
6061,Gibson,Male,39,Canada,0,1
6062,Grigoryeva,Male,47,UK,0,0
6063,Gunter,Male,32,Canada,1,1
6064,Arcuri,Male,31,USA,1,1
6065,Tung,Male,23,USA,0,1
6066,Smith,Female,37,UK,1,1
6067,Lori,Male,45,USA,0,0
6068,Chidimma,Female,34,USA,0,0
6069,Ting,Female,41,USA,1,1
6070,Tsao,Male,52,Canada,1,1
6071,Collee,Male,35,Canada,1,0
6072,Lettiere,Male,52,Canada,0,1
6073,Fu,Male,45,USA,1,1
6074,Bergamaschi,Female,36,UK,1,1
6075,Dyer,Female,45,USA,1,1
6076,Buccho,Male,42,USA,0,0
6077,Jones,Female,24,USA,0,1
6078,Nebechi,Female,37,UK,0,0
6079,Ibekwe,Female,41,USA,1,0
6080,Gorshkov,Male,31,UK,1,1
6081,Nweke,Female,42,Canada,0,0
6082,Hairston,Male,52,USA,1,0
6083,Loggia,Male,40,UK,0,1
6084,Morgan,Male,38,UK,1,1
6085,Abdulov,Female,31,UK,1,1
6086,Norris,Male,45,UK,0,1
6087,Clark,Male,37,Canada,1,1
6088,Chukwudi,Female,27,USA,0,1
6089,Perkin,Female,30,USA,0,1
6090,Ch'ang,Male,27,USA,1,1
6091,Kang,Male,26,USA,1,0
6092,Chukwudi,Female,33,UK,1,0
6093,Frolova,Male,43,UK,1,1
6094,Chiu,Male,38,UK,1,1
6095,Simpson,Female,31,USA,0,1
6096,McLean,Male,37,Canada,1,1
6097,Hu,Male,41,UK,0,1
6098,Savage,Male,47,UK,1,1
6099,Wallace,Female,57,UK,1,0
6100,Winter,Male,52,UK,0,1
6101,Ho,Male,30,USA,0,1
6102,Su,Male,32,Canada,1,1
6103,Li Fonti,Female,36,Canada,1,1
6104,Ives,Male,28,USA,1,0
6105,Trevisani,Male,50,UK,0,1
6106,Bond,Female,34,USA,0,1
6107,Lettiere,Male,28,UK,1,1
6108,Houghton,Male,35,UK,0,1
6109,Lei,Male,41,USA,1,1
6110,Stirling,Female,26,UK,1,1
6111,Grant,Male,31,USA,1,0
6112,Baresi,Male,23,USA,0,1
6113,Pearce,Male,34,UK,0,1
6114,Rutledge,Male,36,Canada,1,0
6115,Udegbunam,Female,44,USA,0,1
6116,Zaytseva,Male,40,USA,1,0
6117,Onyemauchechukwu,Male,73,USA,1,0
6118,Mullah,Male,37,Canada,0,1
6119,Candler,Female,49,USA,0,0
6120,Konovalova,Male,33,USA,1,1
6121,Lei,Male,40,USA,1,1
6122,Hollis,Male,48,USA,0,1
6123,Lionel,Male,44,USA,0,1
6124,Francis,Female,33,Canada,1,1
6125,Carter,Male,32,Canada,1,0
6126,Mai,Female,34,UK,1,0
6127,Johnson,Female,29,USA,1,0
6128,Sherman,Female,33,USA,0,1
6129,Sabbatini,Male,35,USA,1,0
6130,Shih,Male,43,UK,1,0
6131,Yao,Female,35,UK,0,0
6132,Ko,Male,60,USA,1,1
6133,Kazakova,Female,34,USA,0,1
6134,Chiganu,Female,33,UK,0,1
6135,Nucci,Female,25,Canada,1,1
6136,Marsden,Male,37,Canada,1,1
6137,Serena,Female,33,Canada,1,1
6138,McLean,Female,51,USA,0,1
6139,Longo,Male,47,USA,0,1
6140,Wilson,Female,37,USA,0,1
6141,Hsiung,Female,31,USA,0,0
6142,Wright,Male,24,USA,1,1
6143,Folliero,Female,38,USA,0,1
6144,Johnston,Female,24,UK,0,1
6145,Palermo,Female,46,Canada,0,1
6146,Nwabugwu,Female,22,Canada,0,1
6147,Endrizzi,Female,33,Canada,1,0
6148,Tuan,Male,31,UK,0,1
6149,Udobata,Female,30,USA,0,1
6150,Ibezimako,Male,34,Canada,1,1
6151,Maclean,Male,41,UK,0,1
6152,Shaw,Female,31,Canada,0,0
6153,Cummins,Female,64,USA,1,1
6154,Lavrentiev,Male,31,USA,1,1
6155,Saunders,Female,39,UK,1,1
6156,Fiorentino,Male,26,USA,0,1
6157,Knight,Male,33,Canada,0,0
6158,Manfrin,Male,29,USA,0,1
6159,Zetticci,Male,31,USA,0,1
6160,Angelo,Female,26,UK,1,0
6161,Zhdanov,Female,21,USA,0,1
6162,Peck,Male,38,USA,0,0
6163,Uwaezuoke,Male,34,USA,1,1
6164,White,Female,28,UK,0,1
6165,Greco,Male,58,UK,1,0
6166,Chu,Female,41,Canada,1,1
6167,Kodilinyechukwu,Male,64,USA,1,0
6168,Scott,Male,75,Canada,1,0
6169,Enyinnaya,Female,26,USA,1,1
6170,Hao,Male,29,USA,0,1
6171,McElhone,Female,32,USA,0,1
6172,Ko,Male,61,Canada,1,1
6173,Day,Male,43,UK,1,1
6174,Harris,Female,73,USA,1,1
6175,Gerald,Male,26,UK,1,0
6176,Nebeuwa,Male,31,Canada,1,1
6177,Kaodilinakachukwu,Female,38,UK,1,1
6178,Maruff,Male,37,UK,0,0
6179,Howe,Female,40,UK,0,0
6180,Knepper,Female,34,UK,1,1
6181,Fennell,Male,37,Canada,1,1
6182,T'ao,Male,39,USA,0,1
6183,Morris,Female,37,USA,0,1
6184,Holmes,Male,53,USA,0,0
6185,Yu,Male,48,Canada,0,0
6186,Walker,Male,36,UK,1,1
6187,Edwards,Male,37,USA,1,0
6188,Harvey,Male,36,USA,1,0
6189,McDonald,Female,47,UK,1,1
6190,Chambers,Male,39,UK,0,1
6191,Reed,Female,43,Canada,1,0
6192,Shih,Male,27,USA,1,1
6193,Onyemachukwu,Male,43,USA,0,1
6194,Teng,Female,28,UK,0,0
6195,Hand,Female,56,USA,1,0
6196,Onyemauchechukwu,Female,41,USA,1,1
6197,Bailey,Male,29,USA,1,1
6198,Chiang,Female,54,UK,0,1
6199,Maclean,Male,31,UK,1,1
6200,Yobachi,Female,33,Canada,0,0
6201,Munro,Female,31,UK,0,0
6202,Chidi,Male,41,USA,0,0
6203,Chamberlain,Male,49,Canada,1,0
6204,Trujillo,Female,49,Canada,0,1
6205,Tang,Male,33,USA,0,1
6206,Wilson,Female,29,USA,0,0
6207,Mann,Male,51,Canada,1,0
6208,Parry,Male,33,USA,0,1
6209,Manfrin,Male,34,USA,1,1
6210,Millar,Female,40,USA,0,0
6211,Simmons,Male,30,Canada,0,1
6212,Beneventi,Female,40,UK,0,0
6213,Chung,Female,62,Canada,1,1
6214,Maxwell,Male,36,UK,1,1
6215,Dale,Male,35,UK,1,1
6216,Stevens,Male,41,Canada,1,1
6217,Wei,Male,47,USA,0,1
6218,Chiu,Male,31,USA,1,1
6219,Duncan,Male,43,Canada,0,1
6220,Brady,Male,37,Canada,0,1
6221,Macleod,Male,33,USA,0,1
6222,Berkeley,Female,45,USA,0,1
6223,Kaur,Male,31,USA,1,1
6224,Bell,Male,32,USA,1,1
6225,Nwokike,Male,39,USA,1,1
6226,Williamson,Male,32,UK,0,1
6227,Mountgarrett,Male,46,UK,1,0
6228,Wreford,Female,34,USA,1,1
6229,Paterson,Male,42,UK,1,1
6230,Hou,Male,36,USA,0,1
6231,Smith,Male,71,USA,1,0
6232,Peng,Male,48,UK,1,1
6233,Wollstonecraft,Female,47,UK,0,0
6234,Bolton,Male,34,USA,1,1
6235,Corrie,Male,37,USA,0,1
6236,Boyle,Male,36,Canada,1,1
6237,Lambie,Male,38,USA,0,0
6238,Cartwright,Female,28,USA,1,1
6239,Lu,Male,26,USA,1,1
6240,Pisano,Male,47,USA,1,1
6241,Chukwubuikem,Male,27,USA,0,1
6242,Harper,Female,33,UK,1,1
6243,Wilson,Male,52,UK,1,1
6244,Ch'in,Male,33,UK,0,1
6245,Streeton,Female,20,Canada,0,1
6246,Ch'ang,Male,39,Canada,0,0
6247,Pennington,Male,40,USA,1,0
6248,T'ien,Female,46,USA,0,0
6249,Liu,Male,47,USA,0,1
6250,Cunningham,Female,48,USA,0,0
6251,Ch'in,Male,42,USA,0,1
6252,Smith,Female,37,USA,0,1
6253,Anderson,Male,32,UK,0,0
6254,Forbes,Female,34,UK,1,1
6255,Ansell,Male,37,UK,0,1
6256,Chiu,Male,55,UK,0,1
6257,Yevdokimova,Male,37,USA,1,1
6258,Chamberlin,Male,36,UK,0,1
6259,Johnston,Female,27,USA,0,1
6260,McDonald,Female,28,UK,1,1
6261,Chen,Female,32,USA,1,1
6262,Cattaneo,Female,35,Canada,0,0
6263,Barclay-Harvey,Male,44,USA,1,0
6264,Dawson,Male,37,USA,1,1
6265,Costa,Male,44,UK,0,0
6266,Chikwado,Male,37,USA,0,1
6267,Ch'eng,Female,33,Canada,0,1
6268,Harrison,Male,48,UK,0,0
6269,Crawford,Female,45,USA,1,1
6270,Gibson,Female,36,Canada,1,1
6271,Martin,Male,24,Canada,0,0
6272,Stokes,Male,49,USA,1,1
6273,Niu,Female,46,USA,1,1
6274,Ampt,Male,43,Canada,1,0
6275,Wynn,Male,52,UK,0,1
6276,Lawrence,Female,33,Canada,1,1
6277,Wagner,Female,54,UK,0,1
6278,Argyle,Female,34,Canada,0,1
6279,Ofodile,Female,72,USA,1,1
6280,Chiemenam,Female,55,Canada,0,1
6281,Akobundu,Male,26,UK,1,1
6282,Locke,Male,31,USA,0,0
6283,Bullen,Male,22,USA,1,1
6284,Forster,Male,37,USA,0,1
6285,Smith,Male,33,USA,0,1
6286,Craig,Female,35,UK,1,0
6287,Archer,Female,41,USA,0,1
6288,McWilliams,Male,32,Canada,1,0
6289,Moss,Male,40,USA,0,1
6290,Townsend,Male,63,Canada,0,1
6291,Brown,Female,27,USA,1,1
6292,Munson,Male,24,Canada,0,0
6293,T'ien,Female,33,USA,1,0
6294,Shubin,Male,27,USA,0,1
6295,Isayeva,Male,42,UK,0,1
6296,Hung,Female,50,Canada,0,0
6297,Webb,Male,34,USA,1,0
6298,Scott,Female,34,USA,0,0
6299,Rahman,Female,52,USA,1,0
6300,Lori,Male,24,USA,0,1
6301,Cooke,Female,41,USA,1,1
6302,Volkova,Female,45,UK,0,1
6303,Lamb,Male,42,Canada,1,0
6304,Hawes,Female,49,UK,0,1
6305,Smith,Female,38,USA,1,0
6306,Swanton,Female,33,UK,1,1
6307,Mitchell,Male,33,USA,1,1
6308,Colombo,Male,27,UK,1,1
6309,Shaw,Male,52,UK,0,1
6310,Shipp,Male,25,USA,1,0
6311,Jonathan,Male,43,Canada,0,1
6312,Hernandez,Male,29,USA,1,1
6313,Green,Female,28,UK,0,1
6314,Young,Male,27,USA,0,1
6315,Han,Female,41,USA,1,1
6316,Highland,Male,67,Canada,0,1
6317,Hamilton,Male,37,USA,1,0
6318,Yobanna,Male,29,USA,1,1
6319,Crawford,Female,57,UK,0,0
6320,Beavers,Female,19,UK,1,1
6321,Williamson,Male,32,Canada,1,0
6322,Beneventi,Male,47,USA,1,1
6323,Chidumaga,Male,50,USA,1,0
6324,Mitchell,Male,34,USA,0,0
6325,Chibugo,Female,28,Canada,1,1
6326,Hyde,Male,59,UK,1,1
6327,Alekseeva,Male,31,USA,0,1
6328,Abdulov,Female,36,Canada,1,1
6329,Buckley,Female,41,Canada,0,0
6330,Howard,Male,34,UK,1,1
6331,Peel,Female,39,USA,0,0
6332,Herz,Male,35,UK,1,1
6333,Holden,Female,35,USA,1,1
6334,McLean,Male,34,USA,1,1
6335,Findlay,Female,35,Canada,1,1
6336,Wyatt,Female,35,USA,0,0
6337,Rapuluolisa,Female,35,UK,0,0
6338,Buckland,Female,43,Canada,1,1
6339,Hargreaves,Male,39,UK,0,0
6340,Onyeoruru,Female,24,USA,0,1
6341,Salas,Male,37,Canada,1,1
6342,Laney,Female,40,UK,1,1
6343,Fu,Female,37,USA,0,1
6344,Tien,Female,55,Canada,0,0
6345,Sazonova,Male,41,USA,0,1
6346,Tuan,Female,35,USA,0,1
6347,Wei,Male,50,UK,1,0
6348,Bergamaschi,Male,35,UK,1,1
6349,Taylor,Male,31,Canada,0,1
6350,Messersmith,Female,25,USA,1,0
6351,Coles,Male,48,UK,1,0
6352,Brookes,Female,27,USA,0,0
6353,Reid,Male,38,USA,0,1
6354,Etheridge,Male,35,USA,1,1
6355,Jolly,Female,42,Canada,1,1
6356,Chizoba,Male,41,Canada,0,0
6357,Eberegbulam,Male,43,USA,1,1
6358,Pagnotto,Female,68,USA,1,0
6359,Lucchesi,Female,32,USA,0,1
6360,Hughes,Female,45,UK,0,1
6361,Panicucci,Male,39,UK,1,1
6362,Burns,Female,25,UK,1,1
6363,Ricci,Male,34,Canada,1,1
6364,Lambert,Female,40,Canada,0,1
6365,Esposito,Male,28,Canada,0,1
6366,Benson,Female,48,Canada,0,0
6367,Botts,Male,73,UK,1,1
6368,Parkes,Female,41,USA,0,1
6369,Mai,Male,52,Canada,0,1
6370,Castiglione,Female,38,USA,0,0
6371,Manna,Male,35,USA,1,1
6372,Lin,Male,34,USA,1,1
6373,Fink,Female,47,USA,0,1
6374,Baresi,Male,67,USA,1,0
6375,Morehead,Male,38,USA,1,1
6376,Afamefuna,Female,64,Canada,0,1
6377,Greco,Male,46,USA,0,1
6378,Balashova,Male,33,USA,0,1
6379,Bogdanov,Male,37,USA,1,0
6380,Lowe,Male,37,USA,0,1
6381,Ponce,Male,35,UK,0,1
6382,Trevisano,Male,33,Canada,1,1
6383,Gardner,Male,24,USA,0,1
6384,Lorenzo,Male,36,USA,0,0
6385,Palmer,Female,31,USA,1,1
6386,Zuyeva,Female,32,UK,1,0
6387,Jen,Female,40,Canada,1,0
6388,Alekseeva,Female,43,USA,0,1
6389,Manfrin,Male,44,UK,0,1
6390,Chiemenam,Female,30,USA,1,0
6391,Chiemenam,Female,37,Canada,0,1
6392,Clark,Female,38,USA,0,1
6393,Fanucci,Female,28,Canada,0,1
6394,Cattaneo,Female,41,UK,1,1
6395,Udinesi,Male,41,UK,0,1
6396,Bentley,Female,36,UK,0,1
6397,Holmes,Female,44,UK,1,0
6398,Austin,Female,33,Canada,1,1
6399,Mackenzie,Male,26,Canada,0,1
6400,Booth,Male,48,UK,1,0
6401,Collier,Female,30,Canada,0,0
6402,Hs?,Female,46,USA,0,0
6403,Oluchukwu,Male,36,USA,1,1
6404,Sung,Male,55,UK,1,1
6405,Marino,Female,49,Canada,0,1
6406,Vinogradov,Male,41,Canada,1,0
6407,Burns,Male,33,USA,0,1
6408,Fanucci,Male,30,UK,0,1
6409,Chukwujamuike,Male,44,Canada,0,1
6410,Flynn,Female,33,USA,1,1
6411,Chao,Female,63,Canada,1,1
6412,Yeh,Female,21,UK,0,1
6413,Klein,Female,53,UK,1,0
6414,Mahmood,Female,20,USA,1,0
6415,Tu,Female,21,USA,0,0
6416,Shcherbakov,Female,42,USA,0,1
6417,Zetticci,Male,26,USA,0,1
6418,Carr,Male,37,Canada,1,1
6419,Browne,Female,27,Canada,0,0
6420,Feng,Male,44,USA,0,1
6421,Ferguson,Female,47,UK,1,0
6422,Shaw,Male,23,USA,1,1
6423,Palermo,Male,47,USA,1,0
6424,Moore,Male,41,Canada,0,1
6425,Huang,Male,43,USA,0,0
6426,Gray,Male,39,USA,0,0
6427,Sokolova,Male,45,Canada,0,1
6428,Henderson,Male,37,USA,0,1
6429,Mosley,Female,39,UK,0,1
6430,Nnaemeka,Male,38,Canada,1,0
6431,Everett,Female,40,Canada,0,1
6432,Goddard,Male,39,Canada,1,0
6433,Kuo,Female,33,UK,1,1
6434,Bianchi,Male,53,Canada,1,1
6435,Rouse,Female,45,USA,0,1
6436,Nwoye,Male,26,USA,0,1
6437,Greco,Male,33,UK,1,1
6438,Fang,Female,37,USA,1,1
6439,Chiemenam,Female,44,USA,0,1
6440,Artemiev,Male,37,Canada,0,1
6441,Burrows,Female,47,USA,1,0
6442,Chizuoke,Male,45,USA,0,1
6443,T'ien,Male,33,USA,0,1
6444,Rogova,Male,92,USA,1,0
6445,Trevisano,Female,37,UK,1,1
6446,Sagese,Female,30,USA,1,1
6447,Artyomova,Male,34,Canada,1,1
6448,Long,Female,31,Canada,1,0
6449,Hsueh,Female,37,Canada,0,1
6450,White,Male,45,UK,0,0
6451,Lazarev,Female,28,USA,0,1
6452,Benjamin,Female,29,Canada,1,1
6453,Wan,Male,43,Canada,0,1
6454,Romano,Female,44,UK,0,0
6455,Craig,Male,35,Canada,1,1
6456,Yermolayeva,Female,29,USA,1,0
6457,Tseng,Male,31,USA,0,1
6458,Tseng,Male,51,Canada,1,1
6459,Le Hunte,Male,36,USA,1,1
6460,Blake,Male,45,UK,1,1
6461,Lane,Male,29,USA,0,0
6462,Sparks,Female,36,USA,0,1
6463,Tu,Male,57,USA,1,1
6464,Tochukwu,Male,30,USA,1,0
6465,Whittaker,Female,33,UK,1,0
6466,Wang,Male,26,Canada,1,1
6467,Northern,Male,32,UK,1,1
6468,Humphries,Female,31,USA,1,0
6469,Cremonesi,Female,35,USA,1,0
6470,Ku,Female,23,USA,0,1
6471,Tobenna,Female,41,UK,0,1
6472,Okwuadigbo,Female,40,USA,0,1
6473,Johnston,Female,34,UK,0,1
6474,Li,Male,22,USA,0,1
6475,Talbot,Male,37,USA,1,1
6476,Tu,Male,41,UK,0,0
6477,T'ien,Male,40,USA,0,0
6478,Ross,Female,34,USA,0,0
6479,Maclean,Male,35,USA,1,1
6480,Wan,Male,49,Canada,0,1
6481,Tsou,Female,24,USA,1,0
6482,Jack,Male,39,UK,0,1
6483,Lucchesi,Male,32,USA,1,1
6484,Ch'eng,Male,41,UK,0,1
6485,Saunders,Male,44,Canada,0,1
6486,Glover,Male,26,UK,1,1
6487,Tung,Male,40,USA,0,0
6488,Padovano,Male,31,USA,1,0
6489,Johnstone,Male,44,USA,0,1
6490,Endrizzi,Female,31,USA,1,1
6491,Secombe,Male,34,USA,0,1
6492,Elewechi,Female,30,USA,0,0
6493,Chu,Female,35,UK,0,0
6494,Lucciano,Male,35,USA,0,1
6495,Pinto,Male,28,USA,1,1
6496,McGregor,Female,39,UK,0,1
6497,Ugorji,Female,44,UK,0,1
6498,Bancks,Male,50,USA,0,1
6499,Warlow-Davies,Female,27,USA,0,1
6500,Dale,Male,32,USA,1,1
6501,Buckley,Female,43,USA,0,0
6502,Nkemjika,Male,30,USA,0,1
6503,Fairley,Female,40,USA,0,1
6504,Boothby,Female,37,UK,1,0
6505,Chukwuhaenye,Male,32,USA,1,1
6506,Lock,Male,48,UK,0,0
6507,Clarke,Female,56,Canada,0,1
6508,Ramsey,Male,32,USA,0,1
6509,Eipper,Male,42,UK,1,0
6510,Ko,Female,40,UK,0,0
6511,Munro,Male,46,Canada,1,1
6512,McGregor,Female,50,USA,1,0
6513,Henderson,Male,24,USA,1,1
6514,Fernandez,Female,41,Canada,1,1
6515,Porter,Male,26,Canada,0,0
6516,Pan,Female,65,USA,1,0
6517,Esposito,Female,32,Canada,1,0
6518,Kaeppel,Female,51,UK,1,1
6519,Lamb,Female,49,Canada,0,0
6520,Lei,Female,50,UK,0,0
6521,Conti,Female,41,USA,0,1
6522,Hargreaves,Male,35,UK,0,1
6523,Yermolayev,Female,42,USA,0,1
6524,Kerr,Female,31,Canada,1,0
6525,Waters,Female,35,UK,1,1
6526,Onyeorulu,Male,34,USA,0,1
6527,Kolesnikova,Female,34,USA,1,1
6528,Kazakova,Male,38,USA,0,1
6529,MacDonald,Male,27,Canada,0,0
6530,Sharwood,Female,37,Canada,0,1
6531,Bufkin,Female,75,UK,1,0
6532,Nwankwo,Female,45,USA,1,1
6533,Boniwell,Male,67,USA,1,1
6534,Willis,Female,47,USA,1,1
6535,Burns,Male,27,Canada,1,1
6536,Kung,Female,36,USA,1,0
6537,Howells,Female,37,USA,0,1
6538,Bevan,Female,39,Canada,0,0
6539,Neitenstein,Male,34,USA,1,1
6540,Johnson,Female,45,USA,0,1
6541,Sandover,Male,33,UK,0,1
6542,Nnamutaezinwa,Male,35,Canada,1,1
6543,Sinclair,Male,35,USA,1,1
6544,Wei,Male,29,UK,1,1
6545,Higgins,Female,45,USA,1,0
6546,Chang,Male,27,Canada,1,1
6547,Henderson,Male,20,USA,1,1
6548,Cox,Female,30,USA,1,1
6549,Tsui,Male,38,USA,0,1
6550,Lee,Male,32,USA,0,1
6551,Sergeyeva,Female,39,UK,1,1
6552,Napolitani,Female,30,Canada,1,0
6553,Beatham,Female,34,UK,0,1
6554,Lu,Male,50,UK,0,1
6555,Yashina,Male,31,USA,0,1
6556,Bales,Male,35,USA,0,1
6557,Hill,Female,51,UK,1,0
6558,Ibeamaka,Male,40,Canada,0,0
6559,Romilly,Male,38,USA,1,0
6560,Hayes,Male,38,UK,1,1
6561,Chiu,Female,32,USA,0,1
6562,Sun,Female,48,UK,0,1
6563,Brennan,Male,44,USA,0,1
6564,Storey,Male,25,UK,1,1
6565,Lawson,Female,47,UK,1,1
6566,T'ao,Female,33,USA,0,1
6567,Yao,Female,30,UK,1,1
6568,Bracewell,Female,54,Canada,0,0
6569,Kerr,Male,54,UK,1,1
6570,Blake,Male,38,UK,0,1
6571,Sanders,Male,38,Canada,1,1
6572,Torkelson,Male,46,USA,0,1
6573,Hsueh,Female,21,USA,1,1
6574,Wang,Male,35,UK,1,1
6575,Hightower,Female,38,UK,0,0
6576,Genovesi,Female,55,UK,0,1
6577,Levan,Male,37,USA,1,1
6578,Lai,Male,38,UK,1,0
6579,Loginov,Female,28,USA,0,1
6580,Lafleur,Female,36,USA,0,0
6581,Obidimkpa,Female,30,UK,1,1
6582,Ch'ang,Female,71,UK,1,1
6583,Mason,Female,60,Canada,1,0
6584,Miranda,Male,21,UK,1,1
6585,Simon,Female,23,UK,1,1
6586,Golubeva,Male,39,USA,0,1
6587,Manfrin,Male,33,UK,1,1
6588,Stange,Female,33,USA,1,1
6589,Ferrari,Male,28,Canada,0,1
6590,Taylor,Male,45,UK,1,0
6591,Wei,Female,30,Canada,1,1
6592,Ch'eng,Female,33,USA,0,1
6593,Parsons,Female,33,USA,1,0
6594,Pan,Female,30,UK,1,1
6595,Cameron,Female,40,USA,0,0
6596,Igwebuike,Male,24,Canada,0,0
6597,Tuan,Male,22,USA,0,0
6598,Fraser,Male,32,USA,0,0
6599,Turnbull,Male,29,Canada,1,1
6600,Chiazagomekpere,Male,49,USA,0,1
6601,Yudina,Female,36,USA,1,0
6602,Udinese,Female,51,UK,1,1
6603,Chinweike,Female,38,UK,0,1
6604,Bergamaschi,Female,35,USA,1,0
6605,Milliner,Female,47,USA,1,0
6606,Knowles,Female,33,Canada,0,1
6607,Swinton,Male,31,USA,1,0
6608,Gregory,Female,41,UK,0,1
6609,Chibueze,Male,40,USA,1,1
6610,Sukhorukova,Female,41,USA,1,1
6611,French,Male,54,USA,1,0
6612,Estrada,Male,27,Canada,1,0
6613,Fleming,Female,64,USA,1,0
6614,Kennedy,Female,28,USA,1,0
6615,Combes,Male,34,USA,0,1
6616,Carruthers,Male,26,USA,0,0
6617,Andrejew,Male,33,Canada,1,1
6618,Ko,Female,54,UK,1,0
6619,Daniels,Female,29,UK,1,0
6620,Toscano,Male,32,USA,1,1
6621,Wilson,Male,36,USA,0,1
6622,Thomson,Male,50,USA,0,1
6623,Kazantseva,Female,43,USA,1,0
6624,Cremonesi,Male,28,USA,1,1
6625,Ferri,Male,46,USA,1,0
6626,Ferri,Female,41,Canada,0,1
6627,Lombardi,Male,66,USA,1,0
6628,Eluemuno,Female,41,USA,1,1
6629,Chiganu,Male,57,Canada,1,1
6630,Hsueh,Male,39,USA,1,0
6631,O'Brien,Female,36,USA,1,1
6632,Booth,Male,44,USA,1,0
6633,O'Loghlin,Male,31,Canada,0,1
6634,Lavrov,Female,42,Canada,0,1
6635,Somadina,Female,42,USA,0,1
6636,Colombo,Female,59,USA,1,1
6637,Troupe,Male,24,USA,1,1
6638,Kenenna,Male,36,USA,0,1
6639,Franklin,Male,36,USA,1,1
6640,Deleon,Male,41,UK,0,1
6641,Kung,Male,36,USA,1,1
6642,Zito,Female,33,Canada,1,1
6643,Giordano,Female,37,USA,1,0
6644,Davide,Female,34,Canada,0,1
6645,Lei,Male,33,UK,0,1
6646,Moss,Male,37,USA,0,1
6647,Lucciano,Female,42,Canada,0,0
6648,Tai,Female,37,USA,1,1
6649,Osinachi,Female,26,USA,1,0
6650,Coates,Male,47,Canada,0,1
6651,Larionova,Male,41,UK,1,1
6652,Seleznev,Male,46,USA,0,0
6653,Butcher,Male,38,USA,0,0
6654,Gould,Male,23,UK,1,1
6655,Cunningham,Female,30,USA,0,0
6656,Sanderson,Male,44,USA,1,1
6657,Mai,Female,35,UK,0,0
6658,Reid,Male,33,Canada,0,1
6659,Downer,Female,31,USA,0,0
6660,Humphries,Male,39,UK,0,1
6661,Bochsa,Female,29,USA,1,1
6662,Czajkowski,Male,36,USA,0,1
6663,Pankhurst,Male,36,USA,1,0
6664,She,Male,31,UK,1,1
6665,Birdseye,Female,42,USA,1,0
6666,Hope,Male,32,Canada,1,0
6667,Gill,Male,32,Canada,1,0
6668,Moon,Female,26,Canada,1,1
6669,Watt,Male,34,USA,0,1
6670,Chinomso,Male,56,USA,0,0
6671,Bellucci,Female,43,Canada,1,1
6672,Barese,Female,49,USA,1,1
6673,Fleming,Female,35,Canada,1,0
6674,Bell,Female,36,USA,0,0
6675,Li Fonti,Male,36,USA,0,1
6676,Christmas,Female,36,Canada,0,0
6677,Chuter,Male,52,Canada,1,1
6678,Johnson,Male,26,Canada,1,1
6679,Scott,Female,32,Canada,1,0
6680,Byrne,Male,30,Canada,0,1
6681,Chukwudi,Female,60,USA,1,1
6682,Ma,Male,31,USA,1,1
6683,Simmons,Male,29,Canada,0,1
6684,Fang,Female,48,Canada,1,1
6685,Blake,Female,57,USA,0,1
6686,Tien,Male,34,USA,0,1
6687,Yusupova,Male,50,Canada,1,0
6688,Davidson,Male,38,UK,1,1
6689,Zhdanova,Male,22,USA,1,1
6690,Nielson,Male,41,Canada,1,0
6691,Niu,Male,30,UK,0,1
6692,Kay,Male,24,Canada,1,0
6693,Green,Female,39,USA,0,0
6694,She,Male,27,USA,0,1
6695,Ajuluchukwu,Male,37,UK,1,0
6696,Sabbatini,Female,33,USA,0,0
6697,Board,Female,48,USA,0,1
6698,Leckie,Male,41,USA,1,1
6699,Ho,Female,31,USA,0,0
6700,Gordon,Female,41,USA,0,1
6701,Iroawuchi,Male,39,Canada,1,1
6702,Liao,Male,37,USA,0,1
6703,Hamilton,Male,37,UK,0,1
6704,Chimaobim,Male,49,UK,0,0
6705,Fan,Male,45,UK,1,1
6706,Cayley,Male,33,USA,1,1
6707,Kuykendall,Male,64,USA,1,0
6708,McDonald,Female,39,UK,0,1
6709,Duncan,Male,34,USA,1,1
6710,Browne,Female,66,UK,1,0
6711,Barton,Male,39,USA,0,1
6712,Boyle,Female,36,UK,0,0
6713,Moretti,Female,43,USA,0,1
6714,Ukaegbulam,Female,46,USA,1,0
6715,Nwankwo,Female,36,USA,1,1
6716,Niu,Female,67,Canada,1,0
6717,Hsu,Male,29,Canada,0,1
6718,Shaw,Female,58,Canada,1,0
6719,Ho,Male,34,USA,0,1
6720,Christie,Female,39,USA,0,0
6721,Onwuemelie,Male,26,USA,0,1
6722,Ch'ang,Male,77,UK,1,0
6723,Clendinnen,Male,29,USA,0,1
6724,Onyemauchechi,Female,51,UK,1,0
6725,Crawford,Female,41,USA,0,1
6726,Mellor,Female,40,UK,0,0
6727,Rizzo,Male,50,Canada,0,0
6728,Christie,Female,36,USA,0,1
6729,Watkins,Female,33,UK,1,1
6730,Ojiofor,Female,50,UK,0,1
6731,Tung,Male,46,Canada,1,0
6732,McKay,Male,32,USA,1,1
6733,Meng,Female,37,USA,0,0
6734,Hussain,Male,28,USA,0,1
6735,Mactier,Female,55,USA,0,0
6736,Hsueh,Female,37,USA,0,1
6737,Nnachetam,Female,57,USA,1,1
6738,Barnes,Male,38,Canada,1,1
6739,Christie,Male,35,UK,1,1
6740,Lipton,Male,55,USA,1,1
6741,Yu,Female,40,UK,1,0
6742,Storey,Male,44,Canada,1,1
6743,Read,Female,26,USA,0,1
6744,Levy,Female,51,UK,0,1
6745,Chiu,Female,30,USA,1,0
6746,Moore,Male,55,Canada,1,1
6747,Amies,Male,39,Canada,1,1
6748,Tsao,Male,34,USA,0,1
6749,Rowley,Male,31,USA,0,0
6750,Aliyev,Female,24,Canada,1,0
6751,Riley,Female,42,USA,0,0
6752,Toscano,Female,53,USA,1,1
6753,Oluchukwu,Male,38,Canada,0,1
6754,Fu,Male,38,Canada,1,1
6755,Warner,Female,28,Canada,1,0
6756,Fleming,Male,38,Canada,1,1
6757,Ch'iu,Female,39,USA,1,1
6758,Langler,Male,36,Canada,1,0
6759,Angelo,Male,28,Canada,1,0
6760,T'ien,Male,92,USA,1,1
6761,Milani,Male,41,USA,1,0
6762,Pye,Female,27,USA,1,1
6763,Asher,Male,37,USA,1,0
6764,Chung,Female,67,USA,1,1
6765,Yudin,Male,37,USA,1,1
6766,Arcuri,Female,40,USA,0,1
6767,Capon,Female,33,UK,1,1
6768,Piccio,Male,48,Canada,0,1
6769,Lung,Male,42,Canada,0,1
6770,Trevisan,Female,44,USA,0,0
6771,John,Female,38,USA,0,1
6772,Anayolisa,Male,29,UK,1,1
6773,Ritchie,Male,39,USA,1,1
6774,Ch'eng,Male,43,USA,0,1
6775,Macleod,Female,48,USA,1,1
6776,Boyle,Female,48,USA,0,1
6777,Chukwuemeka,Female,43,Canada,0,0
6778,Bryant,Female,27,USA,0,1
6779,Hackett,Female,50,UK,1,1
6780,Kovaleva,Male,38,USA,0,0
6781,Reed,Male,37,USA,1,1
6782,Major,Female,42,USA,1,1
6783,Lo,Male,55,USA,1,1
6784,Hanson,Male,31,USA,1,0
6785,Ogbonnaya,Female,32,UK,1,1
6786,Windsor,Male,41,Canada,1,1
6787,Calabrese,Male,30,USA,0,1
6788,Keating,Male,37,USA,1,1
6789,Costa,Male,37,UK,1,0
6790,Tan,Male,46,USA,0,0
6791,Ma,Female,40,Canada,1,0
6792,Martin,Female,39,UK,0,1
6793,Halpern,Male,34,Canada,1,0
6794,Nyhan,Male,50,UK,1,0
6795,Jackson,Female,54,USA,1,1
6796,Reynolds,Male,48,Canada,0,1
6797,Tai,Female,25,USA,1,1
6798,Trevisani,Male,46,UK,1,1
6799,Uwakwe,Male,60,USA,1,1
6800,Kerr,Male,38,USA,0,1
6801,Findlay,Female,35,USA,1,1
6802,Ugorji,Male,43,Canada,0,1
6803,Balashova,Male,32,USA,0,0
6804,Cheng,Female,44,USA,0,0
6805,Martin,Female,30,USA,1,1
6806,Skinner,Female,35,USA,1,1
6807,McDonald,Male,35,USA,0,1
6808,Dellucci,Male,36,USA,0,1
6809,Reynolds,Male,30,UK,1,1
6810,Birdsall,Female,26,USA,0,0
6811,Tsai,Female,42,UK,0,1
6812,Oguejiofor,Female,42,USA,0,0
6813,Mackie,Male,63,UK,0,1
6814,Jamieson,Male,44,UK,0,1
6815,Mai,Male,25,USA,0,1
6816,Patterson,Male,36,Canada,1,0
6817,Taylor,Male,50,USA,0,0
6818,Vinogradoff,Female,56,USA,0,1
6819,North,Male,41,USA,1,1
6820,Carter,Male,39,Canada,1,1
6821,Graham,Male,29,USA,0,1
6822,Noble,Female,39,USA,1,0
6823,Walker,Male,47,UK,1,1
6824,Chibugo,Female,24,Canada,1,1
6825,Yobachi,Male,38,USA,0,1
6826,Ignatyeva,Female,44,Canada,0,0
6827,Chiemela,Female,51,USA,1,1
6828,Pokrovskaya,Female,49,USA,0,1
6829,Storey,Male,34,UK,0,1
6830,Moroney,Male,43,USA,1,1
6831,Maslov,Male,43,USA,0,0
6832,Chukwueloka,Female,52,UK,0,0
6833,Chu,Female,21,UK,0,1
6834,Spence,Female,34,USA,0,0
6835,Mills,Male,50,USA,1,1
6836,Doyle,Male,33,USA,1,1
6837,Donnelly,Male,42,Canada,1,1
6838,Tai,Male,40,USA,0,1
6839,Abbott,Male,29,USA,1,1
6840,Perez,Male,36,UK,1,1
6841,Hsiung,Male,30,USA,0,1
6842,Cherkasova,Male,26,UK,0,1
6843,Denisov,Male,36,USA,0,1
6844,Fowler,Male,33,USA,1,1
6845,Siciliano,Male,33,USA,0,0
6846,Crocker,Male,24,UK,1,1
6847,Longo,Female,40,Canada,1,0
6848,Polyakova,Male,30,USA,1,0
6849,Brown,Female,33,USA,0,0
6850,Uspensky,Female,44,USA,1,1
6851,O'Meara,Male,42,USA,1,1
6852,Cantamessa,Female,39,UK,0,1
6853,Alexander,Female,37,USA,0,1
6854,Chinagorom,Female,43,USA,1,1
6855,Tomlinson,Male,36,Canada,1,1
6856,Lo,Male,41,USA,0,1
6857,Nwachukwu,Male,34,USA,1,1
6858,Yang,Female,52,UK,1,1
6859,Bage,Male,46,UK,1,1
6860,Marcelo,Female,38,USA,0,0
6861,Ofodile,Male,45,UK,1,1
6862,Savage,Male,41,Canada,0,0
6863,Piccio,Male,33,USA,0,1
6864,Simmons,Female,24,Canada,1,1
6865,DeRose,Female,48,UK,1,1
6866,Onuchukwu,Female,26,UK,1,0
6867,Goodwin,Male,32,Canada,1,1
6868,Teakle,Female,32,Canada,1,1
6869,Thomson,Male,39,USA,0,0
6870,Cross,Female,30,Canada,1,1
6871,Jones,Female,36,UK,1,1
6872,Walker,Female,48,UK,0,1
6873,De Salis,Female,27,USA,1,1
6874,Oliver,Female,37,USA,1,1
6875,Lo Duca,Male,28,USA,0,1
6876,Brookes,Female,57,USA,1,0
6877,Challis,Female,42,USA,0,0
6878,Ibeabuchi,Female,37,Canada,1,1
6879,Iroawuchi,Male,35,USA,1,0
6880,Tyler,Male,25,USA,1,0
6881,Fan,Male,23,USA,0,0
6882,Bates,Male,29,Canada,1,1
6883,Marsden,Male,32,USA,0,0
6884,Dodgshun,Male,30,USA,0,1
6885,Maclean,Male,35,USA,0,1
6886,Blackall,Female,27,USA,1,1
6887,Mazzanti,Male,45,UK,0,1
6888,Amadi,Male,19,USA,1,1
6889,Schoenheimer,Female,31,USA,0,1
6890,Fiorentino,Female,25,USA,0,0
6891,Murray,Male,39,USA,0,1
6892,Fan,Female,48,UK,0,1
6893,Cartwright,Female,56,USA,0,1
6894,Cremonesi,Male,50,USA,0,1
6895,White,Male,26,Canada,1,1
6896,Sabbatini,Male,49,UK,0,1
6897,Patterson,Male,42,USA,1,1
6898,Bromley,Female,48,USA,1,1
6899,Doherty,Male,41,Canada,0,0
6900,Ifeatu,Male,66,USA,0,1
6901,Bergamaschi,Female,41,Canada,1,1
6902,Shubina,Female,31,USA,1,0
6903,Lung,Male,44,Canada,0,0
6904,Kinder,Female,41,UK,0,1
6905,Terry,Male,29,UK,0,1
6906,Shepherdson,Female,35,USA,1,1
6907,Short,Female,46,Canada,1,0
6908,Zetticci,Male,34,USA,0,1
6909,Belov,Female,38,Canada,1,1
6910,Knight,Male,43,Canada,0,1
6911,Burson,Female,40,Canada,1,1
6912,Nicholls,Female,54,UK,0,1
6913,Hs?eh,Male,48,USA,1,1
6914,Ku,Female,36,USA,1,1
6915,T'ien,Male,40,USA,1,0
6916,H?,Male,31,UK,0,0
6917,Vasilieva,Female,24,USA,1,1
6918,Omeokachie,Female,41,UK,0,1
6919,Napolitano,Male,24,Canada,1,1
6920,Hopwood,Male,33,USA,1,1
6921,Bergamaschi,Male,38,USA,1,1
6922,Lindeman,Female,39,Canada,1,0
6923,McKinley,Female,60,USA,1,1
6924,Sergeyev,Male,34,USA,1,0
6925,Sanchez,Male,43,Canada,0,0
6926,Muomelu,Male,29,UK,1,1
6927,Murray,Male,34,USA,0,1
6928,Ibekwe,Female,37,USA,0,0
6929,McVey,Female,48,USA,0,1
6930,White,Male,39,UK,1,1
6931,Patterson,Male,30,USA,0,0
6932,Mai,Female,37,USA,0,1
6933,Han,Female,42,USA,1,1
6934,Davidson,Male,46,Canada,1,1
6935,Parkin,Male,39,Canada,1,1
6936,McKissick,Male,33,USA,1,1
6937,Horsfall,Female,31,USA,1,0
6938,Clapp,Female,50,USA,1,0
6939,Azikiwe,Female,33,USA,1,1
6940,Zubarev,Female,43,USA,1,0
6941,Pisano,Male,46,USA,1,1
6942,Coates,Male,25,UK,0,1
6943,Trentino,Male,42,UK,0,1
6944,MacDonnell,Male,40,Canada,1,1
6945,Ermakov,Male,36,UK,1,1
6946,K?,Female,31,UK,0,1
6947,Hammonds,Male,36,USA,1,1
6948,Peppin,Male,31,Canada,1,1
6949,Ball,Female,33,Canada,1,0
6950,Yeh,Male,37,UK,1,0
6951,L?,Female,38,Canada,1,1
6952,Shih,Male,42,USA,1,0
6953,Greco,Female,37,USA,1,1
6954,Napolitano,Male,35,UK,1,1
6955,Zaytseva,Male,38,USA,1,1
6956,Genovesi,Male,35,Canada,0,1
6957,Angelo,Male,49,USA,0,0
6958,Waters,Female,44,USA,0,1
6959,Maclean,Male,33,Canada,0,1
6960,Seleznyova,Female,46,Canada,1,0
6961,Fontenot,Male,39,USA,0,1
6962,Reid,Female,33,USA,1,1
6963,Fraser,Female,26,UK,0,1
6964,Tuan,Male,39,Canada,0,1
6965,Howarth,Female,55,USA,1,0
6966,Davis,Female,30,Canada,1,1
6967,Gorbunov,Male,22,USA,1,0
6968,Gentry,Male,26,USA,0,1
6969,Chiu,Female,50,UK,1,1
6970,Sunderland,Female,38,Canada,1,1
6971,Fan,Female,66,UK,1,1
6972,Parry,Female,44,USA,0,0
6973,Niu,Male,52,USA,1,1
6974,Zuyev,Male,39,UK,1,1
6975,Ijendu,Male,44,USA,1,1
6976,Bird,Male,38,Canada,0,1
6977,Palmer,Female,39,Canada,1,1
6978,Y?,Male,42,Canada,0,1
6979,Nicholson,Female,47,USA,0,0
6980,Adams,Female,40,USA,0,1
6981,Cocci,Female,34,UK,1,1
6982,Kuo,Male,39,UK,0,1
6983,Trevisani,Female,50,USA,1,1
6984,Kuo,Male,35,USA,1,1
6985,H?,Male,44,USA,0,1
6986,Thomson,Male,32,USA,0,0
6987,Knorr,Male,48,Canada,0,1
6988,Manfrin,Male,60,USA,1,0
6989,Hayes,Female,44,USA,1,1
6990,Shao,Female,36,USA,0,1
6991,Sinclair,Male,41,USA,1,1
6992,Bradshaw,Male,29,UK,0,1
6993,Castiglione,Female,39,USA,0,1
6994,Hurst,Female,35,USA,1,1
6995,Adamson,Female,24,USA,0,0
6996,James,Female,32,USA,1,0
6997,Pavlova,Female,50,Canada,1,1
6998,Davey,Male,68,USA,1,1
6999,Barrett,Female,47,Canada,0,0
7000,Dolgorukova,Male,27,USA,1,1
7001,Johnson,Male,28,USA,0,1
7002,Manna,Male,48,UK,0,0
7003,Hou,Female,32,UK,0,1
7004,Okeke,Female,44,UK,0,0
7005,Kodilinyechukwu,Female,50,USA,1,0
7006,Esposito,Male,43,USA,0,1
7007,Boyle,Female,33,USA,1,1
7008,Hsiung,Female,38,USA,0,0
7009,Kennedy,Female,65,UK,0,1
7010,Norton,Female,28,USA,1,0
7011,Zakharov,Female,35,USA,0,0
7012,Chimaraoke,Female,25,USA,0,0
7013,Small,Male,44,Canada,1,1
7014,McGregor,Female,34,USA,0,1
7015,Brown,Female,35,Canada,1,1
7016,Frederickson,Female,30,USA,1,0
7017,Wood,Male,50,Canada,1,1
7018,Smith,Male,25,Canada,1,1
7019,Harris,Male,50,UK,0,1
7020,Hall,Male,36,USA,1,1
7021,Pickworth,Male,28,USA,0,1
7022,Porter,Male,28,USA,1,1
7023,Storey,Male,54,USA,0,1
7024,Li,Male,29,UK,0,1
7025,McGill,Female,45,UK,0,1
7026,Sinclair,Female,51,Canada,0,1
7027,Horton,Female,27,USA,1,0
7028,Sal,Male,37,UK,0,0
7029,Murray,Male,26,UK,0,0
7030,Giles,Female,53,USA,0,1
7031,Brown,Male,33,USA,0,1
7032,Okechukwu,Male,48,Canada,1,0
7033,White,Male,41,Canada,1,0
7034,Kirillova,Male,45,Canada,0,0
7035,Lawson,Male,53,UK,0,0
7036,Sarratt,Female,56,USA,1,1
7037,Hay,Male,37,UK,0,0
7038,Lin,Male,46,UK,0,0
7039,Ozerova,Male,31,USA,1,1
7040,Lambert,Male,60,UK,1,0
7041,Bulgakov,Female,48,USA,1,1
7042,He,Male,38,USA,0,1
7043,Uchechukwu,Male,44,USA,0,0
7044,Robertson,Male,34,UK,1,0
7045,Leworthy,Male,26,USA,0,1
7046,Onyemachukwu,Female,36,USA,1,1
7047,Rivero,Female,20,UK,0,1
7048,Lai,Female,31,Canada,0,0
7049,Feng,Male,57,Canada,1,1
7050,Hornung,Female,39,USA,0,1
7051,Schiavone,Male,29,USA,1,1
7052,Barnet,Male,43,Canada,1,1
7053,Dennys,Female,32,USA,1,1
7054,Ritchie,Male,43,UK,0,1
7055,Lo,Male,38,Canada,0,0
7056,Yuriev,Female,33,USA,1,1
7057,Howarth,Male,31,USA,1,1
7058,Gibson,Female,72,UK,1,1
7059,Zikoranachidimma,Female,71,USA,1,1
7060,Mason,Female,35,UK,0,1
7061,Rizzo,Female,32,USA,0,1
7062,Thomson,Female,35,UK,0,1
7063,Ignatyev,Female,41,USA,1,1
7064,Ferguson,Male,76,UK,1,1
7065,Woods,Female,39,USA,1,1
7066,Sung,Male,53,Canada,1,1
7067,Lo,Female,42,Canada,1,1
7068,Burn,Female,24,USA,1,0
7069,Russell,Female,54,UK,1,1
7070,Jen,Female,46,USA,1,1
7071,Lo Duca,Female,39,USA,1,0
7072,Oluchi,Female,63,Canada,1,1
7073,Yao,Male,37,USA,0,1
7074,Gould,Male,40,USA,1,1
7075,Salter,Male,36,UK,0,1
7076,Warner,Female,34,USA,1,0
7077,Salier,Female,25,USA,0,1
7078,Lazar,Male,24,UK,0,0
7079,Onyenachiya,Male,67,USA,1,0
7080,Findlay,Male,30,UK,1,1
7081,Gibbons,Female,51,UK,0,0
7082,McCawley,Female,36,USA,0,0
7083,Taylor,Male,36,USA,1,1
7084,Yang,Female,32,Canada,1,1
7085,Okwudiliolisa,Male,56,UK,0,1
7086,Napolitano,Male,38,USA,1,1
7087,Vavilov,Female,38,USA,1,1
7088,Teague,Female,35,Canada,1,0
7089,Chiemenam,Female,54,USA,0,1
7090,Hughes,Female,48,Canada,1,1
7091,Cattaneo,Male,47,USA,1,0
7092,Davis,Male,53,UK,0,1
7093,Nekrasova,Male,40,Canada,0,0
7094,Loggia,Female,41,UK,0,1
7095,Combes,Female,67,USA,1,0
7096,Onwuka,Female,38,UK,0,1
7097,Kharlamov,Male,38,Canada,0,1
7098,Scott,Female,50,Canada,1,0
7099,Lettiere,Male,51,UK,0,0
7100,Osonduagwuike,Female,37,USA,1,0
7101,Wan,Male,24,Canada,0,1
7102,Donaldson,Female,44,Canada,1,0
7103,Chukwufumnanya,Male,39,USA,0,1
7104,Ma,Female,42,UK,1,0
7105,Alexander,Male,41,Canada,1,0
7106,Nkemjika,Male,45,Canada,0,0
7107,Carroll,Male,40,USA,1,1
7108,Obioma,Female,45,UK,0,1
7109,Campbell,Female,37,Canada,1,0
7110,Sims,Female,39,USA,0,0
7111,McKay,Female,28,Canada,1,0
7112,Huang,Female,39,Canada,0,1
7113,Campbell,Female,35,UK,1,0
7114,Boni,Female,24,USA,1,1
7115,Gorbunova,Female,39,USA,1,1
7116,Genovese,Female,42,USA,0,1
7117,Landor,Male,49,UK,0,1
7118,Meng,Male,31,Canada,1,1
7119,Wardell,Male,32,USA,0,1
7120,Williams,Male,31,USA,1,1
7121,Ofodile,Female,23,Canada,0,0
7122,Clark,Male,34,USA,0,0
7123,Lo,Female,46,Canada,0,1
7124,Chukwuemeka,Female,38,USA,1,0
7125,Lai,Male,34,UK,1,0
7126,Arcuri,Female,32,USA,1,1
7127,Graham,Female,26,USA,0,1
7128,Krylov,Male,44,USA,0,1
7129,Henry,Male,38,Canada,0,1
7130,Jamieson,Male,33,Canada,1,1
7131,Moore,Male,33,UK,0,1
7132,Tan,Male,35,USA,0,0
7133,Thornton,Male,48,Canada,1,1
7134,Macleod,Female,30,USA,1,1
7135,Rizzo,Male,41,USA,1,1
7136,Chukwukadibia,Female,57,Canada,1,0
7137,Ts'ai,Female,49,USA,0,0
7138,Lu,Female,28,UK,1,1
7139,Kent,Female,66,UK,1,1
7140,Black,Female,67,USA,1,0
7141,Chukwubuikem,Male,39,Canada,0,0
7142,McMillan,Female,38,UK,1,0
7143,Ngozichukwuka,Female,63,Canada,0,1
7144,Y?an,Female,54,USA,1,1
7145,Sung,Female,55,UK,1,0
7146,Macartney,Male,30,USA,0,0
7147,Ali,Male,41,USA,1,1
7148,Morley,Male,36,Canada,0,1
7149,Martin,Male,30,Canada,1,0
7150,Okorie,Male,37,USA,0,1
7151,Ku,Female,32,USA,1,1
7152,Andreyeva,Male,34,USA,0,1
7153,Cheng,Male,46,USA,0,0
7154,Hsia,Male,36,Canada,1,1
7155,Lane,Male,33,USA,0,0
7156,Findlay,Male,45,UK,1,1
7157,Okonkwo,Male,65,UK,1,1
7158,Pirogova,Male,32,USA,0,1
7159,McDonald,Male,55,UK,0,1
7160,Okonkwo,Female,59,USA,0,1
7161,Nnanna,Male,23,UK,0,1
7162,Ku,Female,36,USA,0,0
7163,Porter,Male,34,Canada,0,1
7164,Somayina,Female,46,USA,1,1
7165,Mao,Male,34,UK,0,1
7166,Fuller,Female,28,UK,1,0
7167,Craig,Female,40,Canada,0,1
7168,Trevisano,Male,29,USA,0,0
7169,Ruiz,Male,33,USA,1,1
7170,Fraser,Male,34,USA,0,0
7171,Gallo,Male,36,USA,1,1
7172,Waterhouse,Male,30,UK,0,1
7173,Cremonesi,Female,33,USA,1,1
7174,Feng,Female,30,Canada,1,1
7175,H?,Female,50,USA,0,0
7176,Jara,Female,38,USA,0,0
7177,Wilson,Male,39,UK,1,1
7178,O'Callaghan,Female,28,UK,0,0
7179,Robson,Male,38,USA,1,1
7180,Pease,Male,42,USA,1,1
7181,Maclean,Male,30,USA,1,1
7182,Lavrentyev,Female,42,USA,0,0
7183,Rhodes,Male,49,UK,1,0
7184,Murphy,Male,36,Canada,0,1
7185,Alexander,Male,23,UK,1,1
7186,Nekrasov,Male,44,UK,1,0
7187,Arnold,Male,44,USA,1,1
7188,Trevisan,Female,38,USA,0,0
7189,Mason,Female,34,USA,1,1
7190,Tucker,Female,40,USA,1,0
7191,Hobson,Male,52,UK,1,1
7192,Gordon,Male,42,USA,1,0
7193,Anderson,Male,44,USA,0,1
7194,Terry,Female,34,UK,0,1
7195,Lappin,Male,70,USA,1,1
7196,Santiago,Female,33,USA,0,1
7197,Wallace,Female,35,USA,0,1
7198,King,Female,42,USA,1,1
7199,Fang,Male,33,USA,0,1
7200,May,Female,32,Canada,0,1
7201,Travis,Male,28,USA,1,1
7202,Nnachetam,Female,30,UK,1,1
7203,Zhdanova,Female,72,Canada,1,1
7204,Jefferson,Male,33,USA,0,0
7205,Cremonesi,Male,39,Canada,0,0
7206,Fang,Female,29,USA,1,1
7207,Sinclair,Female,47,UK,0,1
7208,Begley,Female,30,Canada,0,0
7209,Degtyarev,Male,25,UK,1,1
7210,Atkins,Male,47,USA,0,1
7211,Ikenna,Female,28,Canada,1,1
7212,Sun,Female,37,USA,1,0
7213,Lettiere,Female,25,USA,0,0
7214,Smith,Female,55,UK,0,0
7215,Finch,Male,36,USA,1,1
7216,Monaldo,Male,32,UK,1,1
7217,Ugonna,Male,41,USA,0,1
7218,Chiang,Male,41,USA,0,1
7219,Sun,Male,36,USA,0,0
7220,Blackburn,Male,54,USA,0,0
7221,Chang,Male,40,Canada,0,0
7222,Palermo,Male,41,USA,0,1
7223,McEwan,Male,39,Canada,0,1
7224,Davide,Male,31,UK,1,0
7225,Chieloka,Female,34,Canada,0,0
7226,Humphreys,Male,35,UK,1,1
7227,Cocci,Female,46,UK,0,1
7228,Hanson,Female,24,Canada,0,1
7229,Macleod,Female,47,USA,1,1
7230,Ritchie,Female,29,USA,1,1
7231,Nebechukwu,Male,37,USA,1,1
7232,Nnamutaezinwa,Male,40,USA,1,1
7233,Ikemefuna,Female,30,UK,1,1
7234,Scott,Male,38,USA,1,1
7235,Chiang,Female,35,Canada,1,1
7236,Artyomova,Male,35,USA,0,1
7237,Hsieh,Male,34,Canada,1,1
7238,Levien,Female,43,USA,0,1
7239,Erskine,Male,62,Canada,0,1
7240,Fiorentino,Male,45,UK,0,1
7241,Okonkwo,Female,32,USA,0,1
7242,Monds,Male,37,USA,1,1
7243,Campbell,Male,44,Canada,0,0
7244,Ibekwe,Male,77,USA,1,1
7245,Marcelo,Female,33,USA,0,1
7246,Castro,Female,36,UK,1,1
7247,Capon,Male,37,USA,1,0
7248,Voronova,Female,40,UK,1,1
7249,Loggia,Female,57,Canada,0,1
7250,Law,Male,25,USA,1,1
7251,Grant,Female,28,Canada,1,1
7252,Greco,Male,31,UK,0,1
7253,Dietz,Male,40,UK,0,1
7254,Martel,Female,55,Canada,0,1
7255,Jarvis,Male,36,USA,1,0
7256,Meng,Female,32,USA,0,1
7257,Hay,Female,31,UK,1,1
7258,Voronoff,Female,47,USA,1,0
7259,Trevascus,Female,58,UK,0,0
7260,Ho,Male,32,Canada,1,1
7261,Hansen,Female,41,USA,1,1
7262,Craig,Female,53,USA,1,0
7263,Hall,Female,40,Canada,1,1
7264,Sun,Female,46,USA,1,1
7265,Durant,Male,33,Canada,1,1
7266,Jackson,Female,38,USA,0,0
7267,Chigozie,Female,60,Canada,0,1
7268,Farmer,Male,31,UK,0,1
7269,Douglas,Female,27,UK,1,0
7270,Ardis,Male,34,UK,0,1
7271,Smith,Male,51,UK,1,1
7272,Butler,Male,42,UK,1,1
7273,Pettry,Female,74,USA,1,1
7274,John,Male,38,Canada,1,1
7275,Potter,Female,34,USA,1,1
7276,Shaw,Female,42,USA,0,0
7277,Boyle,Male,35,USA,1,1
7278,Elmore,Male,32,UK,1,1
7279,Udinesi,Female,33,USA,1,0
7280,Sun,Male,37,UK,0,0
7281,Tuan,Male,55,USA,1,1
7282,Lawrence,Male,59,USA,1,1
7283,Burrows,Female,44,Canada,0,1
7284,Shao,Male,31,USA,1,1
7285,White,Male,35,Canada,0,0
7286,Chialuka,Male,29,USA,1,1
7287,Toscano,Female,43,USA,1,1
7288,McKay,Male,32,Canada,1,1
7289,Voronkov,Female,30,USA,0,1
7290,Sal,Female,35,Canada,0,1
7291,Ikechukwu,Male,39,USA,0,1
7292,Kruglova,Male,33,Canada,0,1
7293,Clements,Male,34,Canada,0,1
7294,Kennedy,Female,34,USA,0,1
7295,Johnson,Male,31,UK,0,0
7296,Chung,Male,31,UK,1,0
7297,Garland,Female,37,UK,0,1
7298,Docherty,Female,43,UK,1,0
7299,Nnaife,Male,28,USA,1,0
7300,Lettiere,Male,51,USA,1,1
7301,Sanderson,Male,45,UK,0,0
7302,Fomin,Female,33,UK,1,1
7303,Wright,Female,72,USA,1,1
7304,Buckley,Male,43,USA,0,1
7305,Pan,Male,58,UK,1,1
7306,Manna,Male,28,USA,1,1
7307,Chinwendu,Female,38,USA,1,1
7308,Ndubuagha,Male,28,USA,1,1
7309,White,Female,53,Canada,1,0
7310,Hale,Female,22,Canada,0,1
7311,Ross,Female,41,USA,1,1
7312,Ikenna,Male,37,USA,1,0
7313,Nkemdilim,Female,43,USA,1,1
7314,McMillan,Female,36,USA,1,0
7315,Duke,Female,36,USA,0,1
7316,Bradbury,Female,33,UK,1,1
7317,Bayley,Male,54,UK,0,0
7318,Bartlett,Male,59,UK,0,1
7319,Cremin,Female,32,Canada,0,1
7320,Gilchrist,Female,37,UK,1,1
7321,Shih,Female,31,UK,1,1
7322,Fitzpatrick,Male,36,USA,1,1
7323,Pagan,Female,32,USA,0,0
7324,Hendrick,Male,24,Canada,0,1
7325,Sanderson,Female,39,USA,0,1
7326,Samsonova,Female,34,Canada,0,1
7327,Azubuike,Male,49,USA,0,1
7328,Pan,Male,42,Canada,0,1
7329,Massie,Male,56,UK,0,0
7330,Sandover,Female,34,USA,0,1
7331,Craig,Male,34,USA,0,1
7332,Onwudiwe,Male,59,Canada,1,1
7333,Chu,Female,42,UK,0,1
7334,Zetticci,Male,43,Canada,0,1
7335,Vaguine,Male,18,USA,1,1
7336,Owen,Female,41,USA,1,1
7337,Hurst,Female,28,USA,0,1
7338,Harding,Female,34,USA,0,1
7339,Smith,Female,54,UK,1,0
7340,Moore,Female,42,Canada,1,1
7341,Bradley,Male,39,USA,0,1
7342,Burfitt,Male,54,Canada,0,0
7343,Mackenzie,Male,30,USA,1,1
7344,Milanesi,Male,34,USA,1,0
7345,Shubin,Male,28,USA,0,1
7346,Nieves,Male,49,USA,1,1
7347,Martin,Male,27,USA,0,1
7348,Jen,Male,42,Canada,0,1
7349,Woods,Male,25,Canada,0,0
7350,Docherty,Male,42,UK,1,0
7351,Lin,Male,25,Canada,0,1
7352,Cheng,Male,34,Canada,0,1
7353,Korovina,Female,38,USA,0,0
7354,Macdonald,Male,21,USA,1,0
7355,Hardy,Female,30,UK,0,1
7356,Shaw,Female,35,Canada,0,1
7357,Knight,Female,37,USA,0,1
7358,Bruny,Female,29,Canada,1,1
7359,Ikedinachukwu,Female,49,USA,1,0
7360,Moran,Male,36,USA,0,1
7361,Macleod,Male,54,Canada,1,0
7362,Yin,Female,36,USA,0,1
7363,Felix,Male,73,USA,1,1
7364,Rippey,Male,40,USA,1,1
7365,Mishina,Female,34,USA,0,1
7366,Graham,Female,36,Canada,1,1
7367,Johnston,Female,35,Canada,1,0
7368,Korovin,Male,42,Canada,0,1
7369,Lei,Female,36,UK,0,1
7370,Chimaijem,Female,26,Canada,1,1
7371,Scott,Male,37,USA,1,1
7372,Grant,Male,30,USA,0,1
7373,McIntyre,Male,34,Canada,1,0
7374,Griffin,Male,37,UK,1,0
7375,Converse,Female,38,UK,1,1
7376,Ch'ang,Male,77,USA,1,1
7377,Coates,Male,23,USA,1,1
7378,Reid,Female,40,USA,1,1
7379,Ts'ui,Male,34,USA,1,1
7380,Belstead,Female,36,USA,1,1
7381,Dickinson,Female,41,UK,1,1
7382,Nwora,Female,25,UK,1,1
7383,Bishop,Male,28,Canada,0,1
7384,Loggia,Female,39,Canada,0,0
7385,Rowe,Female,41,USA,1,1
7386,Balashov,Male,38,USA,0,0
7387,Ulyanova,Female,37,UK,1,0
7388,Bogolyubova,Male,44,USA,0,0
7389,Remington,Female,29,USA,1,1
7390,Mishin,Female,34,Canada,0,1
7391,Tu,Male,20,Canada,0,1
7392,Castiglione,Male,31,USA,0,1
7393,Nnaife,Male,67,Canada,1,1
7394,Yang,Male,28,USA,0,0
7395,Ayers,Female,22,USA,1,0
7396,Cocci,Female,45,UK,0,0
7397,Mackenzie,Female,56,Canada,0,1
7398,Fiorentini,Male,47,UK,0,1
7399,Akabueze,Female,40,UK,1,1
7400,Hyde,Female,37,USA,0,1
7401,Levi,Male,35,UK,1,0
7402,Nwabugwu,Female,39,USA,0,0
7403,Chia,Male,33,Canada,0,1
7404,Trevisano,Male,56,Canada,0,0
7405,Bennetts,Male,39,USA,1,1
7406,Teng,Male,34,USA,1,1
7407,Hsueh,Male,58,Canada,1,1
7408,Mahmood,Male,22,USA,0,1
7409,Sinclair,Male,35,USA,1,1
7410,Chin,Female,42,UK,1,1
7411,She,Male,34,Canada,0,1
7412,He,Female,23,UK,0,1
7413,Hill,Male,36,USA,1,1
7414,Vachon,Female,31,UK,1,0
7415,Ball,Female,45,UK,1,1
7416,Hsieh,Male,29,USA,0,0
7417,Baker,Male,36,USA,1,0
7418,Monaldo,Female,37,UK,0,1
7419,Lucchesi,Male,36,USA,0,1
7420,Hamilton,Female,40,UK,0,0
7421,Kuo,Female,38,UK,1,1
7422,Fan,Female,36,Canada,1,1
7423,Wright,Male,29,USA,1,1
7424,Milano,Male,36,UK,0,1
7425,Wall,Male,38,UK,0,1
7426,Chidumaga,Male,33,UK,0,1
7427,Olisaemeka,Female,48,USA,0,0
7428,Kovalyova,Male,33,Canada,0,0
7429,Onio,Male,32,Canada,1,1
7430,Hill,Female,43,Canada,0,0
7431,Okeke,Female,35,USA,0,1
7432,Upjohn,Male,38,USA,0,1
7433,H?,Male,31,UK,1,0
7434,Marcus,Female,37,UK,1,1
7435,Yobachukwu,Male,35,Canada,0,1
7436,Russell,Female,50,Canada,0,1
7437,Hovell,Female,57,UK,0,1
7438,Chukwumaobim,Female,29,USA,1,1
7439,Boyle,Female,32,USA,0,1
7440,Scott,Female,27,USA,0,0
7441,Johnstone,Female,47,Canada,0,0
7442,Alvares,Male,54,USA,1,1
7443,McDavid,Male,36,Canada,0,1
7444,Dellucci,Female,24,USA,0,1
7445,Brothers,Female,29,USA,1,1
7446,Sanders,Female,45,USA,0,1
7447,Morrison,Male,35,USA,1,1
7448,Molle,Male,30,UK,1,1
7449,Genovese,Male,36,Canada,0,0
7450,Zetticci,Female,37,USA,1,1
7451,Hsueh,Female,39,Canada,1,1
7452,Alexander,Male,20,USA,0,0
7453,Muravyova,Male,44,Canada,0,0
7454,Wright,Female,35,UK,1,1
7455,Calabresi,Male,46,USA,1,1
7456,Johnson,Male,33,UK,1,0
7457,Lucchesi,Male,20,Canada,0,1
7458,Galgano,Female,43,UK,0,1
7459,Grigoryeva,Female,43,Canada,1,1
7460,Raymond,Female,29,Canada,1,1
7461,Paterson,Male,30,UK,0,1
7462,Genovese,Male,32,Canada,1,0
7463,Martin,Male,40,USA,1,1
7464,Moretti,Male,36,USA,0,1
7465,Leckie,Male,37,UK,0,1
7466,Lane,Male,30,UK,1,0
7467,Brodney,Female,30,UK,1,1
7468,Angelo,Female,37,UK,1,1
7469,Millar,Female,26,Canada,1,1
7470,Balashov,Female,35,USA,0,1
7471,Afanasyev,Female,47,UK,1,1
7472,Chialuka,Female,55,UK,1,0
7473,Yermolayev,Female,36,USA,0,1
7474,Tien,Male,32,Canada,1,1
7475,Lucchesi,Male,50,USA,0,1
7476,Lai,Male,31,USA,0,0
7477,Bates,Male,44,USA,0,1
7478,Saunders,Female,56,USA,0,0
7479,Chukwuemeka,Male,22,Canada,0,1
7480,Meagher,Male,35,Canada,0,1
7481,Golubeva,Male,40,Canada,0,0
7482,Collier,Male,34,USA,1,1
7483,Chan,Male,43,UK,0,1
7484,Chen,Male,44,USA,1,0
7485,Wright,Female,35,USA,1,0
7486,Cocci,Male,32,USA,0,1
7487,Williams,Male,49,USA,0,0
7488,McGuffog,Female,56,USA,0,0
7489,Chukwujamuike,Female,42,UK,0,1
7490,Scott,Female,26,USA,0,1
7491,Bell,Female,35,USA,1,1
7492,Olisaemeka,Male,40,USA,0,1
7493,Napolitani,Male,28,USA,1,0
7494,Sargood,Female,37,Canada,1,1
7495,Harrington,Female,36,USA,1,1
7496,Sutherland,Female,27,USA,1,0
7497,Allan,Male,49,UK,1,1
7498,Folliero,Male,27,USA,0,1
7499,Mordvinova,Female,36,USA,1,1
7500,Schofield,Female,71,UK,0,1
7501,Williams,Male,47,USA,0,1
7502,Baird,Female,58,USA,1,1
7503,Whitehouse,Female,32,Canada,0,1
7504,Thompson,Male,44,UK,1,1
7505,Ogochukwu,Female,32,Canada,1,1
7506,Niu,Male,27,Canada,0,1
7507,Okoli,Female,44,UK,1,0
7508,Lorenzen,Male,44,UK,0,1
7509,Okechukwu,Male,54,UK,1,1
7510,Anderson,Male,37,UK,1,0
7511,Ku,Male,36,USA,1,1
7512,Kung,Male,38,USA,0,1
7513,Lu,Male,50,USA,1,1
7514,Trevisano,Male,29,USA,0,1
7515,Onwubiko,Male,64,USA,0,1
7516,Vidler,Female,35,USA,1,1
7517,Shen,Male,40,USA,0,1
7518,McGregor,Male,58,USA,0,1
7519,Nnamdi,Male,30,UK,1,1
7520,Castiglione,Female,42,USA,0,1
7521,Bergamaschi,Female,26,UK,1,1
7522,Allingham,Male,43,Canada,0,0
7523,Stelzer,Male,41,USA,0,0
7524,Rubin,Female,72,Canada,1,0
7525,Ho,Female,40,USA,1,1
7526,Watson,Male,35,UK,1,0
7527,Perry,Female,81,USA,1,1
7528,Sun,Male,35,Canada,0,0
7529,Harrell,Male,46,USA,0,1
7530,Robson,Female,33,USA,1,1
7531,Wilson,Female,52,UK,1,0
7532,Kelechi,Male,40,USA,0,0
7533,Bates,Female,33,Canada,1,0
7534,Eberegbulam,Female,51,UK,0,0
7535,Olisaemeka,Male,32,USA,1,1
7536,Davey,Female,36,UK,0,1
7537,De Luca,Female,42,USA,0,1
7538,Ho,Female,38,USA,1,1
7539,Vasiliev,Male,28,Canada,0,1
7540,Smith,Male,42,USA,0,1
7541,Sung,Male,37,USA,0,1
7542,White,Male,28,USA,1,1
7543,Wang,Female,34,Canada,1,1
7544,Davide,Male,43,USA,0,1
7545,Nnamdi,Male,34,USA,0,0
7546,Welsh,Male,26,USA,0,1
7547,Sousa,Female,42,USA,0,1
7548,Andrews,Male,29,USA,1,1
7549,Chiawuotu,Female,62,UK,1,0
7550,Thomson,Female,44,UK,0,1
7551,Carpenter,Female,38,USA,1,1
7552,Yefimova,Female,37,USA,0,1
7553,Ma,Male,76,Canada,1,1
7554,Black,Female,35,Canada,1,1
7555,Obijiaku,Male,30,Canada,0,0
7556,King,Male,41,Canada,0,1
7557,Miller,Male,49,Canada,1,1
7558,Chin,Male,34,USA,0,1
7559,Cox,Female,36,Canada,0,1
7560,Wallace,Female,30,Canada,0,1
7561,Price,Male,51,USA,1,1
7562,Yuan,Male,41,USA,0,1
7563,Mullen,Male,33,USA,0,1
7564,Howell,Male,53,USA,1,0
7565,McIntosh,Male,38,UK,1,1
7566,Clifton,Male,52,USA,0,1
7567,Okwuoma,Male,36,Canada,0,1
7568,Chidiebere,Male,44,USA,0,0
7569,Fan,Female,54,Canada,1,1
7570,Onyemauchechukwu,Male,28,Canada,1,1
7571,Harker,Male,32,USA,0,1
7572,Bolton,Male,52,USA,1,1
7573,Lazarev,Male,37,UK,1,0
7574,Alexeyeva,Female,37,Canada,0,1
7575,Stevens,Female,33,USA,0,1
7576,Glover,Male,49,UK,1,1
7577,Ibekwe,Male,27,Canada,1,0
7578,Paterson,Male,43,UK,1,1
7579,Marsh,Female,39,USA,0,1
7580,Reeves,Male,40,USA,0,0
7581,Rees,Male,34,USA,1,0
7582,Hanson,Male,42,UK,1,1
7583,Onwughara,Female,33,UK,0,0
7584,Odinakachukwu,Male,26,USA,0,1
7585,Huang,Female,39,Canada,0,0
7586,Trevisani,Female,40,USA,1,1
7587,Dale,Male,42,Canada,1,1
7588,Pavlova,Female,38,Canada,0,1
7589,Meng,Male,33,Canada,1,1
7590,Dean,Female,35,USA,1,0
7591,Chiganu,Female,42,UK,1,1
7592,Lung,Female,30,Canada,1,0
7593,Donaldson,Male,44,UK,0,1
7594,Li Fonti,Male,28,USA,0,1
7595,Izmailova,Male,33,USA,1,1
7596,Walker,Female,50,USA,0,1
7597,Nnonso,Male,40,UK,1,1
7598,Stevenson,Male,29,USA,0,0
7599,Schnaars,Female,60,USA,0,1
7600,Geoghegan,Female,45,USA,0,1
7601,Ilyina,Male,30,Canada,1,1
7602,Muir,Male,31,USA,1,0
7603,Gardener,Female,29,USA,0,1
7604,Chidi,Female,28,Canada,0,1
7605,Fu,Female,60,USA,0,1
7606,Sun,Male,39,Canada,1,0
7607,Ting,Female,31,UK,1,1
7608,Ashton,Female,41,Canada,0,1
7609,Uwakwe,Female,31,Canada,1,0
7610,Vassiliev,Male,46,USA,0,1
7611,Kazakova,Male,36,USA,1,1
7612,Perry,Male,38,Canada,0,0
7613,Howell,Male,28,Canada,1,1
7614,Ricci,Female,37,USA,1,1
7615,Smith,Male,37,USA,0,1
7616,Rossi,Male,37,Canada,1,1
7617,Jones,Female,27,USA,0,1
7618,Quezada,Male,33,USA,1,0
7619,McCulloch,Female,40,USA,0,0
7620,Tobeolisa,Female,32,USA,0,1
7621,Black,Female,27,USA,0,1
7622,Fraser,Male,39,USA,0,0
7623,Green,Male,46,USA,0,1
7624,Allan,Male,61,USA,1,0
7625,Akudinobi,Female,69,USA,1,1
7626,Walker,Male,19,UK,1,1
7627,Olisaemeka,Female,46,UK,0,1
7628,Arcuri,Female,40,Canada,1,1
7629,Liu,Male,28,USA,0,1
7630,Flemming,Female,68,UK,0,0
7631,Bischof,Male,42,UK,1,1
7632,John,Male,40,Canada,1,1
7633,Sinnett,Male,43,USA,0,1
7634,Ts'ui,Female,47,UK,0,0
7635,Pokrovsky,Male,38,UK,1,0
7636,Azarov,Female,29,USA,0,1
7637,McCarthy,Female,59,UK,0,1
7638,Simpson,Male,32,USA,1,1
7639,Stevenson,Female,23,UK,1,1
7640,Moore,Male,46,USA,1,1
7641,Chill,Female,34,UK,0,1
7642,Moore,Male,31,USA,1,1
7643,Su,Male,40,USA,1,1
7644,Rees,Female,32,Canada,1,1
7645,Lung,Male,28,USA,0,1
7646,Thomas,Male,39,UK,0,1
7647,Fuller,Male,32,Canada,1,1
7648,Trevisani,Male,25,USA,1,1
7649,Dumolo,Female,31,Canada,0,0
7650,Wu,Female,31,USA,1,1
7651,Kerr,Male,42,UK,0,1
7652,Geoghegan,Male,45,UK,0,0
7653,Bailey,Male,24,USA,0,1
7654,Hsia,Female,30,Canada,0,0
7655,Holden,Female,38,USA,1,1
7656,Milani,Male,38,USA,1,0
7657,Jamieson,Male,51,UK,1,1
7658,Ndubueze,Male,40,USA,1,1
7659,Abramova,Female,53,Canada,0,0
7660,Wetherspoon,Male,31,USA,1,1
7661,Middleton,Male,36,Canada,0,1
7662,Arcuri,Male,44,UK,1,1
7663,Calabrese,Male,50,UK,1,1
7664,Hampton,Male,39,USA,1,1
7665,Clayton,Male,35,USA,1,1
7666,Otutodilichukwu,Male,37,Canada,0,1
7667,Chukwuemeka,Male,25,USA,1,0
7668,Douglas,Male,29,USA,1,0
7669,Galloway,Male,61,UK,1,1
7670,Sochima,Male,38,Canada,0,1
7671,Wilkins,Female,29,USA,1,1
7672,Rice,Male,39,USA,0,1
7673,Pope,Male,30,USA,0,0
7674,Romani,Female,37,Canada,0,0
7675,Ch'ang,Male,28,USA,0,1
7676,Chizuoke,Male,37,Canada,0,1
7677,Ireland,Female,33,USA,1,0
7678,Finch,Male,36,USA,0,1
7679,Meng,Male,31,USA,0,1
7680,Hibbins,Male,32,Canada,1,1
7681,Chung,Male,25,Canada,1,0
7682,Black,Male,33,USA,1,1
7683,Balashov,Male,29,Canada,1,0
7684,Palmer,Male,26,UK,1,0
7685,Lea,Male,41,Canada,1,1
7686,Singleton,Female,40,UK,1,1
7687,Burt,Male,48,USA,1,1
7688,Siciliano,Male,61,USA,1,1
7689,Sun,Male,45,UK,0,1
7690,Sauve,Female,46,USA,0,0
7691,Thompson,Male,31,Canada,0,0
7692,Boni,Female,38,USA,1,0
7693,Wood,Male,74,UK,0,1
7694,Buccho,Female,46,UK,0,0
7695,Spencer,Female,64,Canada,1,1
7696,Eidson,Female,47,UK,0,0
7697,Hung,Female,39,UK,1,1
7698,Melvin,Female,41,Canada,0,1
7699,Dawkins,Male,60,USA,1,1
7700,Rizzo,Female,36,Canada,1,0
7701,Capon,Female,31,Canada,0,1
7702,Ts'ao,Female,29,USA,0,0
7703,Johnstone,Male,31,USA,0,1
7704,Fleming,Female,48,UK,0,1
7705,Chang,Female,34,Canada,0,1
7706,Gibbs,Female,29,USA,1,1
7707,Rita,Male,31,Canada,1,1
7708,Munro,Male,35,Canada,0,1
7709,Duncan,Female,39,USA,1,0
7710,Okwuadigbo,Female,64,Canada,1,1
7711,McIntosh,Female,40,USA,1,1
7712,Ch'iu,Male,46,UK,1,1
7713,Watt,Male,30,USA,0,1
7714,Udinese,Male,56,USA,0,1
7715,Clark,Female,30,USA,1,1
7716,Hsia,Male,62,USA,0,1
7717,Obiuto,Male,32,USA,1,0
7718,T'ien,Male,46,Canada,1,1
7719,McKenzie,Female,60,USA,0,0
7720,Tang,Male,71,UK,1,1
7721,Tu,Male,68,USA,1,1
7722,Tsui,Male,33,UK,0,1
7723,Lynch,Male,18,UK,1,0
7724,Hung,Male,35,Canada,1,0
7725,Oluchukwu,Male,44,USA,1,0
7726,Tuan,Female,35,USA,0,0
7727,Lewis,Male,55,USA,0,1
7728,Chidiebere,Female,63,USA,1,1
7729,Woolacott,Female,31,USA,1,0
7730,Yen,Female,35,USA,0,1
7731,Service,Male,43,USA,1,0
7732,Lin,Male,42,UK,0,1
7733,Chuang,Female,31,Canada,0,1
7734,Akhtar,Female,58,UK,0,0
7735,Faulkner,Male,41,USA,0,1
7736,Liang,Male,41,UK,1,1
7737,Dancy,Female,41,USA,1,1
7738,Duigan,Female,30,USA,0,1
7739,McLean,Male,33,USA,0,0
7740,Zuyeva,Male,41,Canada,1,0
7741,Hankinson,Female,51,Canada,1,1
7742,Wei,Male,60,USA,1,0
7743,Afamefula,Male,22,Canada,1,1
7744,Chiang,Male,35,UK,1,1
7745,Myers,Female,36,USA,0,0
7746,Chinedum,Male,40,USA,1,1
7747,Ukaegbunam,Female,35,USA,1,1
7748,Akubundu,Female,24,USA,1,1
7749,Sal,Female,35,UK,0,1
7750,Stevenson,Female,38,USA,0,1
7751,Sutherland,Male,25,USA,1,1
7752,Ts'ao,Female,39,Canada,0,0
7753,Sung,Female,38,Canada,1,1
7754,Pisani,Male,28,UK,0,1
7755,Hs?eh,Female,42,Canada,0,1
7756,Sherrod,Male,34,USA,1,1
7757,Holloway,Female,36,Canada,1,1
7758,Newton,Male,40,USA,1,0
7759,Kang,Male,41,USA,1,1
7760,Walton,Female,55,UK,1,0
7761,Bradley,Male,34,UK,0,1
7762,Watkins,Male,30,UK,1,1
7763,Tien,Female,34,USA,0,0
7764,Davide,Female,36,Canada,1,1
7765,Milne,Female,44,UK,0,1
7766,Barling,Female,49,UK,0,0
7767,Barnett,Male,35,Canada,0,0
7768,Ellis,Female,49,UK,0,1
7769,Hsia,Female,20,Canada,0,1
7770,Chukwujamuike,Female,27,USA,1,0
7771,Venables,Male,29,USA,1,1
7772,Hsia,Male,29,UK,1,1
7773,Alexander,Female,50,UK,0,1
7774,Yuan,Male,67,UK,1,0
7775,Johnston,Male,43,UK,1,0
7776,Hobler,Male,40,Canada,0,1
7777,Jamieson,Female,63,USA,1,0
7778,Macleod,Female,21,USA,1,0
7779,Norris,Female,22,Canada,1,0
7780,Pirozzi,Male,46,USA,0,1
7781,Folliero,Female,33,UK,1,0
7782,Russell,Male,34,USA,0,1
7783,Hsiung,Male,54,USA,1,1
7784,Tate,Female,43,USA,0,1
7785,Davis,Female,64,USA,1,1
7786,Bair,Male,26,USA,1,1
7787,Drury,Female,33,Canada,1,1
7788,Padovano,Female,57,USA,1,1
7789,Conway,Male,76,Canada,1,1
7790,Waters,Male,38,UK,0,0
7791,Kang,Male,22,USA,1,1
7792,Martin,Female,31,UK,0,1
7793,Ugochukwutubelum,Male,40,USA,0,1
7794,Burns,Male,56,USA,1,1
7795,Genovese,Female,25,USA,1,0
7796,Beale,Male,44,UK,0,1
7797,Cherkasova,Female,36,USA,1,1
7798,Coles,Male,33,UK,0,1
7799,Potter,Male,46,USA,0,1
7800,McMinn,Male,46,UK,1,1
7801,Bergamaschi,Female,52,UK,0,1
7802,Chijindum,Male,54,USA,0,0
7803,Ch'iu,Male,63,Canada,1,1
7804,Yusupova,Female,52,UK,0,0
7805,Davis,Male,59,UK,1,0
7806,Iadanza,Male,34,USA,1,1
7807,Jordan,Female,25,USA,1,1
7808,Kruglova,Male,34,UK,1,1
7809,Echezonachukwu,Female,55,UK,0,1
7810,Hajek,Male,43,Canada,1,1
7811,Welch,Female,34,UK,0,0
7812,Vinogradoff,Male,30,USA,0,0
7813,Hung,Male,24,UK,0,0
7814,Okwudiliolisa,Female,63,UK,0,1
7815,Mays,Female,33,UK,0,0
7816,Gardner,Male,38,USA,0,1
7817,Mamelu,Male,42,UK,1,1
7818,Ross,Male,58,USA,1,0
7819,Barese,Male,25,UK,0,0
7820,Swayne,Male,29,Canada,1,0
7821,Phillips,Male,40,USA,0,1
7822,Manfrin,Female,28,USA,1,0
7823,Tan,Male,50,UK,0,1
7824,Adams,Male,32,USA,0,1
7825,Teng,Female,44,USA,1,0
7826,Chinwendu,Female,23,UK,0,1
7827,Davison,Female,51,UK,0,1
7828,Hsing,Male,41,USA,1,0
7829,Castro,Female,40,USA,1,1
7830,Parkin,Female,36,USA,1,0
7831,Manna,Female,33,USA,1,1
7832,Fennescey,Male,42,USA,1,0
7833,Colon,Male,46,Canada,1,0
7834,Yeh,Male,33,Canada,1,0
7835,Bergamaschi,Male,56,USA,0,0
7836,Matveyeva,Female,41,USA,0,1
7837,Ignatyeva,Male,42,USA,0,1
7838,Lederer,Male,48,Canada,0,1
7839,Nwabugwu,Female,32,UK,1,1
7840,Abramowitz,Female,21,USA,1,1
7841,Chapman,Female,47,UK,1,1
7842,Fiorentino,Female,46,UK,1,1
7843,Cecil,Male,43,USA,0,0
7844,Ikechukwu,Female,36,UK,0,1
7845,Allen,Female,38,USA,1,1
7846,Kao,Male,34,USA,1,1
7847,Hart,Female,27,USA,1,1
7848,Charlton,Female,20,Canada,1,1
7849,Turnbull,Female,49,USA,1,1
7850,Manners,Male,41,UK,1,1
7851,Chiazagomekpere,Female,36,USA,0,1
7852,Lavrentyev,Male,68,UK,0,1
7853,Wallace,Male,39,UK,1,0
7854,Miller,Female,47,USA,0,1
7855,Bazhenov,Male,49,Canada,1,0
7856,Ifesinachi,Female,59,UK,1,1
7857,Ma,Female,33,UK,0,0
7858,Chu,Male,27,USA,0,0
7859,Kerr,Male,22,USA,1,0
7860,Wynne,Female,28,UK,1,1
7861,Moon,Male,32,USA,1,0
7862,Disher,Male,28,Canada,1,1
7863,Cattaneo,Male,35,UK,1,1
7864,Beluchi,Male,47,USA,1,1
7865,Mazzi,Male,33,Canada,1,1
7866,Ifeajuna,Male,30,Canada,1,0
7867,Howe,Female,38,USA,1,1
7868,Yocum,Female,46,Canada,1,1
7869,Moore,Female,29,UK,1,1
7870,Y?an,Female,45,Canada,0,1
7871,Chinweuba,Female,29,USA,0,1
7872,Lowrie,Female,36,USA,1,1
7873,Shen,Female,46,UK,1,1
7874,Lavarack,Male,36,USA,1,0
7875,Davide,Male,32,UK,1,1
7876,Gomes,Female,38,USA,0,1
7877,Matveyeva,Male,45,USA,0,1
7878,Fiorentino,Female,41,Canada,0,1
7879,Eberechukwu,Female,38,USA,0,1
7880,Gibney,Male,44,USA,0,1
7881,Virgo,Female,38,USA,0,0
7882,Kulikova,Male,46,Canada,1,1
7883,Liu,Female,45,UK,0,0
7884,Kao,Female,45,USA,1,1
7885,Foran,Male,36,USA,0,0
7886,Jones,Female,42,USA,0,1
7887,Fowler,Female,36,USA,1,0
7888,Conti,Female,30,UK,0,0
7889,Stephenson,Female,31,USA,0,1
7890,Willis,Male,57,UK,1,1
7891,Ts'ui,Male,49,USA,1,1
7892,Chibuzo,Male,48,UK,1,0
7893,Fang,Female,31,Canada,1,1
7894,Wyckoff,Male,40,USA,0,1
7895,Muir,Male,67,UK,1,1
7896,Halpern,Male,43,Canada,1,1
7897,Flynn,Male,41,Canada,0,1
7898,Shao,Male,30,Canada,1,1
7899,Soares,Female,72,USA,1,0
7900,Gallo,Female,40,USA,0,1
7901,Lei,Female,54,Canada,0,1
7902,Daniels,Female,28,UK,0,1
7903,Kenechi,Female,38,USA,1,0
7904,Singleton,Male,34,Canada,1,0
7905,Williams,Male,32,Canada,1,1
7906,Greece,Male,35,Canada,1,1
7907,Olisanugo,Male,37,Canada,1,0
7908,Padovano,Female,39,UK,1,1
7909,Rossi,Male,35,USA,1,0
7910,Grant,Male,61,USA,0,0
7911,Ebelegbulam,Male,28,Canada,1,1
7912,Mitchell,Male,26,UK,1,1
7913,Buckley,Male,35,USA,1,0
7914,Repina,Male,24,UK,0,1
7915,Ellis,Male,35,USA,1,0
7916,Douglas,Male,56,Canada,0,1
7917,Becher,Male,33,USA,0,1
7918,Nwachukwu,Male,38,UK,0,0
7919,Smith,Male,37,USA,0,1
7920,Aksyonov,Male,31,Canada,1,1
7921,Artyomova,Male,34,USA,1,0
7922,Medvedeva,Female,35,Canada,1,1
7923,Tsui,Male,39,Canada,0,1
7924,Runyon,Male,38,Canada,1,1
7925,Gallo,Male,47,USA,1,1
7926,Bradshaw,Female,33,Canada,1,1
7927,Evans,Female,54,Canada,0,1
7928,Hancock,Male,30,UK,0,1
7929,Butler,Male,38,USA,0,1
7930,Bradshaw,Male,30,USA,0,0
7931,Bergamaschi,Male,38,Canada,0,0
7932,Ebelegbulam,Male,47,USA,0,0
7933,Greco,Male,40,USA,0,1
7934,Lucas,Female,70,USA,1,0
7935,Barber,Male,31,Canada,1,1
7936,Dobbs,Male,33,Canada,1,0
7937,Thomson,Male,22,USA,0,1
7938,Su,Male,36,USA,0,1
7939,Watkins,Male,39,USA,0,0
7940,Ch'ien,Male,26,USA,0,1
7941,Monds,Female,29,Canada,0,0
7942,McClemans,Male,33,UK,1,1
7943,Shen,Female,42,USA,1,1
7944,Gallo,Male,42,USA,0,1
7945,Foveaux,Female,39,USA,1,0
7946,Longo,Female,45,USA,1,1
7947,Calabresi,Female,35,USA,0,1
7948,Randall,Female,35,Canada,0,1
7949,Garcia,Male,25,USA,1,0
7950,Sullivan,Male,52,USA,0,0
7951,Higgins,Female,33,UK,1,1
7952,Crawford,Female,40,USA,0,1
7953,Martin,Female,33,UK,1,1
7954,Currey,Male,33,UK,0,1
7955,Teng,Male,30,USA,0,0
7956,Austin,Male,38,UK,1,1
7957,Hudson,Male,81,USA,1,1
7958,Ts'ui,Female,34,UK,1,1
7959,Hancock,Male,34,USA,1,1
7960,Nicholas,Female,40,USA,0,1
7961,Napolitano,Male,37,USA,0,0
7962,Jamieson,Female,38,USA,1,1
7963,Foster,Female,56,UK,1,0
7964,Moretti,Male,37,USA,1,1
7965,Chiedozie,Female,30,UK,0,0
7966,Okwukwe,Female,51,USA,0,1
7967,Lumholtz,Female,34,Canada,1,1
7968,Rose,Male,40,USA,0,0
7969,Wan,Male,45,Canada,1,0
7970,De Bernales,Male,49,UK,0,1
7971,Ch'eng,Male,30,USA,1,1
7972,Edmondson,Male,42,Canada,1,0
7973,Ch'ien,Male,36,UK,1,1
7974,Millar,Male,31,UK,0,1
7975,Dickson,Male,50,UK,1,1
7976,Toscani,Male,42,UK,1,1
7977,Pan,Male,35,USA,0,0
7978,Chigozie,Male,47,Canada,1,0
7979,Sagese,Female,30,UK,0,1
7980,Reilly,Female,26,USA,0,1
7981,Taylor,Male,27,Canada,0,0
7982,Yen,Male,38,UK,0,0
7983,Kapustin,Male,33,UK,1,0
7984,Singh,Female,36,USA,0,1
7985,Yeh,Male,46,USA,0,1
7986,Genovese,Female,27,UK,1,1
7987,Boyle,Male,45,Canada,0,0
7988,Blair,Male,32,USA,0,1
7989,Okagbue,Male,51,USA,1,0
7990,Khan,Male,39,USA,0,0
7991,Robertson,Male,32,Canada,0,0
7992,Tikhonov,Female,39,Canada,0,1
7993,MacDonald,Female,40,USA,0,1
7994,Ah Mouy,Female,33,USA,0,1
7995,Barese,Female,21,UK,1,1
7996,Winter-Irving,Female,67,USA,1,0
7997,Wilson,Female,22,USA,1,1
7998,Fiorentino,Male,24,UK,0,1
7999,Iloerika,Male,28,UK,0,1
8000,Davison,Male,26,USA,0,0
8001,Hamilton,Male,36,UK,1,1
8002,Nnachetam,Male,32,Canada,0,1
8003,Blue,Male,37,Canada,0,0
8004,Madukwe,Male,57,Canada,1,1
8005,Mills,Male,45,USA,1,1
8006,Ferrari,Female,36,USA,0,1
8007,Nixon,Male,41,UK,1,1
8008,Manfrin,Male,41,USA,1,1
8009,McCartney,Female,44,UK,0,1
8010,Robinson,Male,34,USA,0,0
8011,Nkemdirim,Male,51,UK,0,1
8012,Sal,Female,35,USA,1,1
8013,Kao,Female,34,USA,1,1
8014,Ikechukwu,Male,32,USA,0,1
8015,Hargreaves,Female,39,Canada,1,1
8016,Sievier,Female,26,UK,1,1
8017,Murphy,Male,41,Canada,0,1
8018,Munro,Male,50,UK,0,1
8019,Donnelly,Male,23,UK,0,1
8020,North,Female,73,USA,1,1
8021,Cruz,Female,46,USA,1,1
8022,Sinclair,Female,41,USA,1,1
8023,Vasiliev,Female,31,USA,0,1
8024,Vasilyeva,Male,36,USA,1,1
8025,Hamilton,Male,30,USA,1,1
8026,Sung,Male,24,USA,1,1
8027,Genovesi,Female,33,USA,1,0
8028,Atkinson,Male,39,Canada,0,0
8029,Watterston,Male,37,Canada,1,1
8030,Butters,Male,50,Canada,1,0
8031,Chien,Male,38,Canada,1,1
8032,Gorbunova,Female,36,Canada,0,1
8033,Bulgakov,Male,34,USA,1,1
8034,Steele,Male,36,Canada,1,0
8035,Polyakova,Male,42,Canada,0,1
8036,Bull,Female,30,USA,1,0
8037,Weaver,Male,21,Canada,0,0
8038,Earl,Male,62,USA,1,1
8039,Giordano,Female,50,UK,0,1
8040,Begg,Female,43,USA,1,1
8041,Pickering,Female,36,Canada,1,0
8042,Fanucci,Female,50,Canada,0,1
8043,Chang,Male,37,USA,0,0
8044,Sopuluchi,Male,31,Canada,0,0
8045,Martin,Male,23,USA,0,1
8046,McNaughtan,Female,47,Canada,1,1
8047,Stewart,Female,47,USA,0,0
8048,Reagan,Male,33,UK,0,1
8049,Heller,Male,33,Canada,1,1
8050,Nwokeocha,Female,31,USA,0,0
8051,Liu,Male,33,USA,0,0
8052,Sokolova,Female,56,UK,1,1
8053,Bancroft,Female,34,USA,0,1
8054,Nnanna,Male,29,UK,0,1
8055,Trevisani,Female,47,UK,0,1
8056,Nwachinemelu,Male,41,Canada,1,1
8057,Ting,Female,33,UK,0,1
8058,Lo Duca,Female,34,UK,0,1
8059,Marshall,Female,50,USA,0,0
8060,Band,Female,34,USA,1,1
8061,Ferri,Female,39,Canada,0,1
8062,Carter,Male,31,Canada,1,0
8063,Wilson,Female,46,UK,1,1
8064,Connor,Male,34,UK,0,1
8065,Reid,Male,29,Canada,0,1
8066,Sandefur,Male,49,UK,0,1
8067,Bidwill,Male,43,UK,0,1
8068,Cone,Female,29,USA,0,0
8069,Saunders,Male,29,UK,1,0
8070,Liardet,Male,44,UK,0,1
8071,Wilkes,Male,31,UK,0,0
8072,Martin,Male,48,USA,1,1
8073,Boni,Male,51,UK,0,1
8074,Patel,Female,34,UK,1,1
8075,Howell-Price,Female,27,UK,1,1
8076,Simpson,Male,58,USA,0,0
8077,Rowland,Female,36,USA,0,0
8078,Barnard,Male,40,USA,1,1
8079,Nnonso,Female,50,USA,1,1
8080,Rossi,Male,37,USA,0,0
8081,Pendred,Male,47,USA,0,1
8082,Martin,Male,30,UK,1,0
8083,K?,Male,36,Canada,1,1
8084,Miller,Male,29,UK,1,0
8085,Afamefula,Male,28,UK,1,1
8086,Sims,Male,33,USA,0,0
8087,Knight,Male,50,USA,0,0
8088,Obijiaku,Male,38,Canada,0,1
8089,Hopkins,Female,39,UK,1,1
8090,Onio,Male,24,UK,1,0
8091,Black,Female,48,USA,1,1
8092,Eluemuno,Male,29,USA,1,1
8093,Doyle,Male,38,USA,1,1
8094,Onyemere,Male,47,USA,0,1
8095,Rahman,Male,66,Canada,1,0
8096,Su,Female,36,UK,0,1
8097,Walker,Female,38,USA,1,0
8098,Ferguson,Female,52,USA,0,1
8099,Samaniego,Female,68,USA,0,0
8100,Onwumelu,Male,38,USA,1,1
8101,Young,Male,40,USA,1,0
8102,Mazzi,Female,43,UK,0,1
8103,Toscano,Female,45,UK,1,0
8104,Walton,Male,51,UK,0,1
8105,Chiang,Female,31,USA,0,1
8106,Burgos,Male,60,Canada,0,1
8107,Spinelli,Female,51,Canada,1,1
8108,Lung,Male,50,USA,0,1
8109,Noble,Male,35,UK,1,1
8110,Pai,Female,34,USA,0,1
8111,Chigozie,Female,36,UK,0,1
8112,Peavy,Female,31,USA,0,1
8113,Yermakov,Female,35,USA,1,0
8114,Burton,Male,34,Canada,1,1
8115,Costa,Female,49,UK,1,1
8116,Pugliesi,Female,32,USA,1,1
8117,Lindell,Female,43,UK,0,1
8118,Sorenson,Female,34,Canada,0,1
8119,Arcuri,Male,28,Canada,0,1
8120,Banks,Male,31,USA,1,1
8121,Parry,Male,45,USA,1,1
8122,Cockett,Male,35,USA,1,1
8123,Galkina,Female,53,USA,1,1
8124,Su,Male,33,USA,0,0
8125,Marino,Female,33,UK,0,0
8126,Spears,Female,38,UK,0,1
8127,Cunningham,Male,39,UK,1,1
8128,Taylor,Male,35,UK,0,1
8129,Chiazagomekpere,Male,39,Canada,1,1
8130,Hardacre,Male,31,Canada,1,1
8131,Maslow,Male,47,USA,1,1
8132,Scott,Male,33,UK,1,1
8133,Wakelin,Female,29,Canada,0,0
8134,Esposito,Female,34,USA,1,1
8135,Shah,Male,41,USA,1,1
8136,Chukwufumnanya,Female,24,UK,0,1
8137,Fleming,Female,38,USA,1,1
8138,Lori,Male,33,USA,0,0
8139,Kennedy,Female,36,UK,1,1
8140,Walters,Male,30,USA,1,1
8141,Han,Female,36,USA,1,0
8142,Lawrence,Male,24,Canada,0,1
8143,Cooke,Male,41,USA,1,0
8144,Wan,Male,23,USA,1,0
8145,Lo Duca,Male,34,USA,1,0
8146,Yermakova,Female,37,USA,0,0
8147,Combs,Male,48,USA,1,1
8148,Chien,Female,39,UK,0,1
8149,Meng,Male,47,Canada,1,1
8150,Calabresi,Female,38,UK,0,1
8151,Stevenson,Male,29,UK,1,0
8152,Davidson,Male,40,Canada,1,1
8153,Ch'in,Female,36,Canada,1,1
8154,Rose,Female,25,Canada,0,1
8155,Ch'ien,Male,42,Canada,0,1
8156,Artyomova,Male,38,Canada,1,1
8157,Mayrhofer,Male,71,UK,0,1
8158,Yefremov,Female,32,Canada,0,0
8159,Kosovich,Female,37,USA,0,1
8160,Lu,Female,25,Canada,1,1
8161,Taplin,Female,25,UK,0,1
8162,Ebelechukwu,Male,31,USA,1,0
8163,Fleming,Male,27,USA,0,1
8164,Yefimov,Male,48,UK,1,1
8165,Andreyeva,Male,38,Canada,0,1
8166,Pickering,Male,37,Canada,0,1
8167,Allan,Male,37,Canada,1,1
8168,Wang,Female,24,UK,1,1
8169,Reynolds,Female,33,Canada,1,1
8170,Hales,Male,27,USA,0,1
8171,Y?an,Male,61,UK,1,0
8172,Rowley,Female,44,Canada,0,1
8173,Chia,Male,31,Canada,1,1
8174,Moore,Male,31,UK,0,1
8175,Copeland,Male,31,Canada,1,1
8176,Rishel,Female,22,USA,0,1
8177,Wan,Male,40,USA,1,0
8178,Eluemuno,Female,40,UK,0,0
8179,Hsia,Female,46,USA,1,1
8180,Kelly,Female,27,USA,1,0
8181,Muir,Male,42,USA,1,1
8182,McIntyre,Male,28,USA,1,0
8183,Donaldson,Male,36,Canada,1,0
8184,Wright,Female,59,Canada,1,1
8185,Uvarova,Female,50,USA,0,1
8186,Doherty,Female,40,UK,1,0
8187,Allen,Female,39,USA,0,1
8188,Ma,Female,39,Canada,0,1
8189,Tucker,Female,59,UK,0,1
8190,Ch'eng,Male,21,USA,0,1
8191,Hs?,Male,47,USA,0,1
8192,H?,Female,40,USA,1,1
8193,Chimaijem,Male,36,USA,0,1
8194,Esomchi,Female,66,USA,1,1
8195,Lorenzo,Male,42,USA,0,1
8196,Pirogov,Female,59,UK,1,0
8197,Larkin,Male,30,USA,0,0
8198,Eddy,Male,54,USA,1,1
8199,Sells,Female,36,Canada,0,1
8200,Crawford,Male,32,USA,1,0
8201,Bezrukov,Male,47,Canada,0,1
8202,Mancini,Female,49,Canada,1,0
8203,Iadanza,Female,27,Canada,0,1
8204,Wilkinson,Male,33,Canada,1,1
8205,P'eng,Female,34,USA,0,1
8206,St Clair,Female,39,UK,0,1
8207,Preston,Male,34,USA,1,1
8208,Findlay,Male,63,Canada,1,1
8209,Nixon,Female,29,USA,0,1
8210,Gorshkov,Male,32,UK,1,1
8211,Chukwubuikem,Male,31,Canada,1,1
8212,Medvedeva,Male,39,UK,1,1
8213,Chukwuhaenye,Male,32,USA,0,1
8214,Endrizzi,Male,34,Canada,1,0
8215,Ch'ang,Female,32,UK,0,1
8216,Piccio,Female,61,USA,0,1
8217,Lockington,Male,41,UK,1,1
8218,Seleznyov,Male,75,UK,1,0
8219,Weston,Female,40,USA,1,0
8220,Groom,Female,39,USA,1,1
8221,Manfrin,Male,42,USA,0,1
8222,Robertson,Male,59,UK,0,1
8223,Ch'ang,Male,25,UK,1,1
8224,Lucchesi,Male,27,USA,1,1
8225,Cambage,Male,50,USA,0,0
8226,Tan,Female,57,Canada,0,1
8227,Tao,Female,38,Canada,0,1
8228,Hsieh,Female,30,USA,0,1
8229,Burdekin,Female,39,USA,0,1
8230,Longo,Female,37,UK,0,1
8231,Maughan,Male,32,UK,1,1
8232,Franz,Male,43,UK,0,1
8233,Piazza,Male,25,Canada,0,1
8234,Morant,Female,33,Canada,1,1
8235,Becher,Male,47,UK,0,1
8236,Lombardi,Male,37,Canada,1,1
8237,Loton,Male,37,Canada,1,0
8238,Conti,Male,39,USA,1,1
8239,Sani,Female,40,Canada,1,1
8240,Lori,Male,34,Canada,0,0
8241,Wong,Male,50,UK,1,1
8242,Lombardi,Male,32,USA,0,1
8243,Obialo,Female,50,USA,1,0
8244,Mazzi,Male,29,USA,1,0
8245,Von Doussa,Female,32,Canada,1,1
8246,Miller,Male,35,Canada,1,1
8247,Miracle,Male,24,USA,1,1
8248,Su,Female,25,UK,1,1
8249,Wyatt,Male,29,UK,0,0
8250,Anayolisa,Female,38,USA,1,1
8251,Wade,Female,35,USA,0,0
8252,Enemuo,Female,37,UK,0,0
8253,Bruno,Male,56,USA,1,1
8254,Greece,Male,36,USA,1,1
8255,Yang,Male,28,UK,1,1
8256,Brown,Female,40,USA,0,1
8257,Anderson,Male,58,Canada,1,1
8258,Johnston,Male,40,USA,0,0
8259,Zakharov,Male,41,USA,0,1
8260,Golibe,Male,38,Canada,0,0
8261,Nikitina,Female,30,UK,1,0
8262,Leonard,Male,38,USA,1,1
8263,Burns,Female,33,USA,0,1
8264,Burtch,Male,32,Canada,1,0
8265,Clark,Male,33,USA,0,0
8266,Woodward,Female,40,UK,0,1
8267,Spencer,Female,35,USA,0,1
8268,Chao,Male,38,USA,0,1
8269,Costa,Female,42,UK,1,0
8270,McLachlan,Female,53,USA,1,0
8271,Hung,Male,34,Canada,0,1
8272,Akhtar,Male,37,USA,1,1
8273,Toscani,Male,32,UK,0,1
8274,Gray,Male,32,USA,0,1
8275,Warren,Female,31,UK,0,1
8276,Ramsden,Female,46,Canada,0,0
8277,Bartlett,Male,32,Canada,1,0
8278,Wenz,Female,40,UK,0,1
8279,Kisch,Female,36,USA,1,1
8280,Mai,Female,34,USA,0,0
8281,McGregor,Male,53,Canada,1,0
8282,Pinto,Male,40,Canada,1,1
8283,Newman,Female,21,USA,0,1
8284,Pagnotto,Male,57,USA,1,1
8285,Williams,Female,39,USA,0,1
8286,Ndubuisi,Male,25,USA,1,0
8287,Plummer,Male,28,Canada,0,1
8288,Chimezie,Female,36,USA,1,1
8289,Nash,Female,34,USA,0,1
8290,Onochie,Male,40,USA,1,0
8291,Rizzo,Male,37,USA,0,1
8292,Boni,Male,38,Canada,1,1
8293,Davies,Female,41,UK,0,1
8294,Lu,Female,28,UK,1,0
8295,Burrows,Female,36,Canada,0,1
8296,Ershova,Male,40,USA,1,1
8297,Udokamma,Female,34,USA,0,1
8298,Aitken,Female,35,USA,0,0
8299,Turnbull,Female,51,UK,0,0
8300,Reilly,Female,50,UK,1,0
8301,Hardy,Male,48,UK,1,1
8302,Brookman,Male,58,UK,1,1
8303,Kerr,Female,39,USA,0,1
8304,McBurney,Male,43,USA,1,1
8305,Mickey,Male,69,USA,0,1
8306,Harrison,Male,58,USA,1,1
8307,Olszewski,Female,33,USA,0,1
8308,Chijioke,Male,30,USA,1,1
8309,Young,Male,36,USA,1,1
8310,Bellasis,Female,27,USA,0,1
8311,De Mestre,Male,43,Canada,0,1
8312,De Luca,Male,42,UK,1,1
8313,Mundy,Male,47,USA,0,1
8314,Tung,Male,38,USA,0,1
8315,Donahue,Male,33,USA,1,1
8316,Okagbue,Female,41,USA,1,1
8317,Nnaemeka,Male,53,USA,1,1
8318,Verjus,Female,27,USA,0,0
8319,H?,Female,39,USA,0,0
8320,Napolitani,Female,50,Canada,0,0
8321,Ginikanwa,Male,33,UK,0,1
8322,Spaull,Male,64,USA,1,1
8323,Siciliani,Female,35,USA,1,0
8324,Voronina,Female,30,Canada,0,1
8325,Tang,Male,55,USA,1,1
8326,Crumbley,Male,27,USA,0,1
8327,Hamilton,Female,36,USA,1,1
8328,Piazza,Female,35,USA,1,1
8329,Birch,Male,34,Canada,0,1
8330,Custance,Male,43,USA,0,1
8331,Anayochukwu,Female,38,Canada,0,1
8332,Galkin,Male,38,Canada,1,0
8333,Adams,Male,49,UK,1,0
8334,Toomey,Male,30,USA,1,1
8335,Marshall-Hall,Female,37,USA,1,1
8336,Shen,Male,35,USA,0,1
8337,Pagnotto,Female,33,UK,0,0
8338,Wood,Male,41,USA,0,1
8339,More,Female,42,Canada,1,1
8340,Piccio,Female,42,USA,1,0
8341,Tochukwu,Female,25,UK,0,1
8342,Graham,Female,31,Canada,0,1
8343,Tung,Female,34,USA,0,1
8344,P'eng,Female,49,UK,0,1
8345,Nevzorova,Male,43,UK,1,0
8346,Toscani,Female,46,Canada,1,1
8347,McKenzie,Male,32,Canada,1,0
8348,Okwuoma,Female,28,Canada,0,1
8349,Morley,Female,36,UK,1,1
8350,Kerr,Male,39,UK,1,1
8351,Harding,Male,38,USA,0,1
8352,Butler,Female,30,USA,1,1
8353,Crawford,Female,49,UK,0,1
8354,Brown,Female,32,Canada,1,1
8355,Greece,Female,31,UK,0,1
8356,Matthews,Male,44,Canada,1,1
8357,Heath,Female,26,Canada,0,1
8358,Vincent,Male,34,USA,1,1
8359,Sal,Female,40,Canada,0,1
8360,Milne,Female,22,Canada,1,0
8361,Bazile,Male,33,UK,1,0
8362,Wardle,Female,35,USA,0,0
8363,Lilly,Male,36,USA,1,0
8364,Aitken,Male,57,UK,0,1
8365,Enderby,Female,45,Canada,1,1
8366,Chiu,Male,31,USA,0,1
8367,Ugorji,Male,41,USA,1,0
8368,Sharpe,Male,60,USA,1,1
8369,Houghton,Female,34,UK,0,1
8370,Konovalova,Male,37,UK,1,1
8371,Patel,Male,32,USA,0,1
8372,Ngozichukwuka,Female,29,UK,0,0
8373,Medland,Male,44,UK,0,0
8374,Padovano,Male,29,Canada,0,0
8375,Tsui,Female,55,Canada,0,1
8376,H?,Female,38,UK,1,1
8377,Denman,Male,39,USA,0,1
8378,Ratten,Male,40,Canada,1,1
8379,Baxter,Female,37,UK,1,1
8380,Norman,Male,55,Canada,1,0
8381,Shen,Male,32,UK,1,1
8382,Reilly,Male,36,UK,0,1
8383,Ifeanacho,Male,25,Canada,1,1
8384,Graham,Female,36,USA,0,1
8385,Lysaght,Male,34,USA,1,1
8386,T'ang,Female,62,USA,1,0
8387,Abron,Male,41,USA,0,1
8388,Chimaraoke,Male,44,USA,0,1
8389,Y?an,Female,53,USA,0,1
8390,Sergeyeva,Male,25,Canada,0,1
8391,Ma,Female,48,USA,1,0
8392,Obiajulu,Male,38,UK,1,1
8393,Belcher,Male,32,UK,0,1
8394,K?,Male,60,UK,0,1
8395,Brown,Male,69,USA,1,1
8396,Abernathy,Female,30,USA,0,1
8397,Pape,Female,48,USA,0,1
8398,Tao,Male,29,UK,1,0
8399,Ma,Female,45,UK,0,1
8400,Earle,Female,34,USA,1,0
8401,Kazantsev,Male,39,USA,0,1
8402,Uspenskaya,Male,58,Canada,1,1
8403,Coombes,Male,36,UK,0,0
8404,Hopman,Female,28,USA,1,0
8405,McKay,Female,47,UK,1,1
8406,Milanesi,Male,40,USA,0,1
8407,Chineze,Male,26,Canada,1,0
8408,Dawson,Male,28,USA,0,0
8409,Shih,Male,36,UK,0,1
8410,Hughes,Male,38,Canada,1,1
8411,Clark,Female,46,USA,0,1
8412,Chukwuhaenye,Female,56,Canada,1,1
8413,Wall,Male,22,USA,0,1
8414,Howell,Male,36,Canada,0,0
8415,Lo,Female,29,UK,1,1
8416,Lazarev,Male,38,Canada,1,0
8417,Lowe,Male,32,UK,1,0
8418,Folliero,Female,26,USA,0,1
8419,Han,Female,39,UK,0,1
8420,Holloway,Female,26,UK,1,0
8421,Pai,Male,29,Canada,1,1
8422,Trejo,Male,43,USA,0,1
8423,Johnston,Female,52,Canada,0,0
8424,Macknight,Male,44,Canada,0,0
8425,Lo,Male,26,USA,1,1
8426,Glossop,Male,29,USA,1,1
8427,Bishop,Male,26,USA,0,0
8428,Yefremova,Female,40,USA,0,1
8429,Obialo,Female,36,UK,1,1
8430,Nkemjika,Male,28,UK,1,1
8431,Trevisani,Female,38,USA,1,1
8432,Parkes,Male,33,UK,1,1
8433,Seleznyov,Male,47,USA,1,0
8434,Naylor,Female,41,USA,1,0
8435,Forbes,Male,41,UK,1,0
8436,Douglas,Female,43,USA,1,1
8437,Nwankwo,Male,40,Canada,0,0
8438,Myers,Male,29,USA,0,0
8439,Rogova,Female,48,UK,1,1
8440,Hsing,Male,22,USA,1,1
8441,Giordano,Female,33,Canada,1,1
8442,Okwukwe,Female,23,USA,0,0
8443,Chalmers,Female,34,USA,0,0
8444,Chiazagomekpere,Male,23,UK,1,1
8445,Evseyev,Female,70,USA,1,1
8446,Parry-Okeden,Female,26,USA,0,1
8447,Picot,Female,33,USA,0,1
8448,Reid,Female,33,Canada,1,1
8449,Ferri,Male,49,USA,1,1
8450,Genovesi,Female,33,USA,1,0
8451,Neumayer,Female,44,UK,1,0
8452,Murray,Female,22,Canada,1,1
8453,Tien,Female,46,Canada,1,1
8454,Parkes,Female,41,USA,0,1
8455,Yip,Female,35,USA,1,1
8456,Ingle,Female,53,USA,1,1
8457,Chidubem,Male,37,USA,0,1
8458,Lu,Male,32,USA,0,0
8459,Vorobyova,Female,71,USA,1,1
8460,Chiedozie,Male,23,Canada,1,1
8461,Napolitani,Female,28,UK,1,0
8462,Coffey,Female,44,USA,0,1
8463,Chigbogu,Male,59,USA,1,1
8464,Akabueze,Male,49,Canada,0,1
8465,Istomin,Female,34,USA,1,1
8466,Ndubueze,Female,40,USA,0,1
8467,Toscani,Male,36,USA,0,0
8468,Ross,Male,62,Canada,1,1
8469,Fernando,Female,27,Canada,0,1
8470,McClaran,Male,71,USA,1,1
8471,Yermakova,Male,26,USA,1,0
8472,Somadina,Male,51,USA,0,1
8473,Wan,Male,31,USA,1,0
8474,Mazzi,Female,33,USA,1,1
8475,Tuan,Female,33,Canada,1,1
8476,Townsley,Male,58,UK,0,1
8477,Yashina,Male,51,USA,0,0
8478,Henderson,Male,42,UK,1,0
8479,Mueller,Male,66,USA,1,0
8480,Wright,Male,50,USA,0,0
8481,Lung,Male,29,USA,1,1
8482,Bryant,Female,38,Canada,0,1
8483,Madukaife,Female,34,USA,0,0
8484,Maclean,Male,34,Canada,0,1
8485,Abdullah,Female,60,USA,0,1
8486,Yao,Male,25,USA,1,1
8487,Cheatham,Female,40,UK,1,1
8488,Gallagher,Male,34,UK,1,1
8489,Hao,Female,70,UK,0,1
8490,Nixon,Female,41,USA,1,0
8491,Wang,Male,48,USA,0,1
8492,Kerr,Male,42,Canada,0,1
8493,Romani,Male,28,USA,1,0
8494,Lock,Female,46,UK,0,1
8495,Millar,Male,36,UK,0,0
8496,K'ung,Male,42,USA,0,0
8497,Onyekachi,Male,43,Canada,1,1
8498,Somayina,Male,36,USA,1,0
8499,Dennis,Male,37,UK,0,1
8500,Brown,Male,35,UK,1,0
8501,Ogochukwu,Male,37,USA,0,1
8502,Macleod,Male,29,Canada,0,1
8503,Page,Male,37,USA,1,1
8504,Barese,Female,48,USA,1,0
8505,Agafonova,Male,42,USA,0,1
8506,Caraway,Male,28,USA,0,0
8507,Stevenson,Male,48,USA,1,0
8508,Duncan,Female,38,UK,1,1
8509,Wang,Male,27,Canada,1,1
8510,Kaur,Female,42,Canada,0,1
8511,Jenkins,Female,40,USA,0,0
8512,Edwards,Male,28,UK,0,1
8513,Kelly,Male,39,Canada,1,1
8514,Boyle,Female,27,UK,1,0
8515,Loane,Male,29,Canada,0,1
8516,Padovano,Female,35,UK,1,0
8517,Li Fonti,Female,34,USA,0,1
8518,Robinson,Male,20,USA,1,1
8519,Geach,Male,50,USA,0,0
8520,Payne,Male,29,USA,1,0
8521,Chinonyelum,Male,52,Canada,1,1
8522,Watkins,Male,37,USA,0,1
8523,Page,Male,18,Canada,0,1
8524,Genovese,Female,54,UK,1,1
8525,Watson,Female,34,USA,1,1
8526,Mancini,Female,29,USA,1,1
8527,Chibueze,Male,27,USA,1,1
8528,Hunter,Male,39,Canada,1,1
8529,Buchi,Male,35,Canada,0,0
8530,Charteris,Male,45,USA,0,0
8531,Aksenov,Female,33,USA,0,1
8532,Wright,Male,30,Canada,0,1
8533,Lu,Female,35,USA,0,1
8534,K?,Male,34,USA,1,1
8535,Hou,Female,31,USA,1,1
8536,Descoteaux,Male,43,Canada,1,0
8537,Stephenson,Female,43,USA,0,1
8538,Cooper,Female,46,Canada,1,1
8539,Crump,Female,33,Canada,0,1
8540,Diggs,Female,25,UK,1,1
8541,Shih,Male,40,UK,0,0
8542,Hudson,Male,47,Canada,1,1
8543,Carvosso,Female,40,UK,1,0
8544,Wyatt,Male,30,UK,1,0
8545,Kodilinyechukwu,Female,46,USA,1,1
8546,Vorobyova,Male,34,UK,0,0
8547,Piccio,Male,35,UK,0,1
8548,Hsing,Male,47,UK,0,0
8549,Lucas,Male,46,Canada,0,1
8550,T'ang,Male,37,USA,1,1
8551,North,Female,47,UK,0,0
8552,Thompson,Male,32,Canada,0,1
8553,Simpson,Female,22,USA,1,1
8554,Nwora,Female,58,Canada,0,1
8555,Chandler,Female,24,USA,1,1
8556,Uspensky,Male,25,UK,1,1
8557,Ferguson,Male,41,Canada,0,0
8558,Kerr,Female,32,USA,1,0
8559,Furneaux,Female,39,USA,0,1
8560,Kambinachi,Female,39,UK,1,1
8561,Black,Male,28,UK,1,1
8562,Chizoba,Male,36,Canada,1,1
8563,Peng,Male,63,USA,0,0
8564,Leach,Male,45,USA,0,1
8565,Chiazagomekpele,Male,48,USA,0,1
8566,Nickson,Female,40,USA,0,1
8567,Lin,Female,39,USA,0,0
8568,Alexeieva,Male,30,USA,1,1
8569,Sykes,Male,64,USA,1,0
8570,Martin,Male,36,Canada,1,1
8571,Herz,Female,28,USA,1,0
8572,Nikitina,Female,42,USA,0,1
8573,Ko,Female,38,UK,0,1
8574,Highett,Female,26,USA,1,1
8575,Jackson,Female,59,USA,1,1
8576,Ball,Male,45,Canada,0,0
8577,Nelson,Female,37,USA,0,0
8578,Woronoff,Male,65,UK,1,1
8579,Morrison,Male,47,USA,0,1
8580,Smith,Male,34,USA,1,0
8581,Rendall,Female,31,USA,0,1
8582,McIntyre,Female,43,USA,0,1
8583,Wei,Male,32,Canada,1,0
8584,Allardyce,Female,38,USA,1,0
8585,Cremonesi,Male,19,USA,1,1
8586,Weatherford,Female,45,USA,0,1
8587,Jen,Female,46,UK,0,1
8588,Macleod,Male,41,UK,1,0
8589,Mironova,Female,29,Canada,0,1
8590,Sharpe,Female,34,USA,1,0
8591,Osborne,Female,41,USA,1,1
8592,Chu,Female,39,Canada,1,0
8593,Chong,Female,40,Canada,0,1
8594,Alvarez,Male,36,UK,1,0
8595,Palerma,Male,37,Canada,0,1
8596,Chiemenam,Female,23,UK,0,1
8597,Pritchard,Female,32,USA,0,0
8598,Wallis,Female,53,UK,1,1
8599,Palerma,Female,49,Canada,1,1
8600,Hill,Male,35,USA,1,1
8601,Hudson,Male,43,USA,0,1
8602,Chung,Male,45,UK,0,0
8603,Zhdanova,Male,63,USA,1,0
8604,Fraser,Female,59,USA,0,1
8605,Meng,Female,39,Canada,0,0
8606,Cherkasova,Female,49,USA,1,1
8607,Rawlings,Male,42,Canada,1,1
8608,Jen,Male,38,UK,0,0
8609,Chien,Female,31,UK,0,1
8610,Gorbunov,Male,40,USA,1,1
8611,Lucas,Male,23,USA,0,1
8612,Young,Female,30,Canada,0,1
8613,Colombo,Male,39,UK,1,1
8614,Tsao,Female,26,UK,0,0
8615,Lewis,Male,32,UK,0,1
8616,Hussain,Female,39,USA,1,1
8617,Anderson,Female,27,Canada,1,1
8618,Ulyanov,Male,37,USA,0,1
8619,Shaw,Female,41,Canada,1,1
8620,Lucciano,Female,36,Canada,1,1
8621,Gordon,Female,40,USA,1,0
8622,Woodward,Male,33,USA,0,1
8623,Cunningham,Male,36,UK,0,1
8624,Boni,Female,38,UK,0,1
8625,Truscott,Male,35,UK,0,1
8626,Ginikanwa,Male,43,USA,1,0
8627,Bailey,Male,40,UK,1,0
8628,Hutchinson,Female,42,USA,0,0
8629,Maclean,Male,44,USA,1,0
8630,Chiang,Male,23,Canada,0,1
8631,Willmore,Female,44,UK,0,1
8632,Godson,Male,30,UK,1,0
8633,Smith,Male,42,USA,1,1
8634,Bitter,Female,35,USA,0,0
8635,Ts'ao,Male,39,USA,1,0
8636,Chialuka,Male,29,UK,0,1
8637,Scott,Male,46,USA,1,1
8638,Feng,Male,34,USA,1,1
8639,Castiglione,Male,27,UK,1,0
8640,He,Male,30,USA,1,1
8641,Fanucci,Female,32,USA,0,0
8642,Ginikanwa,Female,47,UK,1,0
8643,Manning,Female,44,UK,0,1
8644,Forlonge,Male,40,Canada,1,0
8645,Liang,Female,29,Canada,0,0
8646,Uchechukwu,Female,20,USA,0,0
8647,Sung,Female,25,USA,1,1
8648,Tochukwu,Male,43,USA,1,1
8649,Reyna,Female,48,Canada,0,1
8650,Liang,Female,30,UK,1,1
8651,Unwin,Male,27,USA,0,1
8652,Rutherford,Male,43,USA,1,1
8653,Howe,Female,43,Canada,0,0
8654,Tran,Male,57,USA,1,1
8655,Thompson,Male,42,UK,0,1
8656,Linger,Male,30,USA,1,1
8657,Johnston,Male,31,Canada,1,1
8658,Udokamma,Male,43,USA,0,0
8659,Barrera,Female,38,UK,0,0
8660,Sutherland,Male,25,Canada,1,1
8661,Bednall,Female,27,USA,1,0
8662,Otoole,Female,36,UK,1,0
8663,Cremonesi,Female,44,UK,0,1
8664,Hamilton,Male,39,USA,1,1
8665,Donaldson,Female,48,Canada,1,1
8666,McKay,Female,40,USA,0,1
8667,Black,Male,35,UK,1,1
8668,Kane,Female,46,USA,1,1
8669,She,Female,37,Canada,1,0
8670,Bruno,Male,39,Canada,0,1
8671,Watson,Female,55,USA,1,1
8672,Shih,Female,35,UK,0,1
8673,Rose,Male,38,USA,0,1
8674,Zikoranachukwudimma,Female,56,USA,0,1
8675,Cole,Male,67,USA,1,1
8676,Isaacs,Male,54,USA,0,1
8677,Muravyova,Male,41,USA,0,1
8678,Timperley,Female,40,UK,0,1
8679,Kenechukwu,Female,28,USA,0,0
8680,He,Male,35,UK,1,1
8681,Storey,Male,42,USA,0,1
8682,Onyekachukwu,Female,40,USA,1,1
8683,Kharlamova,Male,34,USA,0,1
8684,Christopher,Female,49,USA,1,0
8685,Lombardo,Male,27,UK,0,1
8686,Kerr,Male,43,USA,1,1
8687,Duncan,Female,71,USA,1,1
8688,Lawley,Female,42,UK,0,0
8689,Burns,Male,40,UK,1,1
8690,Whitson,Male,67,USA,1,0
8691,Doyne,Female,43,Canada,1,1
8692,Pinto,Female,39,USA,1,0
8693,Chin,Female,32,USA,1,1
8694,Davide,Female,50,USA,0,1
8695,Torres,Female,48,UK,0,0
8696,Buccho,Male,31,USA,0,1
8697,Greece,Male,34,Canada,1,1
8698,Wimble,Female,37,Canada,0,1
8699,Pirozzi,Male,30,UK,0,0
8700,Hsiung,Male,32,UK,0,1
8701,Obioma,Male,23,UK,0,1
8702,Onio,Male,37,USA,1,1
8703,Udinesi,Male,37,USA,1,0
8704,Fermin,Female,31,USA,0,1
8705,Moss,Female,42,Canada,0,1
8706,Docherty,Female,35,USA,1,1
8707,Marcelo,Female,55,Canada,0,0
8708,Fadden,Female,35,USA,0,1
8709,Zox,Female,48,UK,0,1
8710,Otitodilinna,Male,39,USA,0,1
8711,Kennedy,Female,37,UK,1,1
8712,Tu,Female,65,Canada,0,1
8713,Barnes,Male,35,Canada,0,1
8714,Bibi,Male,40,Canada,0,0
8715,L?,Female,41,USA,0,1
8716,Landseer,Male,41,UK,1,0
8717,Nwachinemelu,Male,38,USA,1,0
8718,Ch'iu,Male,44,USA,0,1
8719,Vinogradova,Male,37,USA,0,1
8720,Jenks,Female,44,USA,1,1
8721,Crace,Female,28,USA,0,0
8722,Packham,Male,27,Canada,1,1
8723,T'ien,Male,35,USA,0,1
8724,Onyekachi,Male,51,USA,1,1
8725,Solomina,Female,30,Canada,0,1
8726,Hawes,Male,27,Canada,0,1
8727,Benson,Male,43,UK,0,1
8728,Emenike,Female,30,UK,1,1
8729,Nero,Male,41,USA,1,0
8730,Toscano,Male,48,UK,1,1
8731,Yang,Male,30,USA,1,0
8732,Palerma,Female,41,Canada,1,0
8733,Trentini,Female,29,USA,1,0
8734,Haddon,Male,42,Canada,0,0
8735,Coates,Female,47,UK,0,1
8736,Castiglione,Male,30,USA,1,0
8737,Stone,Male,44,USA,0,0
8738,Maynard,Male,34,USA,1,1
8739,Moore,Male,43,USA,1,0
8740,Obielumani,Male,59,USA,1,0
8741,Harding,Female,29,Canada,1,0
8742,Hill,Female,23,Canada,1,1
8743,Brown,Female,45,Canada,1,1
8744,Pagnotto,Male,25,Canada,1,0
8745,Esposito,Female,49,UK,0,1
8746,Tan,Female,28,Canada,0,1
8747,Hammond,Male,34,USA,1,0
8748,Chung,Female,29,USA,1,1
8749,Houghton,Female,44,UK,0,1
8750,Chia,Male,47,USA,0,1
8751,Zikoranachidimma,Female,32,USA,1,1
8752,Boag,Female,30,Canada,0,1
8753,Pagnotto,Male,30,Canada,0,1
8754,Oluchukwu,Male,32,USA,1,1
8755,Baxter,Female,43,USA,1,0
8756,Tien,Female,52,Canada,0,1
8757,Chimezie,Female,37,UK,1,1
8758,Slone,Female,44,UK,1,0
8759,Martin,Male,34,USA,1,1
8760,Loggia,Male,66,USA,1,1
8761,Hartley,Female,34,Canada,1,1
8762,Parkin,Male,63,Canada,0,1
8763,Lin,Female,60,USA,0,0
8764,Brooks,Male,61,USA,1,1
8765,Tien,Male,51,UK,1,1
8766,Dann,Male,39,USA,0,1
8767,Trentino,Female,36,Canada,0,0
8768,Russo,Male,29,USA,0,1
8769,Christie,Male,62,UK,0,0
8770,Ross,Male,31,USA,0,1
8771,Nnonso,Male,59,USA,1,1
8772,Teng,Male,31,UK,0,0
8773,Buccho,Male,30,USA,1,1
8774,Madukaife,Male,34,Canada,0,1
8775,Dunn,Female,33,USA,0,1
8776,Hooker,Male,37,UK,1,0
8777,Griffin,Male,44,Canada,0,1
8778,Kistler,Male,24,Canada,0,1
8779,Law,Female,37,Canada,0,1
8780,Grigoryeva,Female,34,USA,1,0
8781,Chu,Male,39,UK,0,1
8782,Onyemachukwu,Male,60,USA,1,0
8783,Lu,Female,27,Canada,1,1
8784,Watson,Male,34,USA,0,1
8785,Fallaci,Female,41,UK,0,1
8786,Ni,Male,27,UK,1,1
8787,Leason,Female,19,UK,0,1
8788,Tsai,Male,73,Canada,1,0
8789,Bruner,Female,35,UK,0,1
8790,Wallace,Female,36,USA,1,0
8791,Young,Male,35,Canada,0,0
8792,Forbes,Female,25,USA,1,1
8793,Muir,Male,34,USA,1,1
8794,Pugh,Male,66,UK,1,1
8795,Webb,Female,29,Canada,1,1
8796,Walker,Male,38,Canada,0,1
8797,Cox,Male,33,USA,1,0
8798,Maclean,Male,45,USA,0,0
8799,Hollis,Male,23,Canada,0,1
8800,Jamieson,Male,34,USA,0,1
8801,Su,Male,37,USA,1,1
8802,P'eng,Female,52,USA,1,1
8803,Hawkins,Female,40,Canada,0,1
8804,Ndubuagha,Male,41,USA,1,1
8805,Hill,Male,41,USA,1,0
8806,Norton,Male,39,Canada,1,1
8807,Achebe,Male,38,UK,1,1
8808,Simpson,Female,60,USA,1,0
8809,Chiang,Female,36,USA,1,1
8810,Dalrymple,Female,38,UK,1,0
8811,Chukwuemeka,Female,21,USA,1,1
8812,Ojiofor,Female,35,USA,1,1
8813,Rubeo,Male,26,USA,1,0
8814,Fanucci,Female,26,UK,0,1
8815,Zubarev,Female,51,USA,1,1
8816,T'ao,Male,43,UK,1,0
8817,Pai,Male,31,Canada,1,1
8818,Udegbunam,Male,40,Canada,0,0
8819,Claypool,Female,37,USA,1,1
8820,Manfrin,Male,36,UK,1,0
8821,Baker,Male,36,UK,0,0
8822,Efremov,Female,42,Canada,0,1
8823,Chin,Male,64,USA,1,1
8824,Brookes,Female,50,Canada,1,0
8825,Doyle,Female,35,Canada,1,1
8826,Ajuluchukwu,Female,49,UK,1,1
8827,Ikemefuna,Male,29,USA,0,0
8828,Fowler,Male,41,Canada,0,1
8829,Liao,Female,38,Canada,0,1
8830,Onuora,Female,40,USA,0,0
8831,Aksenov,Female,39,UK,0,1
8832,Trevisani,Female,41,USA,0,1
8833,Wood,Male,35,USA,1,1
8834,Lombardo,Male,50,USA,1,1
8835,Walpole,Male,34,USA,0,1
8836,Chikwendu,Male,34,Canada,1,1
8837,Ko,Male,43,USA,1,1
8838,Steigrad,Male,46,USA,1,1
8839,Isayeva,Male,33,USA,1,1
8840,Boni,Male,40,UK,1,1
8841,Anayolisa,Male,33,Canada,1,1
8842,Fallaci,Male,36,Canada,0,1
8843,Fenton,Female,27,USA,0,0
8844,Chao,Male,42,Canada,1,0
8845,Osinachi,Male,35,Canada,0,1
8846,Chu,Female,39,UK,1,1
8847,Obiuto,Female,53,USA,0,1
8848,Chu,Male,40,USA,0,1
8849,Nash,Female,29,USA,0,1
8850,Hixson,Female,38,USA,0,1
8851,Fiorentini,Female,50,Canada,1,1
8852,Chidimma,Male,42,UK,0,1
8853,Chiazagomekpere,Male,38,Canada,0,1
8854,Laura,Male,43,USA,1,1
8855,Wu,Female,39,Canada,1,1
8856,Toscani,Male,43,Canada,0,0
8857,McMillan,Female,26,USA,1,1
8858,Chiekwugo,Male,36,USA,0,0
8859,Hendley,Male,37,Canada,1,0
8860,Birnie,Female,32,USA,0,1
8861,Kemp,Male,24,USA,0,1
8862,Johnstone,Female,43,USA,0,0
8863,Lo Duca,Male,59,UK,0,1
8864,Montgomery,Male,38,Canada,1,1
8865,Miller,Female,29,USA,0,1
8866,Chiemezie,Male,72,USA,1,1
8867,Wright,Male,34,UK,1,1
8868,Shaw,Female,38,USA,1,1
8869,Chapman,Female,38,Canada,0,1
8870,Y?an,Female,41,USA,0,0
8871,Clark,Male,42,USA,1,1
8872,Howells,Female,30,USA,0,1
8873,Gamble,Male,30,USA,1,1
8874,Rogers,Male,34,USA,0,0
8875,McMillan,Female,50,UK,1,1
8876,Brown,Male,36,UK,0,1
8877,Robertson,Male,46,Canada,1,1
8878,Thomas,Female,24,Canada,0,0
8879,Hsing,Male,47,UK,0,1
8880,Chiu,Male,43,USA,1,1
8881,Chang,Male,49,USA,1,1
8882,Kornilova,Male,29,USA,1,1
8883,Chifo,Female,39,Canada,0,1
8884,Lu,Female,28,Canada,1,1
8885,Bellucci,Female,38,UK,0,0
8886,Michael,Male,45,Canada,1,1
8887,Sinclair,Male,36,USA,1,0
8888,Chukwuebuka,Male,37,UK,1,0
8889,Schmidt,Male,23,USA,0,1
8890,Parry,Female,39,USA,0,1
8891,McIntyre,Female,49,UK,1,1
8892,Lo Duca,Male,34,Canada,1,0
8893,Ferrari,Female,32,USA,1,1
8894,Berry,Female,46,Canada,1,1
8895,Cattaneo,Female,39,USA,1,1
8896,Foster,Female,40,USA,0,1
8897,Gordon,Male,34,USA,1,1
8898,May,Male,51,USA,0,1
8899,Cameron,Male,40,USA,0,1
8900,Ch'eng,Female,41,USA,1,1
8901,Curtis,Female,71,USA,1,1
8902,Whitehead,Male,51,USA,1,1
8903,Chukwuemeka,Male,39,Canada,1,1
8904,Onwughara,Male,35,USA,1,1
8905,Grant,Male,40,Canada,1,1
8906,Browne,Male,36,USA,1,0
8907,Goloubev,Female,32,Canada,1,0
8908,Gordon,Male,34,USA,0,0
8909,Sutherland,Male,32,Canada,0,1
8910,Quesada,Female,29,Canada,0,1
8911,Wright,Female,48,UK,0,0
8912,Simmons,Male,32,UK,1,1
8913,Yobachukwu,Female,24,USA,1,1
8914,Read,Male,31,USA,0,1
8915,Wunder,Female,39,USA,0,1
8916,Nnaife,Male,36,USA,1,1
8917,Shen,Female,46,USA,0,1
8918,Powell,Male,62,USA,1,1
8919,Goddard,Female,52,USA,0,1
8920,Buckley,Male,32,USA,0,1
8921,McIntyre,Female,36,USA,0,1
8922,Yen,Female,37,USA,1,1
8923,Okonkwo,Male,35,UK,0,1
8924,Burlingame,Female,55,UK,0,0
8925,Hs?,Male,46,USA,1,1
8926,Board,Male,32,UK,1,1
8927,Adams,Male,28,USA,1,1
8928,Rizzo,Female,39,USA,1,1
8929,Chukwufumnanya,Female,29,USA,0,0
8930,Fraser,Female,35,USA,0,1
8931,Russell,Female,69,USA,1,1
8932,Yefimova,Female,55,USA,1,0
8933,Palermo,Female,26,Canada,0,1
8934,Bergamaschi,Male,32,USA,1,0
8935,Shao,Female,37,USA,1,1
8936,Chimaraoke,Female,43,USA,1,0
8937,McGregor,Male,54,USA,0,0
8938,Kesteven,Male,31,USA,1,1
8939,Ritchie,Male,47,Canada,1,1
8940,Jenks,Male,34,USA,0,1
8941,Udokamma,Male,38,USA,0,1
8942,Boyle,Male,34,UK,1,0
8943,Azuka,Female,37,USA,1,1
8944,Pai,Female,37,USA,0,0
8945,Howells,Male,49,Canada,1,1
8946,Hs?,Male,35,Canada,1,1
8947,Kelly,Male,28,USA,0,0
8948,Walton,Female,43,USA,1,0
8949,Ebelechukwu,Male,48,USA,0,1
8950,Vasilieva,Male,46,Canada,0,1
8951,Hsiao,Female,35,USA,1,1
8952,Abrego,Female,23,UK,0,1
8953,Gibson,Female,47,UK,0,1
8954,Giordano,Male,42,Canada,1,0
8955,Mancini,Male,54,USA,1,1
8956,Afanasyeva,Male,50,Canada,0,0
8957,Wright,Male,42,Canada,1,0
8958,Okwudiliolisa,Male,37,UK,1,1
8959,Hughes,Male,52,USA,1,0
8960,Parrott,Male,26,UK,0,1
8961,Hughes,Female,26,UK,0,1
8962,Zinachukwudi,Male,44,USA,0,1
8963,Keane,Male,38,USA,1,0
8964,McCollum,Male,52,USA,0,0
8965,Simpson,Male,37,Canada,1,1
8966,Gambrell,Female,58,UK,1,1
8967,Moretti,Male,43,UK,0,0
8968,Ricci,Male,25,USA,1,1
8969,Rieke,Female,33,UK,1,1
8970,Ndubuagha,Female,51,USA,0,0
8971,Chung,Male,61,Canada,1,1
8972,Ts'ai,Male,40,USA,0,0
8973,Cox,Female,32,Canada,1,1
8974,Lei,Male,33,UK,1,1
8975,Ulyanova,Female,43,Canada,0,1
8976,Gray,Male,41,UK,1,1
8977,McGregor,Male,29,USA,0,1
8978,Tretiakova,Female,31,Canada,0,1
8979,Genovesi,Male,41,Canada,0,1
8980,Gordon,Male,35,USA,0,1
8981,Aitken,Female,35,UK,1,1
8982,Ginikanwa,Female,35,Canada,0,1
8983,Coates,Female,32,USA,0,0
8984,Piazza,Male,37,UK,0,1
8985,Cawood,Male,25,USA,0,1
8986,Ignatieff,Male,41,Canada,1,1
8987,Gallo,Male,43,Canada,1,1
8988,Yelverton,Male,36,Canada,1,0
8989,William,Male,37,USA,0,0
8990,Mault,Female,31,UK,0,1
8991,Mackay,Male,28,UK,1,1
8992,McIntyre,Female,42,UK,0,1
8993,Henry,Female,40,UK,0,0
8994,Kao,Female,35,USA,1,1
8995,Frewin,Female,43,USA,1,1
8996,Yefremova,Male,28,Canada,0,0
8997,Anenechukwu,Male,32,Canada,1,1
8998,Trentino,Female,33,USA,0,1
8999,Tomlinson,Female,38,UK,0,1
9000,Royston,Female,38,Canada,1,1
9001,Cremonesi,Male,37,USA,0,1
9002,Yeh,Male,32,Canada,1,1
9003,Ch'in,Male,36,USA,0,1
9004,Martinez,Male,33,USA,0,0
9005,Wearing,Male,33,Canada,0,1
9006,Maclean,Female,38,Canada,1,1
9007,T'ao,Male,20,Canada,0,1
9008,Rose,Male,31,USA,1,1
9009,Whitworth,Male,40,USA,1,0
9010,Suttor,Male,54,UK,1,0
9011,Hsing,Female,59,UK,0,0
9012,Boni,Male,42,USA,1,0
9013,Marshall,Male,41,USA,0,1
9014,Catchpole,Female,34,USA,0,0
9015,Tang,Male,60,Canada,1,0
9016,Siddons,Male,41,Canada,1,0
9017,Wan,Male,31,Canada,1,1
9018,Efimov,Female,40,UK,1,0
9019,Rose,Male,67,USA,1,1
9020,Fanucci,Male,34,USA,1,1
9021,Iweobiegbulam,Male,34,Canada,0,1
9022,Ijendu,Female,61,UK,1,1
9023,O'Sullivan,Male,23,USA,1,0
9024,Hutchinson,Male,28,USA,1,1
9025,Kwemto,Female,47,USA,1,0
9026,Chiu,Male,29,Canada,1,1
9027,Berry,Female,36,Canada,0,0
9028,Hung,Male,37,UK,1,0
9029,Mordvinova,Female,45,USA,0,1
9030,Bruno,Male,18,UK,0,1
9031,Arbour,Male,51,Canada,0,0
9032,Barese,Male,39,USA,0,1
9033,Hingston,Female,27,USA,0,0
9034,Davis,Male,34,UK,0,1
9035,Lawrence,Female,49,UK,1,1
9036,Chung,Male,45,USA,0,1
9037,Padovano,Female,36,USA,1,0
9038,Blinova,Male,41,UK,0,1
9039,Carter,Female,50,UK,0,0
9040,Webb,Female,44,Canada,1,1
9041,T'an,Female,38,UK,1,1
9042,Yates,Female,49,UK,0,1
9043,Su,Male,29,USA,0,0
9044,Christian,Male,39,UK,0,0
9045,Chiu,Male,47,Canada,0,0
9046,Sacco,Male,27,UK,0,1
9047,Lettiere,Female,23,UK,1,0
9048,Daluchi,Male,41,UK,0,1
9049,T'ien,Male,40,UK,0,1
9050,Hung,Female,33,USA,1,1
9051,Liu,Male,33,UK,0,0
9052,Feng,Female,31,UK,0,1
9053,Gilbert,Female,47,UK,0,1
9054,Robb,Female,35,USA,0,1
9055,Manfrin,Female,30,USA,1,0
9056,Chinwenma,Male,55,USA,1,1
9057,Smith,Female,46,UK,1,0
9058,Rowe,Female,33,USA,1,1
9059,Moran,Female,48,Canada,1,1
9060,Walker,Female,34,UK,1,0
9061,Myers,Female,33,USA,1,0
9062,Wall,Female,38,USA,1,1
9063,McKay,Male,64,Canada,0,1
9064,Egobudike,Male,39,USA,1,1
9065,Williams,Female,49,UK,1,1
9066,Ochoa,Female,30,USA,1,1
9067,Otutodilinna,Male,30,UK,1,1
9068,Ajuluchukwu,Male,41,UK,0,1
9069,Bellucci,Female,38,USA,0,1
9070,Gordon,Female,32,Canada,1,1
9071,Johnston,Male,26,Canada,0,1
9072,De Luca,Male,44,UK,0,1
9073,Hill,Male,43,USA,0,0
9074,Eluemuno,Female,60,UK,1,1
9075,Howarth,Female,41,USA,1,1
9076,Thomson,Male,40,USA,0,1
9077,King,Female,27,USA,1,0
9078,Grant,Female,36,USA,0,1
9079,Gilbert,Male,52,UK,1,1
9080,Richmond,Female,27,Canada,1,0
9081,Fiorentino,Female,81,USA,1,1
9082,Greece,Male,54,USA,1,0
9083,Dickson,Female,36,USA,0,1
9084,Henderson,Male,40,Canada,1,1
9085,Stevens,Female,47,Canada,0,1
9086,Mitchell,Female,42,USA,1,0
9087,Nworie,Female,29,Canada,0,1
9088,Boni,Male,35,USA,1,1
9089,Wentcher,Female,36,UK,1,1
9090,Bentley,Female,34,USA,1,1
9091,Hayes-Williams,Female,39,USA,0,1
9092,Johnstone,Female,40,USA,1,1
9093,Johnstone,Male,38,USA,1,0
9094,Nixon,Male,31,USA,0,1
9095,Trevisano,Female,32,UK,0,1
9096,Tsui,Female,38,UK,1,0
9097,Moss,Male,37,USA,0,1
9098,Graham,Male,43,USA,0,1
9099,Onyemauchechukwu,Female,32,UK,1,1
9100,Saunders,Male,29,USA,1,1
9101,Ko,Male,35,USA,1,1
9102,Cairns,Male,38,Canada,1,1
9103,Chiemela,Female,61,UK,1,0
9104,Robertson,Female,29,USA,0,1
9105,P'eng,Female,34,Canada,0,1
9106,Tseng,Male,31,USA,1,0
9107,Russell,Male,52,UK,0,1
9108,Yen,Male,38,Canada,1,0
9109,Yeh,Male,41,Canada,1,1
9110,Kalinina,Male,33,Canada,0,0
9111,Collier,Male,29,UK,0,1
9112,Thomas,Male,40,UK,1,1
9113,Shaw,Male,73,USA,1,1
9114,Francis,Female,29,UK,1,1
9115,George,Male,36,USA,0,1
9116,Ikenna,Female,36,UK,0,0
9117,Schatz,Male,62,USA,0,1
9118,Tao,Female,32,USA,0,0
9119,Scott,Male,23,Canada,1,1
9120,Sims,Female,40,Canada,1,1
9121,Chibugo,Male,58,Canada,1,0
9122,Ku,Female,40,USA,0,1
9123,Stanton,Female,29,USA,1,1
9124,Kung,Male,33,USA,0,0
9125,Gibson,Male,37,USA,0,0
9126,Iheanacho,Male,34,Canada,0,0
9127,Costa,Male,51,Canada,1,0
9128,Sal,Male,39,Canada,0,0
9129,Lin,Female,43,UK,0,1
9130,Ferri,Female,40,Canada,1,0
9131,Yin,Female,39,UK,1,1
9132,Avdeyeva,Female,27,USA,0,1
9133,Tu,Female,33,USA,0,1
9134,Donnelly,Male,36,Canada,1,1
9135,Loggia,Male,40,USA,1,1
9136,Chao,Female,49,Canada,0,1
9137,Belonwu,Male,20,USA,0,1
9138,Welch,Female,38,USA,0,1
9139,Henderson,Male,59,USA,0,0
9140,Yobanna,Female,29,USA,1,1
9141,Gallo,Female,21,USA,0,0
9142,Wilson,Female,43,UK,0,1
9143,Marino,Female,35,USA,0,1
9144,Bailey,Female,34,USA,0,0
9145,Gboliwe,Male,43,UK,1,1
9146,Chukwuhaenye,Male,45,Canada,0,0
9147,Bianchi,Male,40,UK,0,1
9148,Ford,Male,35,USA,0,0
9149,Rizzo,Male,37,USA,0,0
9150,Lung,Female,43,UK,0,1
9151,Ramirez,Male,28,USA,1,1
9152,Sabbatini,Male,49,USA,0,1
9153,Ts'ao,Female,23,UK,0,1
9154,Trevisan,Male,36,UK,0,1
9155,Chinwenma,Female,27,USA,0,1
9156,Berry,Female,39,Canada,0,1
9157,Colombo,Female,46,Canada,1,1
9158,Harris,Female,32,USA,1,0
9159,Bryan,Female,31,Canada,1,1
9160,Chigozie,Male,32,USA,0,0
9161,Mullawirraburka,Male,24,USA,1,1
9162,Steele,Male,40,USA,0,0
9163,Zakharov,Male,63,UK,1,1
9164,Ch'eng,Female,47,USA,1,1
9165,Berry,Male,36,Canada,0,1
9166,Jen,Female,46,UK,1,1
9167,Wang,Female,35,UK,1,1
9168,Chubb,Male,26,USA,0,1
9169,Chen,Female,43,USA,0,0
9170,Mazzanti,Female,45,USA,0,0
9171,T'ao,Male,30,USA,1,0
9172,Ndubueze,Female,54,USA,1,0
9173,Ferri,Male,39,USA,1,1
9174,Thornton,Male,43,Canada,1,0
9175,DeRose,Male,61,USA,1,1
9176,Montes,Female,38,USA,0,1
9177,Kwemto,Male,35,USA,0,1
9178,Lucchese,Female,28,UK,0,1
9179,Huggins,Female,39,UK,1,1
9180,Wade,Female,34,Canada,0,0
9181,Kenenna,Female,44,USA,0,1
9182,Wheeler,Male,47,USA,0,0
9183,Cartwright,Female,28,USA,0,1
9184,Iloerika,Male,42,USA,1,1
9185,Palermo,Female,56,Canada,0,1
9186,Nkemakolam,Male,35,USA,1,1
9187,Butler,Female,58,UK,1,0
9188,Calabresi,Male,38,USA,1,1
9189,Nkemdilim,Male,28,Canada,1,1
9190,Ch'iu,Male,32,UK,0,1
9191,Alexander,Female,46,USA,0,1
9192,Chiabuotu,Male,30,USA,0,1
9193,Vasilyeva,Male,58,Canada,1,1
9194,Schneider,Female,26,USA,0,1
9195,Mason,Male,40,USA,0,0
9196,Chukwukadibia,Male,29,UK,0,0
9197,Tsui,Female,37,Canada,0,1
9198,Banks,Male,34,USA,0,1
9199,Shih,Female,28,USA,1,1
9200,Tretiakova,Female,26,USA,0,1
9201,Barese,Female,30,USA,0,0
9202,Longo,Female,43,UK,0,1
9203,MacDonald,Male,31,USA,0,1
9204,Chambers,Male,51,Canada,0,0
9205,Cowen,Female,30,USA,0,1
9206,Iweobiegbunam,Male,31,USA,1,1
9207,Mai,Female,52,UK,0,0
9208,Yu,Female,52,USA,0,1
9209,Duffy,Female,44,USA,1,1
9210,Chiang,Male,24,USA,0,1
9211,Watts,Male,36,Canada,1,1
9212,Daly,Female,38,Canada,0,1
9213,Baker,Female,37,USA,1,1
9214,Uvarov,Female,40,USA,0,0
9215,Costa,Female,39,USA,1,1
9216,Genovesi,Female,37,UK,1,1
9217,Doherty,Male,30,USA,1,1
9218,Kaleski,Male,31,USA,1,1
9219,Wright,Female,48,UK,0,1
9220,Huang,Male,31,USA,0,1
9221,Trentino,Male,60,USA,0,1
9222,Chienezie,Female,37,UK,0,1
9223,Sugden,Male,28,USA,1,1
9224,Tu,Female,67,USA,1,1
9225,Onuchukwu,Male,39,USA,1,0
9226,Ugochukwutubelum,Female,32,UK,1,1
9227,Davidson,Male,27,USA,1,1
9228,Goddard,Female,31,USA,0,1
9229,Beck,Male,39,USA,1,1
9230,Beam,Female,35,UK,1,1
9231,Sheppard,Male,35,UK,1,1
9232,Godfrey,Male,38,USA,0,1
9233,Gray,Female,49,USA,1,1
9234,Hsiung,Female,31,USA,0,0
9235,Cameron,Male,49,UK,0,1
9236,Fleming,Male,27,USA,0,1
9237,Austin,Male,47,Canada,0,1
9238,Wallace,Male,40,UK,0,1
9239,Ku,Female,50,USA,0,1
9240,Fiorentino,Female,32,UK,1,1
9241,Buccho,Female,46,Canada,1,0
9242,Gordon,Male,35,USA,1,0
9243,Haworth,Male,32,UK,0,1
9244,Guidry,Male,37,Canada,1,1
9245,Lettiere,Female,25,UK,0,1
9246,Tai,Female,41,USA,0,1
9247,Chigozie,Male,20,USA,1,1
9248,Bezrukov,Male,29,Canada,0,1
9249,Chia,Male,34,Canada,0,1
9250,Sheppard,Female,39,Canada,1,0
9251,Vasilyev,Male,42,Canada,1,0
9252,Maxwell,Female,39,USA,0,1
9253,Maher,Female,31,USA,1,0
9254,Cocci,Male,49,Canada,1,1
9255,P'an,Male,32,USA,1,1
9256,Rapuluchukwu,Female,41,UK,0,1
9257,Azuka,Male,37,UK,0,1
9258,Esposito,Female,37,UK,1,1
9259,Hou,Male,20,USA,1,1
9260,Cyril,Female,40,USA,0,1
9261,Tomlinson,Female,39,UK,1,0
9262,Crawford,Female,61,USA,1,1
9263,Chikwado,Female,52,UK,1,0
9264,Hargreaves,Female,31,USA,1,1
9265,Laidley,Male,60,Canada,1,1
9266,Ferguson,Female,38,USA,0,0
9267,Burns,Female,38,USA,0,1
9268,McNeill,Male,32,USA,1,1
9269,Chukwuebuka,Male,29,Canada,1,1
9270,Shen,Male,35,USA,1,1
9271,Diaz,Female,21,USA,1,1
9272,Kentish,Female,47,Canada,1,1
9273,Persse,Male,42,USA,0,1
9274,Okwukwe,Male,31,USA,1,1
9275,Watt,Female,33,Canada,1,0
9276,Carslaw,Male,42,UK,1,1
9277,Griffin,Male,54,USA,0,1
9278,Hsia,Male,29,USA,1,1
9279,Fyodorova,Male,35,USA,0,0
9280,Chukwujekwu,Male,62,USA,1,0
9281,Townsend,Female,45,USA,1,0
9282,Marsh,Female,31,USA,1,1
9283,Hayes,Male,34,Canada,0,1
9284,Padovano,Female,27,USA,0,1
9285,Ma,Male,61,USA,1,0
9286,Ham,Female,48,Canada,0,0
9287,Paten,Female,29,UK,1,1
9288,Cawthorne,Female,32,USA,1,0
9289,Herbert,Female,36,UK,0,1
9290,Jen,Female,31,USA,1,1
9291,Saunders,Male,33,USA,1,1
9292,Esquivel,Male,36,USA,1,1
9293,Chao,Female,74,UK,1,1
9294,Eluemuno,Female,38,UK,0,1
9295,Sidorova,Male,36,USA,1,1
9296,Pirogova,Female,45,UK,1,1
9297,Benson,Female,56,UK,1,1
9298,Santana,Male,30,USA,0,0
9299,Williamson,Male,27,UK,0,0
9300,North,Male,26,USA,0,1
9301,Davies,Male,41,UK,0,1
9302,Siciliano,Female,43,Canada,0,0
9303,Mironov,Male,36,USA,1,1
9304,Amechi,Female,38,Canada,0,0
9305,Toscano,Male,40,USA,0,0
9306,Su,Female,39,USA,0,1
9307,Chukwuemeka,Male,37,USA,1,0
9308,P'eng,Male,40,USA,1,1
9309,Lombardo,Male,27,USA,1,0
9310,Lombardi,Male,83,UK,1,0
9311,Butler,Male,47,Canada,1,1
9312,Dean,Male,50,UK,0,1
9313,Piccio,Male,40,UK,0,1
9314,Bradley,Female,37,UK,0,0
9315,Cameron,Female,51,UK,1,1
9316,Chan,Male,42,USA,0,1
9317,Lettiere,Male,49,UK,0,1
9318,Mironova,Male,42,USA,0,1
9319,Tsui,Female,69,Canada,1,0
9320,Okoli,Female,27,USA,1,1
9321,Berry,Male,31,USA,1,1
9322,Ruse,Male,61,Canada,0,1
9323,Bogolyubov,Female,35,USA,0,1
9324,Kennedy,Male,50,USA,0,1
9325,Bolton,Male,71,UK,1,1
9326,Chuang,Female,41,Canada,1,1
9327,Greco,Male,35,UK,1,0
9328,Ma,Female,40,Canada,1,1
9329,Nucci,Female,35,UK,0,1
9330,Yao,Male,35,Canada,1,1
9331,Palfreyman,Male,34,USA,1,1
9332,Webster,Male,19,UK,1,1
9333,Cardell,Female,62,UK,0,1
9334,Bianchi,Female,78,USA,1,1
9335,Somadina,Male,25,Canada,1,1
9336,Mellor,Male,50,UK,0,1
9337,Tomlinson,Male,49,USA,0,1
9338,Pai,Female,47,UK,1,1
9339,Lennox,Male,58,UK,1,1
9340,Meldrum,Male,29,Canada,1,1
9341,Watson,Male,45,USA,0,1
9342,Findlay,Male,29,USA,1,1
9343,Su,Female,28,USA,0,1
9344,Davidson,Female,43,UK,0,1
9345,Barrett,Female,28,USA,0,1
9346,Miah,Male,50,USA,1,1
9347,Chamberlain,Male,41,USA,1,1
9348,Vidal,Female,36,Canada,1,1
9349,Lung,Female,34,USA,0,0
9350,Tretyakova,Male,43,USA,0,0
9351,Montgomery,Male,42,Canada,1,0
9352,Golubev,Male,63,UK,1,1
9353,Han,Male,40,USA,0,1
9354,Pan,Male,37,Canada,1,1
9355,Carroll,Male,43,USA,1,1
9356,Hawkins,Female,40,Canada,0,1
9357,Loggia,Male,42,USA,0,1
9358,Chesnokova,Female,46,USA,1,1
9359,Chambers,Female,29,USA,1,1
9360,Fleming,Male,43,UK,0,1
9361,Veale,Male,39,UK,1,0
9362,Browne,Male,45,UK,1,1
9363,Parsons,Male,35,USA,1,1
9364,Bailey,Male,35,Canada,1,1
9365,Ferrari,Female,49,USA,0,1
9366,Genovese,Male,29,USA,1,1
9367,McIntyre,Female,36,USA,0,1
9368,Warner,Female,40,USA,0,1
9369,Gordon,Male,28,USA,0,1
9370,McMillan,Female,39,Canada,1,1
9371,Cheng,Male,43,USA,0,0
9372,Akhtar,Male,31,USA,1,1
9373,Iadanza,Male,30,USA,1,0
9374,Abernathy,Female,36,Canada,0,1
9375,Watson,Female,32,Canada,1,1
9376,Shen,Male,48,UK,0,1
9377,Kershaw,Female,47,USA,0,0
9378,Reed,Female,26,USA,0,1
9379,Mitchell,Female,35,Canada,0,1
9380,Webb,Female,26,Canada,1,1
9381,Vanzetti,Male,70,USA,1,0
9382,Nnanna,Male,45,Canada,1,1
9383,Campbell,Female,38,USA,1,1
9384,Capon,Female,23,USA,1,0
9385,Otutodilichukwu,Female,57,USA,0,0
9386,Boone,Male,44,UK,1,1
9387,McIntyre,Female,33,UK,0,1
9388,Zhdanov,Male,32,USA,0,0
9389,Nagy,Male,39,Canada,1,1
9390,Lombardo,Female,32,USA,1,1
9391,Simpson,Female,37,UK,1,1
9392,Herbert,Male,61,Canada,1,1
9393,Lehr,Female,39,Canada,0,1
9394,Chou,Male,43,UK,0,1
9395,Upchurch,Female,35,UK,1,1
9396,Ugorji,Male,52,UK,1,0
9397,Palerma,Female,40,Canada,0,1
9398,Coles,Female,52,USA,1,0
9399,Hsueh,Female,34,USA,1,1
9400,Tu,Male,39,USA,1,1
9401,Kuo,Female,31,USA,0,0
9402,Woodhouse,Female,46,UK,0,0
9403,Tretiakova,Male,69,UK,1,1
9404,Gibson,Female,36,USA,0,1
9405,Moss,Female,43,Canada,0,0
9406,Chineze,Male,36,USA,1,1
9407,Davidson,Male,31,USA,1,1
9408,Liang,Female,27,Canada,1,0
9409,Graham,Male,55,USA,0,1
9410,Nwebube,Male,34,Canada,1,0
9411,Sozonov,Female,46,UK,0,1
9412,Forbes,Female,40,UK,0,1
9413,Chikezie,Male,26,USA,0,0
9414,Onwuemelie,Female,44,USA,0,1
9415,Toth,Female,53,Canada,0,1
9416,Hunt,Female,43,UK,0,0
9417,Mazure,Male,37,UK,0,1
9418,Hughes,Female,33,Canada,0,1
9419,Bennett,Female,27,Canada,1,1
9420,Tien,Male,26,UK,1,1
9421,Kay,Female,28,USA,1,0
9422,Bryan,Male,34,USA,0,1
9423,Ingamells,Male,33,USA,0,1
9424,Milne,Female,28,Canada,0,1
9425,Lombardo,Female,40,USA,1,1
9426,Owens,Female,72,Canada,1,1
9427,Charlton,Female,53,Canada,0,0
9428,Overby,Female,39,Canada,0,0
9429,Chifley,Female,70,USA,1,1
9430,Oliver,Female,32,USA,1,1
9431,Hill,Male,33,USA,1,1
9432,DeRose,Female,24,Canada,1,0
9433,Chuang,Female,28,UK,1,1
9434,Edwards,Male,39,USA,1,1
9435,Rodriguez,Female,34,Canada,0,0
9436,Lo,Male,38,UK,1,1
9437,Powell,Male,38,USA,0,1
9438,Chu,Female,27,USA,1,1
9439,Munro,Male,63,UK,0,0
9440,Onwumelu,Female,31,USA,1,1
9441,Siciliani,Male,27,Canada,0,0
9442,Yobachi,Female,33,USA,0,1
9443,Akabueze,Male,37,USA,1,1
9444,Chiemenam,Male,54,UK,1,1
9445,Odinakachukwu,Male,41,UK,1,1
9446,Reilly,Female,28,Canada,0,1
9447,Forbes,Male,30,USA,1,0
9448,Amadi,Female,41,USA,1,0
9449,Ferri,Male,35,UK,0,1
9450,Y?an,Male,28,UK,1,1
9451,Williamson,Male,33,UK,0,1
9452,Briggs,Male,29,Canada,0,1
9453,Napolitani,Male,27,USA,0,1
9454,Carpenter,Male,27,USA,1,1
9455,Lin,Male,52,USA,1,1
9456,Robinson,Female,55,Canada,1,1
9457,Collins,Male,39,USA,0,1
9458,Kingsley,Male,28,USA,1,1
9459,Harvey,Male,36,USA,0,1
9460,Obiora,Female,47,USA,0,1
9461,Knight,Male,35,Canada,1,1
9462,Hung,Male,40,USA,1,0
9463,Curtis,Female,46,Canada,0,1
9464,Perez,Male,24,USA,1,0
9465,Gosnell,Male,39,USA,0,1
9466,Fang,Female,56,USA,1,1
9467,Clarke,Male,52,USA,0,1
9468,Milanesi,Male,36,Canada,0,1
9469,Chia,Female,45,UK,0,1
9470,Gearhart,Female,25,USA,1,1
9471,McLean,Female,28,UK,1,1
9472,Williamson,Male,22,USA,1,1
9473,Murphy,Female,74,UK,1,1
9474,Angelo,Male,45,Canada,0,0
9475,Thomson,Male,51,USA,1,1
9476,Murray,Male,46,USA,0,1
9477,Kirby,Female,48,UK,0,1
9478,Lane,Female,41,USA,0,0
9479,Bergamaschi,Female,53,UK,0,1
9480,Yang,Male,35,Canada,0,0
9481,Mills,Female,33,USA,0,1
9482,Chidubem,Male,35,Canada,0,1
9483,Findlay,Male,40,USA,0,1
9484,Wood,Female,36,USA,1,0
9485,Boyle,Male,30,UK,1,0
9486,Toscano,Male,37,Canada,0,1
9487,Seccombe,Male,32,USA,1,1
9488,Uspenskaya,Female,32,Canada,1,1
9489,McKenzie,Male,32,Canada,1,1
9490,Liang,Female,33,USA,1,1
9491,Yermakova,Male,80,USA,1,1
9492,White,Female,35,USA,1,1
9493,Rounsevell,Female,48,UK,0,1
9494,Ts'ai,Female,36,USA,1,1
9495,Stoneman,Male,43,UK,1,0
9496,Yao,Male,33,USA,0,1
9497,Chukwukere,Male,37,USA,0,1
9498,Ifeatu,Female,25,USA,1,0
9499,Millar,Female,52,USA,1,1
9500,Igwebuike,Female,25,UK,0,1
9501,Obidimkpa,Female,27,Canada,1,1
9502,Hou,Male,18,UK,1,1
9503,Moody,Male,29,Canada,1,1
9504,Keldie,Female,48,USA,1,0
9505,Liu,Female,44,USA,0,1
9506,Ts'ao,Male,28,USA,1,1
9507,Walker,Male,69,USA,1,0
9508,Defalco,Male,41,USA,1,1
9509,Lo Duca,Male,26,Canada,1,1
9510,Hyde,Male,29,USA,0,1
9511,Kanayochukwu,Female,26,USA,1,0
9512,Yen,Male,33,USA,0,1
9513,Ts'ui,Male,45,USA,1,1
9514,Tillman,Male,48,USA,1,0
9515,Riley,Female,28,USA,1,1
9516,Tu,Male,38,Canada,1,1
9517,Ruiz,Female,32,USA,1,1
9518,Goliwe,Male,37,UK,1,1
9519,Balashov,Male,44,UK,1,1
9520,Leonard,Female,27,USA,0,1
9521,Onyekaozulu,Female,18,UK,0,1
9522,Carpenter,Female,40,Canada,0,1
9523,Beede,Male,35,USA,1,1
9524,Beneventi,Female,32,USA,0,1
9525,Sadlier,Male,38,UK,0,1
9526,Lewis,Female,46,USA,0,1
9527,Chiazagomekpele,Male,18,UK,1,0
9528,Elliott,Female,40,USA,1,1
9529,Liang,Male,34,USA,0,1
9530,She,Female,41,USA,1,1
9531,Bozeman,Male,41,USA,0,0
9532,Yu,Female,60,USA,1,1
9533,Teng,Male,29,USA,1,1
9534,Davide,Female,45,UK,0,1
9535,Beneventi,Male,52,Canada,0,1
9536,Yobachukwu,Male,41,Canada,1,1
9537,Douglas,Female,42,UK,0,1
9538,Egobudike,Male,40,USA,0,1
9539,Shelby,Male,29,USA,0,1
9540,Golubov,Male,29,USA,1,1
9541,Williamson,Male,46,UK,0,1
9542,Fan,Male,38,USA,1,1
9543,Nwebube,Male,37,Canada,1,1
9544,Bellucci,Female,35,USA,1,0
9545,Udinese,Female,37,UK,0,1
9546,Marian,Male,57,Canada,1,1
9547,Chizoba,Male,29,USA,1,1
9548,McFarland,Female,34,USA,1,1
9549,McDonald,Male,43,USA,0,1
9550,Chiemezie,Male,36,Canada,0,1
9551,Fane,Female,40,USA,1,1
9552,Marchesi,Male,31,UK,0,1
9553,Scott,Female,41,USA,1,1
9554,H?,Male,38,USA,0,1
9555,Craig,Female,29,USA,0,1
9556,Chikelu,Female,72,UK,0,1
9557,Caffyn,Male,34,UK,0,0
9558,Otitodilichukwu,Male,67,UK,1,1
9559,Green,Male,46,Canada,0,1
9560,Y?an,Female,39,Canada,1,1
9561,Mao,Male,41,USA,1,1
9562,Dahlenburg,Male,36,UK,0,1
9563,Shih,Male,39,USA,1,1
9564,Maclean,Male,28,USA,1,0
9565,Fiorentino,Male,42,Canada,1,0
9566,Long,Female,38,USA,1,1
9567,Olson,Male,37,USA,0,1
9568,McKenzie,Male,29,USA,0,1
9569,Rossi,Male,33,USA,0,0
9570,Power,Female,30,Canada,0,1
9571,Yen,Male,35,USA,1,1
9572,Norris,Female,41,Canada,0,1
9573,Collier,Male,18,Canada,1,0
9574,Rivers,Male,35,UK,1,1
9575,Hudson,Male,37,Canada,0,1
9576,Milani,Female,30,USA,0,0
9577,Hunt,Female,42,UK,0,1
9578,Oluchukwu,Female,52,UK,0,1
9579,Lorenzo,Male,34,USA,1,0
9580,Chidiegwu,Male,45,UK,1,1
9581,Warren,Male,38,USA,0,1
9582,Glover,Female,28,USA,1,1
9583,Andersen,Male,62,USA,1,1
9584,Arcuri,Male,34,Canada,0,1
9585,Mackinlay,Male,41,UK,1,1
9586,McCarthy,Female,35,Canada,1,1
9587,Chiu,Female,20,USA,1,0
9588,Norriss,Female,76,UK,0,1
9589,Moore,Male,42,UK,0,1
9590,Mott,Male,71,USA,1,1
9591,Ts'ai,Male,34,UK,1,1
9592,Fokina,Male,40,Canada,0,1
9593,Nikitina,Female,28,UK,0,0
9594,Henry,Female,67,USA,1,0
9595,Chiefo,Male,55,USA,1,1
9596,Mao,Male,61,USA,1,1
9597,Bezrukova,Male,37,USA,0,1
9598,Dodd,Male,26,USA,1,1
9599,Lori,Male,35,USA,0,0
9600,Yudina,Female,32,UK,1,0
9601,Conti,Female,55,UK,1,0
9602,Volkova,Female,33,USA,0,1
9603,Boni,Female,59,UK,0,0
9604,Ritchie,Male,39,USA,1,0
9605,McMillan,Male,31,USA,1,1
9606,Phillips,Female,29,USA,0,0
9607,Lombardi,Male,44,USA,0,0
9608,Ireland,Male,28,USA,1,1
9609,Boan,Male,44,Canada,0,1
9610,Shao,Female,35,USA,0,1
9611,Chiemenam,Male,40,USA,1,0
9612,Hunter,Male,37,Canada,0,1
9613,McKay,Male,36,USA,0,1
9614,Roberts,Male,33,USA,0,0
9615,Aitken,Female,37,USA,1,0
9616,Chao,Female,47,Canada,0,1
9617,Bruce,Male,35,Canada,0,0
9618,Chan,Female,35,UK,0,1
9619,Watts,Female,24,USA,1,1
9620,Gibbons,Male,35,UK,1,1
9621,Ni,Male,37,Canada,1,0
9622,Jen,Female,33,UK,0,0
9623,Phillips,Male,31,USA,0,1
9624,Amaechi,Female,47,USA,0,1
9625,Maslow,Female,40,USA,1,1
9626,Rowley,Female,44,UK,1,1
9627,Chukwuemeka,Male,27,Canada,1,0
9628,Bevan,Male,31,Canada,0,1
9629,Topp,Female,22,USA,1,1
9630,Burgoyne,Male,44,Canada,1,0
9631,Yermakov,Male,31,USA,1,1
9632,Ts'ui,Female,37,USA,0,1
9633,Kodilinyechukwu,Female,34,UK,0,1
9634,K?,Female,31,USA,0,1
9635,Marino,Male,27,USA,0,1
9636,Lucas,Female,49,USA,0,0
9637,Anderson,Female,40,UK,1,1
9638,Wei,Female,31,USA,1,1
9639,Baldwin,Female,50,UK,1,0
9640,Foster,Female,32,Canada,1,1
9641,Gebhart,Female,35,USA,0,1
9642,Fedorov,Male,34,USA,1,1
9643,Robertson,Male,38,Canada,0,1
9644,Tudawali,Female,41,USA,1,1
9645,Iloerika,Female,35,USA,1,1
9646,Onyemauchechukwu,Female,31,USA,0,0
9647,Muir,Male,71,Canada,0,1
9648,Walker,Male,31,USA,1,0
9649,Charlton,Female,40,UK,0,0
9650,Tseng,Female,38,USA,1,1
9651,Ifeatu,Male,33,Canada,0,1
9652,Chin,Male,33,USA,0,1
9653,Blinova,Female,40,USA,0,1
9654,Maconochie,Male,58,UK,1,1
9655,Ch'in,Male,34,Canada,0,0
9656,Nicholson,Female,40,USA,0,1
9657,Burgess,Male,32,UK,1,0
9658,Young,Male,32,USA,1,1
9659,Plumb,Female,39,USA,1,1
9660,Trentino,Male,42,UK,1,1
9661,Allen,Female,30,USA,0,1
9662,Benford,Female,39,USA,0,0
9663,Gallo,Male,39,Canada,1,1
9664,Cobb,Male,40,UK,1,0
9665,Doherty,Male,30,UK,0,1
9666,Cocci,Male,30,USA,1,1
9667,Macadam,Male,35,Canada,0,1
9668,Tychonoff,Male,37,USA,1,0
9669,Johnson,Male,34,Canada,1,1
9670,Tu,Male,37,USA,0,1
9671,Chidiebere,Female,32,USA,0,1
9672,Pope,Male,78,UK,1,1
9673,Sutherland,Male,28,UK,1,1
9674,Beneventi,Male,62,USA,0,0
9675,Jamieson,Male,31,USA,1,1
9676,Simmons,Male,39,Canada,0,1
9677,Chijioke,Female,34,USA,1,1
9678,Iloerika,Male,33,UK,1,0
9679,Chia,Male,29,Canada,0,0
9680,Nwachinemelu,Male,19,USA,0,1
9681,Becher,Male,36,USA,0,1
9682,Romano,Female,63,Canada,1,1
9683,Walker,Female,39,UK,0,1
9684,Chiawuotu,Male,32,USA,1,0
9685,Watt,Male,33,USA,0,1
9686,Udegbunam,Male,45,USA,0,0
9687,Watson,Male,63,USA,1,1
9688,Bryant,Female,31,USA,0,1
9689,Ward,Male,68,USA,1,1
9690,Urban,Female,57,USA,0,1
9691,Sutherland,Female,34,USA,1,0
9692,K'ung,Male,42,USA,1,1
9693,Iweobiegbunam,Male,52,Canada,0,1
9694,Wei,Female,51,UK,0,0
9695,Lascelles,Male,25,USA,0,1
9696,Ts'ao,Male,37,UK,1,0
9697,Mack,Male,32,USA,1,1
9698,Campbell,Male,51,UK,0,0
9699,Fiorentini,Male,49,USA,0,0
9700,Long,Female,23,USA,0,1
9701,Lloyd,Female,36,Canada,1,1
9702,Sneddon,Male,38,Canada,0,1
9703,Gorshkov,Female,31,Canada,1,1
9704,Forbes,Female,43,UK,1,1
9705,L?,Male,22,USA,0,1
9706,Hopetoun,Male,36,Canada,1,0
9707,Lucchesi,Female,30,USA,0,1
9708,Faria,Female,41,USA,1,1
9709,Yefremov,Female,22,UK,0,0
9710,Genovesi,Female,57,USA,1,1
9711,Marquez,Female,37,UK,0,0
9712,Trevisani,Male,41,UK,1,0
9713,Tung,Male,32,USA,1,1
9714,Barnhill,Male,40,USA,1,1
9715,Marshall,Female,56,Canada,1,1
9716,Bednall,Female,34,Canada,0,1
9717,Pan,Male,39,UK,1,1
9718,Ogg,Male,30,Canada,1,0
9719,T'ang,Male,62,Canada,0,1
9720,Baresi,Female,47,UK,0,0
9721,Obiajulu,Female,40,USA,0,1
9722,McGregor,Female,38,USA,1,1
9723,Lung,Female,36,USA,1,1
9724,Jamieson,Male,32,USA,0,0
9725,Pinto,Male,41,USA,1,1
9726,Fallaci,Female,36,USA,0,1
9727,Goliwe,Male,43,Canada,1,1
9728,Ferri,Female,45,USA,1,0
9729,Rowley,Female,43,UK,1,0
9730,Tretiakova,Male,23,USA,1,1
9731,She,Male,38,UK,1,0
9732,Nebeolisa,Male,29,UK,0,1
9733,Young,Male,39,Canada,1,0
9734,Fitzgerald,Male,64,USA,1,1
9735,Arnold,Male,70,UK,1,1
9736,Chidimma,Female,32,USA,1,1
9737,Wells,Male,78,Canada,1,0
9738,Calzada,Male,22,Canada,0,1
9739,Black,Male,37,USA,0,0
9740,Sopuluchukwu,Female,25,USA,0,1
9741,Ts'ao,Female,29,UK,0,1
9742,Ukaegbunam,Male,35,USA,0,1
9743,Wood,Male,45,USA,1,1
9744,Furneaux,Male,32,UK,1,0
9745,Gresswell,Male,46,UK,1,1
9746,Ch'in,Male,36,USA,1,1
9747,Ma,Female,41,UK,1,1
9748,Iweobiegbunam,Female,69,UK,0,0
9749,Marcelo,Male,24,UK,0,1
9750,Azubuike,Female,35,USA,1,1
9751,Stewart,Female,51,USA,1,1
9752,Yen,Male,59,USA,1,0
9753,Hsieh,Male,21,USA,1,1
9754,Chiedozie,Male,68,UK,1,1
9755,Shih,Male,40,Canada,1,1
9756,Amechi,Male,36,UK,1,1
9757,Ko,Female,43,Canada,1,1
9758,Chimezie,Male,35,USA,1,1
9759,Azubuike,Female,43,UK,1,1
9760,Aguirre,Female,27,USA,0,1
9761,Lung,Male,31,USA,0,0
9762,Adams,Female,60,UK,1,1
9763,Castiglione,Male,21,UK,0,1
9764,Yao,Male,27,USA,0,1
9765,Morales,Male,40,USA,0,0
9766,Thomas,Male,64,USA,1,0
9767,Vasiliev,Male,39,UK,0,1
9768,Chukwueloka,Male,33,USA,1,1
9769,Ko,Male,54,UK,1,0
9770,Atkins,Male,44,USA,0,0
9771,Moffitt,Male,49,USA,0,1
9772,Panicucci,Male,39,Canada,1,1
9773,Akobundu,Male,30,UK,1,1
9774,Chiu,Male,36,USA,1,1
9775,Tsui,Male,42,USA,0,0
9776,Yobanna,Female,26,USA,0,1
9777,Hollis,Male,29,USA,1,1
9778,Cattaneo,Female,39,USA,1,1
9779,Lung,Female,43,USA,0,1
9780,Angelo,Male,40,Canada,0,1
9781,Folliero,Female,40,UK,1,1
9782,Bryant,Female,48,USA,1,1
9783,Weigel,Male,18,USA,0,1
9784,Ajuluchukwu,Female,49,UK,0,1
9785,Zhirov,Male,39,USA,0,1
9786,Cox,Female,27,USA,0,0
9787,Chimaraoke,Male,34,UK,1,1
9788,Genovese,Male,32,USA,1,0
9789,Ohearn,Female,28,USA,0,1
9790,Munroe,Female,45,USA,1,1
9791,Morrison,Female,39,Canada,1,1
9792,Parkhill,Female,35,UK,0,1
9793,Y?,Female,28,Canada,1,1
9794,Hilton,Female,42,UK,0,1
9795,Thompson,Male,23,Canada,0,0
9796,Yobanna,Male,43,USA,0,1
9797,Thorpe,Male,22,UK,1,1
9798,Harvey,Male,40,Canada,1,1
9799,Robinson,Male,30,UK,1,1
9800,Manna,Male,46,USA,0,1
9801,Li,Female,35,Canada,1,1
9802,Hancock,Female,30,Canada,1,1
9803,Hao,Male,40,USA,0,1
9804,Nicholls,Male,31,USA,1,0
9805,Folliero,Female,36,USA,1,1
9806,Trumbull,Male,33,USA,1,0
9807,Medvedeva,Male,35,Canada,1,1
9808,Crist,Female,36,USA,1,0
9809,Middleton,Female,39,USA,0,0
9810,Watts,Female,39,USA,0,1
9811,Udinese,Male,27,Canada,0,1
9812,Tretiakov,Female,31,UK,1,1
9813,O'Kane,Female,31,UK,0,1
9814,Vasilyeva,Female,29,Canada,1,1
9815,Wei,Male,36,USA,0,0
9816,Chinonyelum,Male,34,USA,1,1
9817,Chin,Male,48,Canada,0,1
9818,Lorimer,Female,30,Canada,1,0
9819,Yeh,Male,31,USA,0,1
9820,Duffy,Male,51,UK,0,1
9821,Onyekachukwu,Female,45,UK,0,0
9822,Banks,Male,28,Canada,0,1
9823,Hughes,Male,39,UK,1,0
9824,Lai,Female,26,USA,0,1
9825,Matthews,Male,26,UK,0,1
9826,Bell,Male,28,UK,0,1
9827,Tu,Female,40,Canada,0,1
9828,Hsia,Male,33,Canada,1,0
9829,Cheng,Male,39,USA,1,1
9830,Cheng,Male,38,USA,1,0
9831,Lin,Male,32,USA,0,1
9832,Higgins,Female,48,UK,1,1
9833,Chukwujekwu,Female,64,UK,1,1
9834,McKay,Female,41,UK,0,1
9835,Vincent,Female,46,USA,1,0
9836,Ubanwa,Male,31,USA,0,1
9837,Ch'ien,Male,39,USA,1,1
9838,T'ien,Male,38,USA,1,1
9839,Ricci,Male,39,UK,0,0
9840,McDowell,Male,41,USA,1,1
9841,Maclean,Male,26,Canada,1,0
9842,Manna,Female,46,UK,1,1
9843,Jibunoh,Male,30,Canada,1,1
9844,Fan,Male,24,UK,1,1
9845,Hsieh,Female,40,USA,1,1
9846,Parsons,Female,38,Canada,1,1
9847,Udinese,Male,25,Canada,1,1
9848,Root,Female,34,USA,0,1
9849,Chiemezie,Female,38,Canada,1,1
9850,Toscani,Female,34,USA,1,1
9851,Obidimkpa,Male,26,USA,0,0
9852,Degtyaryov,Male,28,UK,0,1
9853,Maclean,Male,43,Canada,0,0
9854,Giordano,Male,37,Canada,0,1
9855,Saad,Female,37,Canada,1,1
9856,Lord,Male,24,Canada,1,1
9857,Hope,Female,32,UK,0,1
9858,K?,Male,39,USA,1,1
9859,Bull,Male,40,UK,0,1
9860,Adams,Male,55,UK,1,1
9861,Brookes,Female,30,USA,1,1
9862,Victor,Male,38,USA,1,1
9863,Giles,Male,27,USA,1,1
9864,Ferrari,Female,43,UK,1,1
9865,Milne,Male,33,UK,1,1
9866,Parry,Male,49,USA,0,1
9867,Allan,Male,24,USA,0,0
9868,Warren,Male,32,USA,1,1
9869,Rowntree,Female,43,USA,0,1
9870,Andrejew,Male,38,USA,0,1
9871,Corby,Male,40,Canada,1,1
9872,Kennedy,Female,34,USA,1,1
9873,Young,Male,37,Canada,1,0
9874,Poole,Female,33,UK,1,1
9875,Fletcher,Male,44,USA,0,1
9876,Tsao,Male,39,USA,1,0
9877,Gilroy,Male,36,Canada,0,1
9878,Onwuamaeze,Female,33,UK,0,1
9879,Manna,Female,43,Canada,1,0
9880,Pisano,Male,62,UK,0,1
9881,Thorpe,Male,42,UK,0,1
9882,Dwyer,Female,40,Canada,0,1
9883,Okeke,Male,50,USA,1,1
9884,Zito,Male,41,USA,0,1
9885,Sergeyeva,Female,48,USA,1,0
9886,Fang,Male,33,USA,1,1
9887,Flannagan,Male,31,Canada,0,1
9888,Mao,Male,24,Canada,1,1
9889,Sturdee,Female,21,USA,0,0
9890,Azikiwe,Female,32,Canada,1,1
9891,Chidi,Male,37,Canada,0,1
9892,Hull,Male,49,USA,0,1
9893,Shah,Male,40,Canada,1,0
9894,Morgan,Female,40,USA,0,1
9895,Vagin,Female,77,USA,1,1
9896,Bruno,Female,56,UK,1,1
9897,Osinachi,Female,40,USA,1,1
9898,Ho,Female,61,Canada,1,1
9899,Tsui,Male,38,USA,0,1
9900,Gordon,Female,28,Canada,1,1
9901,Duncan,Male,39,UK,1,0
9902,Hu,Female,56,UK,1,1
9903,Docherty,Female,27,USA,0,1
9904,Brookes,Female,36,USA,1,0
9905,Angelo,Female,36,Canada,1,1
9906,Emenike,Male,41,UK,0,1
9907,Pugh,Female,38,USA,1,1
9908,McKenzie,Female,28,USA,0,1
9909,Mach,Male,45,UK,0,0
9910,Endrizzi,Male,58,USA,1,1
9911,L?,Male,55,USA,1,1
9912,MacPherson,Male,44,USA,0,0
9913,Michael,Female,34,Canada,1,1
9914,Chiedozie,Female,44,USA,1,0
9915,Hughes,Female,34,USA,0,1
9916,Taylor,Male,41,Canada,1,0
9917,Evdokimov,Female,44,Canada,1,1
9918,Davis,Male,53,UK,1,0
9919,Ubanwa,Male,31,Canada,0,0
9920,Murray,Male,26,USA,0,1
9921,Smith,Female,49,USA,1,0
9922,Evseev,Male,36,UK,0,0
9923,Mitchell,Male,36,USA,0,1
9924,Ni,Female,29,USA,1,1
9925,Palerma,Female,50,UK,1,1
9926,Yuan,Female,38,USA,1,1
9927,Knight,Male,36,USA,1,1
9928,Rapuokwu,Female,31,USA,0,1
9929,Wan,Male,38,USA,0,1
9930,Artamonova,Male,38,UK,1,1
9931,Rossi,Male,40,UK,1,0
9932,Greco,Female,34,USA,0,1
9933,Fleetwood-Smith,Male,18,Canada,1,1
9934,Butusov,Female,46,USA,0,0
9935,West,Female,43,UK,1,1
9936,Sanders,Male,28,UK,1,0
9937,Parks,Male,77,USA,1,0
9938,Edith,Female,42,USA,1,1
9939,Korovin,Female,36,Canada,0,0
9940,Lajoie,Female,57,Canada,1,1
9941,Bergamaschi,Female,20,USA,0,0
9942,T'ien,Male,36,Canada,1,0
9943,Torode,Female,25,UK,0,1
9944,Fu,Male,23,Canada,1,1
9945,Cameron,Male,41,UK,1,1
9946,Cattaneo,Male,44,USA,1,0
9947,James,Female,33,USA,1,0
9948,Abramovich,Male,34,USA,1,1
9949,Onwughara,Female,53,UK,1,1
9950,Wan,Female,47,USA,0,1
9951,Salinas,Female,39,UK,1,1
9952,Ho,Male,46,Canada,1,1
9953,Cleveland,Male,37,UK,0,1
9954,Burke,Male,47,USA,1,1
9955,Trentino,Male,45,USA,1,0
9956,Kashiwagi,Male,29,Canada,1,1
9957,Nucci,Female,46,USA,0,1
9958,Oluchi,Male,25,USA,0,1
9959,Ts'ui,Male,37,USA,1,1
9960,Graham,Male,38,Canada,0,1
9961,Lucciano,Female,33,UK,1,1
9962,Aldridge,Male,44,Canada,0,1
9963,Flynn,Male,44,Canada,0,0
9964,Scott,Male,33,UK,0,1
9965,Douglas,Male,34,USA,0,0
9966,Shao,Female,33,UK,0,0
9967,Ch'en,Male,35,Canada,1,1
9968,Pugliesi,Male,48,USA,1,1
9969,McGregor,Female,40,UK,0,0
9970,Hou,Male,41,USA,1,0
9971,Thompson,Male,42,USA,0,1
9972,Chou,Female,34,USA,0,0
9973,Ch'in,Male,26,USA,0,1
9974,Miller,Male,27,USA,1,1
9975,Barker,Male,33,USA,0,1
9976,Smith,Male,50,UK,0,1
9977,Azikiwe,Female,33,USA,0,1
9978,Mancini,Female,32,USA,1,1
9979,P'eng,Male,40,USA,0,1
9980,Diribe,Female,58,USA,1,0
9981,T'ao,Male,35,Canada,0,0
9982,Burbidge,Male,42,UK,1,1
9983,Griffin,Female,46,UK,0,1
9984,Cocci,Male,40,USA,0,0
9985,Echezonachukwu,Male,35,UK,1,1
9986,Nepean,Male,36,USA,0,1
9987,Bartlett,Male,47,UK,1,0
9988,Mancini,Male,30,Canada,1,1
9989,Pirozzi,Male,30,USA,0,1
9990,McMillan,Male,28,Canada,1,1
9991,Nkemakonam,Male,33,UK,0,1
9992,Ajuluchukwu,Female,53,USA,0,1
9993,Chukwualuka,Male,36,Canada,0,1
9994,Rahman,Male,28,USA,0,1
9995,Wood,Female,29,USA,0,0
9996,Obijiaku,Male,39,USA,0,1
9997,Johnstone,Male,35,USA,1,1
9998,Liu,Female,36,USA,1,0
9999,Sabbatini,Male,42,UK,0,1
10000,Walker,Female,28,USA,0,1